team,year,player_name,dob,batting_style,bowling_style,first_class_team
Australia,1975,Alan Hurst,15 July 1950,Right-handed,Right-arm fast,Victoria
Australia,1975,Alan Turner,23 July 1950,Left-handed,,New South Wales
Australia,1975,Ashley Mallett,13 July 1945,Right-handed,Right-arm offbreak,South Australia
Australia,1975,Bruce Laird,21 November 1950,Right-handed,,Western Australia
Australia,1975,Dennis Lillee,18 July 1949,Right-handed,Right-arm fast,Western Australia
Australia,1975,Doug Walters,21 December 1945,Right-handed,Right-arm medium,New South Wales
Australia,1975,Gary Gilmour,26 June 1951,Left-handed,Left-arm fast-medium,New South Wales
Australia,1975,Greg Chappell (vc),7 August 1948,Right-handed,Right-arm medium,Queensland
Australia,1975,Ian Chappell (c),26 September 1943,Right-handed,Right-arm leg spin,South Australia
Australia,1975,Jeff Thomson,16 August 1950,Right-handed,Right-arm fast,Queensland
Australia,1975,Max Walker,12 September 1948,Right-handed,Right-arm fast-medium,Victoria
Australia,1975,Rick McCosker,11 December 1946,Right-handed,Right-arm legbreak,New South Wales
Australia,1975,Rod Marsh (wk),4 November 1947,Left-handed,Wicket-keeper,Western Australia
Australia,1975,Ross Edwards,1 December 1942,Right-handed,Wicket-keeper,Western Australia
East Africa,1975,Don Pringle,1 May 1932,Right-handed,Right-arm medium,Kenya
East Africa,1975,Frasat Ali,31 July 1949,Right-handed,Right-arm medium,Kenya
East Africa,1975,Hamish McLeod (wk),,Left-handed,Wicket-keeper,Zambia
East Africa,1975,Harilal Shah (c),14 April 1943,Right-handed,Right-arm medium,Kenya
East Africa,1975,Jawahir Shah,1942,Right-handed,,Kenya
East Africa,1975,John Nagenda,25 April 1938,Right-handed,Right-arm fast-medium,Uganda
East Africa,1975,Mehmood Quaraishy,4 February 1942,Right-handed,,Kenya
East Africa,1975,Parbhu Nana,17 August 1933,Right-handed,Left-arm orthodox spin,Zambia
East Africa,1975,Praful Mehta (wk),1941,Left-handed,Wicket-keeper,Tanzania
East Africa,1975,Ramesh Sethi,4 September 1941,Right-handed,Right-arm offbreak,Kenya
East Africa,1975,Samuel Walusimbi,1948,Right-handed,Left-arm medium,Uganda
East Africa,1975,Shiraz Sumar,1950,Right-handed,,Tanzania
East Africa,1975,Yunus Badat,1943,Right-handed,,Zambia
East Africa,1975,Zulfiqar Ali,1947,Right-handed,Right-arm medium,Kenya
England,1975,Alan Knott (wk),9 April 1946,Right-handed,Wicket-keeper,Kent
England,1975,Barry Wood,26 December 1942,Right-handed,Right-arm medium,Lancashire
England,1975,Bob Woolmer,14 May 1948,Right-handed,Right-arm medium,Kent
England,1975,Chris Old,22 December 1948,Left-handed,Right-arm fast-medium,Yorkshire
England,1975,Dennis Amiss,7 April 1943,Right-handed,,Warwickshire
England,1975,Derek Underwood,8 June 1945,Right-handed,Left-arm orthodox spin,Kent
England,1975,Frank Hayes,6 December 1946,Right-handed,Right-arm medium,Lancashire
England,1975,Geoff Arnold,3 September 1944,Right-handed,Right-arm fast-medium,Surrey
England,1975,John Jameson (wk),30 June 1941,Right-handed,Wicket-keeper,Warwickshire
England,1975,John Snow,13 October 1941,Right-handed,Right-arm fast-medium,Sussex
England,1975,Keith Fletcher,20 May 1944,Right-handed,Right-arm legbreak,Essex
England,1975,Mike Denness (c),1 December 1940,Right-handed,,Kent
England,1975,Peter Lever,17 September 1940,Right-handed,Right-arm fast-medium,Lancashire
England,1975,Tony Greig,6 October 1946,Right-handed,Right-arm medium,Sussex
India,1975,Anshuman Gaekwad,23 September 1952,Right-handed,Right-arm offbreak,Baroda
India,1975,Bishen Singh Bedi (vc),25 September 1946,Right-handed,Left-arm slow orthodox,Delhi
India,1975,Brijesh Patel,24 November 1952,Right-handed,Right-arm offbreak,Karnataka
India,1975,Eknath Solkar,19 March 1948,Left-handed,Left-arm slow orthodox,Bombay
India,1975,Farokh Engineer (wk),25 February 1938,Right-handed,Wicket-keeper,Bombay
India,1975,Gundappa Viswanath,12 February 1949,Right-handed,Right-arm legbreak,Karnataka
India,1975,Karsan Ghavri,28 February 1951,Left-handed,Left-arm medium,Bombay
India,1975,Madan Lal,20 March 1951,Right-handed,Right-arm medium,Delhi
India,1975,Mohinder Amarnath,24 September 1950,Right-handed,Right-arm medium,Delhi
India,1975,Parthasarathy Sharma,5 January 1948,Right-handed,Right-arm medium,Rajasthan
India,1975,Srinivasaraghavan Venkataraghavan (c),21 April 1945,Right-handed,Right-arm offbreak,Tamil Nadu
India,1975,Sunil Gavaskar,10 July 1949,Right-handed,Right-arm medium/offbreak,Bombay
India,1975,Syed Abid Ali,9 September 1941,Right-handed,Right-arm medium-fast,Hyderabad
India,1975,Syed Kirmani (wk),29 December 1949,Right-handed,Wicket-keeper,Karnataka
New Zealand,1975,Barry Hadlee,14 December 1941,Right-handed,,Canterbury
New Zealand,1975,Brian Hastings,23 March 1940,Right-handed,Right-arm legbreak googly,Canterbury
New Zealand,1975,Brian McKechnie,6 November 1953,Right-handed,Right-arm fast-medium,Otago
New Zealand,1975,David O'Sullivan,21 February 1951,Right-handed,Slow left-arm orthodox,Central Districts
New Zealand,1975,Dayle Hadlee,6 January 1948,Right-handed,Right-arm medium-fast,Canterbury
New Zealand,1975,Geoff Howarth,29 March 1951,Right-handed,Right-arm offbreak,Northern Districts
New Zealand,1975,Glenn Turner (c),26 May 1947,Right-handed,Right-arm offbreak,Otago
New Zealand,1975,Hedley Howarth,25 December 1943,Left-handed,Left-arm orthodox spin,Auckland
New Zealand,1975,John Morrison,27 August 1947,Right-handed,Left-arm orthodox spin,Wellington
New Zealand,1975,John Parker,21 February 1951,Right-handed,Right-arm legbreak,Northern Districts
New Zealand,1975,Ken Wadsworth (wk),30 November 1946,Right-handed,Wicket-keeper,Central Districts
New Zealand,1975,Lance Cairns,10 October 1949,Right-handed,Right-arm medium-fast,Otago
New Zealand,1975,Richard Collinge,2 April 1946,Right-handed,Left-arm medium-fast,Wellington
New Zealand,1975,Richard Hadlee,3 July 1951,Left-handed,Right-arm fast,Canterbury
Pakistan,1975,Asif Iqbal (c),6 July 1943,Right-handed,Right-arm medium,Karachi
Pakistan,1975,Asif Masood,23 January 1946,Right-handed,Right-arm medium-fast,PIA
Pakistan,1975,Imran Khan,5 October 1952,Right-handed,Right-arm fast,PIA
Pakistan,1975,Javed Miandad,12 June 1957,Right-handed,Right-arm legbreak,Habib Bank
Pakistan,1975,Majid Khan (vc),28 September 1946,Right-handed,Right-arm medium/offbreak,Rawalpindi
Pakistan,1975,Mushtaq Mohammad,22 November 1943,Right-handed,Right-arm legbreak,Karachi
Pakistan,1975,Naseer Malik,1 February 1950,Right-handed,Right-arm medium-fast,Karachi
Pakistan,1975,Pervez Mir,24 September 1953,Right-handed,Right-arm medium-fast,Lahore
Pakistan,1975,Sadiq Mohammad,3 May 1945,Left-handed,Right-arm legbreak,Karachi
Pakistan,1975,Sarfraz Nawaz,1 December 1948,Right-handed,Right-arm fast-medium,Lahore
Pakistan,1975,Shafiq Ahmed,28 March 1949,Right-handed,Right-arm fast-medium,Lahore
Pakistan,1975,Wasim Bari (wk),23 March 1948,Right-handed,Wicket-keeper,Karachi
Pakistan,1975,Wasim Raja,3 July 1952,Left-handed,Right-arm legbreak,Lahore
Pakistan,1975,Zaheer Abbas,24 July 1947,Right-handed,Right-arm offbreak,Karachi
Sri Lanka,1975,Ajit de Silva,12 December 1952,Left-handed,Left-arm orthodox spin,Bloomfield
Sri Lanka,1975,Anura Ranasinghe,13 October 1956,Right-handed,Left-arm orthodox spin,Burgher
Sri Lanka,1975,Anura Tennekoon (c),29 October 1946,Right-handed,Left-arm orthodox spin,Sinhalese SC
Sri Lanka,1975,Bandula Warnapura,1 March 1953,Right-handed,Right-arm medium,Bloomfield
Sri Lanka,1975,David Heyn,26 June 1945,Left-handed,Right-arm medium,Nondescripts
Sri Lanka,1975,Dennis Chanmugam,13 August 1948,Right-handed,Right-arm medium,Sinhalese SC
Sri Lanka,1975,Duleep Mendis,25 August 1952,Right-handed,,Sinhalese SC
Sri Lanka,1975,Lalith Kaluperuma,25 June 1949,Right-handed,Right-arm offbreak,Bloomfield
Sri Lanka,1975,Mevan Pieris,16 February 1946,Left-handed,Right-arm fast-medium,Sinhalese SC
Sri Lanka,1975,Michael Tissera,23 March 1939,Right-handed,Right-arm legbreak,Colombo CC
Sri Lanka,1975,Ranjit Fernando (wk),22 February 1944,Right-handed,Wicket-keeper,Nondescripts
Sri Lanka,1975,Somachandra de Silva,11 June 1942,Right-handed,Right-arm legbreak,Bloomfield
Sri Lanka,1975,Sunil Wettimuny,2 February 1949,Right-handed,Wicket-keeper,Sinhalese SC
Sri Lanka,1975,Tony Opatha,5 August 1947,Right-handed,Right-arm medium,Colombo CC
West Indies,1975,Alvin Kallicharran,21 March 1949,Left-handed,Right-arm offbreak,Guyana
West Indies,1975,Andy Roberts,29 January 1951,Right-handed,Right-arm fast,Leeward Islands
West Indies,1975,Bernard Julien,13 March 1950,Right-handed,Left-arm medium-fast,Trinidad & Tobago
West Indies,1975,Clive Lloyd (c),31 August 1944,Left-handed,Right-arm medium,Guyana
West Indies,1975,Collis King,11 June 1951,Right-handed,Right-arm medium,Barbados
West Indies,1975,Deryck Murray (wk),20 May 1943,Right-handed,Wicket-keeper,Trinidad & Tobago
West Indies,1975,Gordon Greenidge,1 May 1951,Right-handed,Right-arm medium,Barbados
West Indies,1975,Keith Boyce,11 October 1943,Right-handed,Right-arm fast-medium,Barbados
West Indies,1975,Lance Gibbs,29 September 1934,Right-handed,Right-arm offbreak,Guyana
West Indies,1975,Maurice Foster,9 May 1943,Right-handed,Right-arm offbreak,Jamaica
West Indies,1975,Rohan Kanhai,26 December 1935,Right-handed,Right-arm medium,Guyana
West Indies,1975,Roy Fredericks,11 November 1942,Left-handed,Slow left-arm wrist-spin,Guyana
West Indies,1975,Vanburn Holder,10 October 1945,Right-handed,Right-arm fast-medium,Barbados
West Indies,1975,Viv Richards,7 March 1952,Right-handed,Right-arm offbreak,Leeward Islands
Australia,1979,Alan Hurst,15 July 1950,Right-handed,Right-arm fast,Victoria
Australia,1979,Allan Border,27 July 1955,Left-handed,Left-arm orthodox spin,Queensland
Australia,1979,Andrew Hilditch,20 May 1956,Right-handed,Right-arm medium,South Australia
Australia,1979,Dav Whatmore,16 March 1954,Right-handed,,Victoria
Australia,1979,Gary Cosier,25 April 1953,Right-handed,Right-arm medium,South Australia
Australia,1979,Geoff Dymock,21 July 1945,Left-handed,Left-arm fast-medium,Queensland
Australia,1979,Graeme Porter,18 March 1955,Right-handed,Right hand medium,Western Australia
Australia,1979,Graham Yallop,7 October 1952,Left-handed,Left-arm medium,Victoria
Australia,1979,Jeff Moss,29 June 1947,Left-handed,,Victoria
Australia,1979,Kevin Wright (wk),27 December 1953,Right-handed,Wicket-keeper,Western Australia
Australia,1979,Kim Hughes (c),26 January 1954,Right-handed,Right-arm medium,Western Australia
Australia,1979,Rick Darling,1 May 1957,Right-handed,,South Australia
Australia,1979,Rodney Hogg,5 March 1951,Right-handed,Right hand fast,South Australia
Australia,1979,Trevor Laughlin,30 January 1951,Left-handed,Right-arm medium,Victoria
Canada,1979,Bryan Mauricette (c) (wk),4 September 1946,Right-handed,Wicket-keeper,Canada
Canada,1979,Cecil Marshall,13 September 1939,Right-handed,Right-arm medium,Canada
Canada,1979,Charles Baksh,15 March 1940,Right-handed,,Canada
Canada,1979,Christopher Chappell,17 July 1955,Right-handed,,Canada
Canada,1979,Cornelius Henry,16 September 1956,Right-handed,Right-arm medium,Canada
Canada,1979,Franklyn Dennis,26 September 1947,Right-handed,,Canada
Canada,1979,Garnet Brisbane,31 December 1938,Right-handed,Left-arm orthodox spin,Canada
Canada,1979,Glenroy Sealy,11 June 1940,Right-handed,Right-arm medium,Canada
Canada,1979,Jitendra Patel,26 November 1945,Left-handed,Left-arm orthodox spin,Canada
Canada,1979,John Valentine,20 September 1954,Left-handed,Left-arm medium,Canada
Canada,1979,John Vaughan,8 June 1945,Right-handed,Right-arm medium-fast,Canada
Canada,1979,Martin Stead,1 June 1958,Right-handed,Right-arm medium,Canada
Canada,1979,Robert Callender,2 November 1950,Right-handed,Right-arm medium-fast,Canada
Canada,1979,Tariq Javed,12 June 1949,Right-handed,Right-arm leg-break,Canada
England,1979,Bob Taylor (wk),17 July 1941,Right-handed,Wicket-keeper,Derbyshire
England,1979,Bob Willis,30 May 1949,Right-handed,Right-arm fast,Warwickshire
England,1979,Chris Old,22 December 1948,Left-handed,Right-arm fast-medium,Yorkshire
England,1979,David Gower,1 April 1957,Left-handed,Right-arm off-break,Leicestershire
England,1979,Derek Randall,24 February 1951,Right-handed,Right-arm medium,Nottinghamshire
England,1979,Geoff Miller,8 September 1952,Right-handed,Right-arm off-break,Derbyshire
England,1979,Geoffrey Boycott,21 October 1940,Right-handed,Right-arm medium,Yorkshire
England,1979,Graham Gooch,23 July 1953,Right-handed,Right-arm medium,Essex
England,1979,Ian Botham,24 November 1955,Right-handed,Right-arm fast-medium,Somerset
England,1979,Mike Brearley (c),28 April 1942,Right-handed,Wicket-keeper,Middlesex
England,1979,Mike Gatting,6 June 1957,Right-handed,Right-arm medium,Middlesex
England,1979,Mike Hendrick,22 October 1948,Right-handed,Right-arm fast-medium,Derbyshire
England,1979,Phil Edmonds,8 March 1951,Right-handed,Left-arm orthodox spin,Middlesex
England,1979,Wayne Larkins,22 November 1953,Right-handed,Right-arm medium,Northamptonshire
India,1979,Anshuman Gaekwad,23 September 1952,Right-handed,Right-arm offbreak,Baroda
India,1979,Bharath Reddy,12 November 1954,Right-handed,Wicket-keeper,Tamil Nadu
India,1979,Bishan Singh Bedi,25 September 1946,Right-handed,Left-arm slow orthodox,Delhi
India,1979,Brijesh Patel,24 November 1952,Right-handed,Right-arm offbreak,Karnataka
India,1979,Dilip Vengsarkar,6 April 1956,Right-handed,Right-arm medium,Bombay
India,1979,Gundappa Viswanath,12 February 1949,Right-handed,Right-arm legbreak,Karnataka
India,1979,Kapil Dev,6 January 1959,Right-handed,Right-arm fast-medium,Haryana
India,1979,Karsan Ghavri,28 February 1951,Left-handed,Left-arm medium,Bombay
India,1979,Mohinder Amarnath,24 September 1950,Right-handed,Right-arm medium,Delhi
India,1979,Srinivasaraghavan Venkataraghavan (c),21 April 1945,Right-handed,Right-arm offbreak,Tamil Nadu
India,1979,Sunil Gavaskar (vc),10 July 1949,Right-handed,Right-arm medium/offbreak,Bombay
India,1979,Surinder Khanna (wk),3 June 1956,Right-handed,Wicket-keeper,Delhi
India,1979,Yajurvindra Singh,1 August 1952,Right-handed,Right-arm medium,Maharashtra
India,1979,Yashpal Sharma,11 August 1954,Right-handed,Right-arm medium,Punjab
New Zealand,1979,Brian McKechnie,6 November 1953,Right-handed,Right-arm fast-medium,Otago
New Zealand,1979,Bruce Edgar,23 November 1956,Left-handed,Wicket-keeper,Wellington
New Zealand,1979,Ewen Chatfield,3 July 1950,Right-handed,Right-arm medium-fast,Wellington
New Zealand,1979,Gary Troup,3 October 1952,Right-handed,Left-arm fast-medium,Auckland
New Zealand,1979,Geoff Howarth,29 March 1951,Right-handed,Right-arm offbreak,Auckland
New Zealand,1979,Glenn Turner,26 May 1947,Right-handed,Right-arm offbreak,Otago
New Zealand,1979,Jeremy Coney,21 June 1952,Right-handed,Right-arm medium,Wellington
New Zealand,1979,John Morrison,27 August 1947,Right-handed,Left-arm orthodox spin,Wellington
New Zealand,1979,John Wright,5 July 1954,Left-handed,Right-arm medium,Northern Districts
New Zealand,1979,Lance Cairns,10 October 1949,Right-handed,Right-arm medium-fast,Otago
New Zealand,1979,Mark Burgess (c),17 July 1944,Right-handed,Right-arm off-break,Auckland
New Zealand,1979,Richard Hadlee,3 July 1951,Left-handed,Right-arm fast,Canterbury
New Zealand,1979,Warren Lees (wk),19 March 1952,Right-handed,Wicket-keeper,Otago
New Zealand,1979,Warren Stott,8 December 1946,Right-handed,Right-arm medium,Auckland
Pakistan,1979,Asif Iqbal (c),6 June 1943,Right-handed,Right-arm medium,Karachi
Pakistan,1979,Haroon Rashid,25 March 1953,Right-handed,Right-arm medium,Karachi
Pakistan,1979,Hasan Jamil,25 July 1952,Left-handed,Left-arm medium,PIA
Pakistan,1979,Imran Khan,25 November 1952,Right-handed,Right-arm fast,PIA
Pakistan,1979,Iqbal Qasim,6 August 1953,Left-handed,Left-arm orthodox spin,Karachi
Pakistan,1979,Javed Miandad,12 June 1957,Right-handed,Right-arm legbreak,Habib Bank
Pakistan,1979,Majid Khan,28 September 1946,Right-handed,Right-arm medium/offbreak,Rawalpindi
Pakistan,1979,Mudassar Nazar,6 April 1956,Right-handed,Right-arm medium,Lahore
Pakistan,1979,Sadiq Mohammad,3 May 1945,Left-handed,Right-arm legbreak,Karachi
Pakistan,1979,Sarfraz Nawaz,1 December 1948,Right-handed,Right-arm fast-medium,Lahore
Pakistan,1979,Sikander Bakht,25 August 1957,Right-handed,Right-arm medium-fast,Karachi
Pakistan,1979,Wasim Bari (wk),23 March 1948,Right-handed,Wicket-keeper,Karachi
Pakistan,1979,Wasim Raja,3 July 1952,Left-handed,Right-arm legbreak,Lahore
Pakistan,1979,Zaheer Abbas,24 July 1947,Right-handed,Right-arm offbreak,Karachi
Sri Lanka,1979,Ajit de Silva,12 December 1952,Left-handed,Left-arm orthodox spin,BCAC
Sri Lanka,1979,Anura Tennekoon (c),29 October 1946,Right-handed,Left-arm orthodox spin,SSC
Sri Lanka,1979,Bandula Warnapura (vc),1 March 1953,Right-handed,Right-arm medium,BCAC
Sri Lanka,1979,Duleep Mendis,25 August 1952,Right-handed,,SSC
Sri Lanka,1979,Ranjan Gunatilleke,15 August 1951,Right-handed,Right-arm medium,
Sri Lanka,1979,Ranjan Madugalle,22 April 1959,Right-handed,Right-arm offbreak,FFCC
Sri Lanka,1979,Rohan Jayasekara,7 December 1957,Right-handed,Wicket-keeper,
Sri Lanka,1979,Roy Dias,18 October 1952,Right-handed,Right-arm offbreak,CCC
Sri Lanka,1979,Somachandra de Silva,11 June 1942,Right-handed,Right-arm legbreak,BCAC
Sri Lanka,1979,Stanley de Silva,17 November 1956,Right-handed,Right-arm fast-medium,
Sri Lanka,1979,Sudath Pasqual,16 October 1961,Left-handed,Right-arm medium,RCC
Sri Lanka,1979,Sunil Jayasinghe (wk),15 July 1955,Right-handed,,BCAC
Sri Lanka,1979,Sunil Wettimuny,2 February 1949,Right-handed,Wicket-keeper,SSC
Sri Lanka,1979,Tony Opatha,5 August 1947,Right-handed,Right-arm medium,CCC
West Indies,1979,Alvin Kallicharran,21 March 1949,Left-handed,Right-arm offbreak,Guyana
West Indies,1979,Andy Roberts,29 January 1951,Right-handed,Right-arm fast,Leeward Islands
West Indies,1979,Clive Lloyd (c),31 August 1944,Left-handed,Right-arm medium,Guyana
West Indies,1979,Colin Croft,15 March 1953,Right-handed,Right-arm fast,Guyana
West Indies,1979,Collis King,11 June 1951,Right-handed,Right-arm medium,Barbados
West Indies,1979,Deryck Murray (wk),20 May 1943,Right-handed,Legbreak,Trinidad and Tobago
West Indies,1979,Desmond Haynes,15 February 1956,Right-handed,Right-arm legbreak/medium pace,Barbados
West Indies,1979,Faoud Bacchus,31 January 1954,Right-handed,Right-arm medium,Guyana
West Indies,1979,Gordon Greenidge,1 May 1951,Right-handed,Right-arm medium/offbreak,Barbados
West Indies,1979,Joel Garner,16 December 1952,Right-handed,Right-arm fast,Barbados
West Indies,1979,Larry Gomes,13 July 1953,Left-handed,Right-arm offbreak,Trinidad and Tobago
West Indies,1979,Malcolm Marshall,18 April 1958,Right-handed,Right-arm fast,Barbados
West Indies,1979,Michael Holding,16 February 1954,Right-handed,Right-arm fast,Jamaica
West Indies,1979,Viv Richards,7 March 1952,Right-handed,Right-arm medium/offbreak,Leeward Islands
Australia,1983,Allan Border,27 July 1955,Left-handed,Left-arm orthodox spin,Queensland
Australia,1983,David Hookes,3 May 1955,Left-handed,,South Australia
Australia,1983,Dennis Lillee,18 July 1949,Right-handed,Right-arm fast,Western Australia
Australia,1983,Geoff Lawson,7 December 1957,Right-handed,Right-arm fast,New South Wales
Australia,1983,Graeme Wood,6 November 1956,Left-handed,Right-arm medium,Western Australia
Australia,1983,Graham Yallop,7 October 1952,Left-handed,Left-arm medium,Victoria
Australia,1983,Jeff Thomson,16 August 1950,Right-handed,Right-arm fast,Queensland
Australia,1983,Ken MacLeay,2 April 1959,Right-handed,Right-arm medium,Western Australia
Australia,1983,Kepler Wessels,14 September 1957,Left-handed,Right-arm off-break,Queensland
Australia,1983,Kim Hughes (c),26 January 1954,Right-handed,Right-arm medium,Western Australia
Australia,1983,Rod Marsh (wk),4 November 1947,Left-handed,Wicket-keeper,Western Australia
Australia,1983,Rodney Hogg,5 March 1951,Right-handed,Right-arm fast,South Australia
Australia,1983,Tom Hogan,23 September 1956,Right-handed,Slow left-arm orthodox,Western Australia
Australia,1983,Trevor Chappell,12 October 1952,Right-handed,Right-arm medium,New South Wales
England,1983,Allan Lamb,20 June 1954,Right-handed,Right-arm medium,Northamptonshire
England,1983,Bob Willis (c),30 May 1949,Right-handed,Right-arm fast,Warwickshire
England,1983,Chris Tavare,27 October 1954,Right-handed,Right-arm off-break,Kent
England,1983,David Gower,1 April 1957,Left-handed,Right-arm off-break,Leicestershire
England,1983,Derek Randall,24 February 1951,Right-handed,Right-arm medium,Nottinghamshire
England,1983,Graeme Fowler,20 April 1957,Left-handed,Right-arm medium,Lancashire
England,1983,Graham Dilley,18 May 1959,Left-handed,Right-arm fast,Kent
England,1983,Ian Botham,24 November 1955,Right-handed,Right-arm fast-medium,Somerset
England,1983,Ian Gould (wk),19 August 1957,Left-handed,Wicket-keeper,Sussex
England,1983,Mike Gatting,6 June 1957,Right-handed,Right-arm medium,Middlesex
England,1983,Norman Cowans,17 April 1961,Right-handed,Right-arm fast,Middlesex
England,1983,Paul Allott,14 September 1956,Right-handed,Right-arm fast-medium,Lancashire
England,1983,Trevor Jesty,2 June 1948,Right-handed,Right-arm medium,Hampshire
England,1983,Vic Marks,25 June 1955,Right-handed,Right-arm off-break,Somerset
India,1983,Balwinder Sandhu,3 August 1956,Right-handed,Right-arm medium-fast,Mumbai
India,1983,Dilip Vengsarkar,6 April 1956,Right-handed,Right-arm medium,Mumbai
India,1983,Kapil Dev (c),6 January 1959,Right-handed,Right-arm fast-medium,Haryana
India,1983,Kirti Azad,2 January 1959,Right-handed,Right-arm off-spinner,Delhi
India,1983,Krishnamachari Srikkanth,21 December 1959,Right-handed,Right-arm medium/off-break,Tamil Nadu
India,1983,Madan Lal,20 March 1951,Right-handed,Right-arm medium,Delhi
India,1983,Mohinder Amarnath (vc),24 September 1950,Right-handed,Right-arm medium,Delhi
India,1983,Ravi Shastri,27 May 1962,Right-handed,Slow left-arm orthodox,Mumbai
India,1983,Roger Binny,19 July 1955,Right-handed,Right-arm fast-medium,Karnataka
India,1983,Sandeep Patil,18 August 1956,Right-handed,Right-arm medium,Mumbai
India,1983,Sunil Gavaskar,10 July 1949,Right-handed,Right-arm medium/off-break,Mumbai
India,1983,Sunil Valson,2 October 1958,Right-handed,Left-arm medium,Delhi
India,1983,Syed Kirmani (wk),29 December 1949,Right-handed,Wicket-keeper,Karnataka
India,1983,Yashpal Sharma,11 August 1954,Right-handed,Right-arm medium,Punjab
New Zealand,1983,Bruce Edgar,23 November 1956,Left-handed,Wicket-keeper,Wellington
New Zealand,1983,Ewen Chatfield,3 July 1950,Right-handed,Right-arm medium-fast,Wellington
New Zealand,1983,Geoff Howarth (c),29 March 1951,Right-handed,Right-arm offbreak,Auckland
New Zealand,1983,Glenn Turner,26 May 1947,Right-handed,Right-arm offbreak,Otago
New Zealand,1983,Ian Smith (wk),28 February 1957,Right-handed,Wicket-keeper,Central Districts
New Zealand,1983,Jeff Crowe,14 September 1958,Right-handed,Right-arm medium pace,Auckland
New Zealand,1983,Jeremy Coney,21 June 1952,Right-handed,Right-arm medium,Wellington
New Zealand,1983,John Bracewell,15 April 1958,Right-handed,Right-arm off-break,Auckland
New Zealand,1983,John Wright,5 July 1954,Left-handed,Right-arm medium,Northern Districts
New Zealand,1983,Lance Cairns,10 October 1949,Right-handed,Right-arm medium-fast,Otago
New Zealand,1983,Martin Crowe,22 September 1962,Right-handed,Right-arm medium,Central Districts
New Zealand,1983,Martin Snedden,23 November 1958,Left-handed,Right-arm medium-fast,Auckland
New Zealand,1983,Richard Hadlee,3 July 1951,Left-handed,Right-arm fast,Canterbury
New Zealand,1983,Warren Lees (wk),19 March 1952,Right-handed,Wicket-keeper,Otago
Pakistan,1983,Abdul Qadir,15 September 1955,Right-handed,Right-arm leg spin,Habib Bank
Pakistan,1983,Ijaz Faqih,24 March 1956,Right-handed,Right-arm offbreak,MCB
Pakistan,1983,Imran Khan (c),25 November 1952,Right-handed,Right-arm fast,PIA
Pakistan,1983,Javed Miandad,12 June 1957,Right-handed,Right-arm leg-break,Habib Bank
Pakistan,1983,Mansoor Akhtar,6 September 1962,Right-handed,Right-arm offspin,United Bank
Pakistan,1983,Mohsin Khan,15 March 1955,Right-handed,Right-arm medium pace,Habib Bank
Pakistan,1983,Mudassar Nazar,6 April 1956,Right-handed,Right-arm medium,Lahore
Pakistan,1983,Rashid Khan,15 December 1959,Right-handed,Right-arm fast-medium,PIA
Pakistan,1983,Sarfraz Nawaz,1 December 1948,Right-handed,Right-arm fast-medium,Lahore
Pakistan,1983,Shahid Mahboob,25 August 1962,Right-handed,Right-arm fast-medium,Karachi
Pakistan,1983,Tahir Naqqash,6 June 1959,Right-handed,Right-arm fast-medium,Lahore
Pakistan,1983,Wasim Bari (wk),23 March 1948,Right-handed,Wicket-keeper,Karachi
Pakistan,1983,Wasim Raja,3 July 1952,Left-handed,Right-arm leg-break,Lahore
Pakistan,1983,Zaheer Abbas,24 July 1947,Right-handed,Right-arm offbreak,Karachi
Sri Lanka,1983,Arjuna Ranatunga,1 December 1963,Left-handed,Right-arm medium,SCC
Sri Lanka,1983,Ashantha de Mel,9 May 1959,Right-handed,Right-arm medium-fast,
Sri Lanka,1983,Athula Samarasekera,5 August 1961,Right-handed,Right-arm medium,CCC
Sri Lanka,1983,Brendon Kuruppu,5 January 1962,Right-handed,Wicket-keeper,BRC
Sri Lanka,1983,Duleep Mendis (c),25 August 1952,Right-handed,,SSC
Sri Lanka,1983,Granville de Silva,12 March 1955,Right-handed,Right-arm medium,
Sri Lanka,1983,Guy de Alwis (wk),15 February 1959,Right-handed,Wicket-keeper,SSC
Sri Lanka,1983,Ranjan Madugalle,22 April 1959,Right-handed,Right-arm off-break,NCC
Sri Lanka,1983,Roy Dias,18 October 1952,Right-handed,Right-arm off-break,CCC
Sri Lanka,1983,Rumesh Ratnayake,2 January 1964,Right-handed,Right-arm fast-medium,NCC
Sri Lanka,1983,Sidath Wettimuny,12 August 1956,Right-handed,Right-arm medium,
Sri Lanka,1983,Somachandra de Silva,11 June 1942,Right-handed,Right-arm leg-break,BCAC
Sri Lanka,1983,Susil Fernando,19 December 1955,Right-handed,,SLAFSC
Sri Lanka,1983,Vinothen John,27 May 1960,Right-handed,Right-arm medium-fast,SCC
West Indies,1983,Andy Roberts,29 January 1951,Right-handed,Right-arm fast,Leeward Islands
West Indies,1983,Clive Lloyd (c),31 August 1944,Left-handed,Right-arm medium,Guyana
West Indies,1983,Desmond Haynes,15 February 1956,Right-handed,Right-arm leg-break/medium pace,Barbados
West Indies,1983,Faoud Bacchus,31 January 1954,Right-handed,Right-arm medium,Guyana
West Indies,1983,Gordon Greenidge,1 May 1951,Right-handed,Right-arm medium/offbreak,Barbados
West Indies,1983,Gus Logie,28 September 1960,Right-handed,Right-arm off-break,Trinidad and Tobago
West Indies,1983,Jeff Dujon (wk),28 May 1956,Right-handed,Wicket-keeper,Jamaica
West Indies,1983,Joel Garner,16 December 1952,Right-handed,Right-arm fast,Barbados
West Indies,1983,Larry Gomes,13 July 1953,Left-handed,Right-arm offbreak,Trinidad and Tobago
West Indies,1983,Malcolm Marshall,18 April 1958,Right-handed,Right-arm fast,Barbados
West Indies,1983,Michael Holding,16 February 1954,Right-handed,Right-arm fast,Jamaica
West Indies,1983,Viv Richards,7 March 1952,Right-handed,Right-arm medium/offbreak,Leeward Islands
West Indies,1983,Wayne Daniel,16 January 1956,Right-handed,Right-arm fast,Barbados
West Indies,1983,Winston Davis,18 September 1958,Right-handed,Right-arm fast,Windward Islands
Zimbabwe,1983,Ali Shah,7 August 1959,Left-handed,Right-arm medium,
Zimbabwe,1983,Andrew Pycroft,6 June 1956,Right-handed,Right-arm offbreak,
Zimbabwe,1983,David Houghton (wk),23 June 1957,Right-handed,Right-arm off-break,
Zimbabwe,1983,Duncan Fletcher (c),27 September 1948,Left-handed,Right-arm fast-medium,
Zimbabwe,1983,Gerald Peckover,2 June 1955,Right-handed,,
Zimbabwe,1983,Graeme Hick,23 May 1966,Right-handed,Right-arm off-break,
Zimbabwe,1983,Grant Paterson,9 June 1960,Right-handed,Right-arm off-spin,
Zimbabwe,1983,Iain Butchart,9 May 1960,Right-handed,Right-arm medium,
Zimbabwe,1983,Jack Heron,8 November 1948,Right-handed,Right-arm medium,
Zimbabwe,1983,John Traicos,17 May 1947,Right-handed,Right-arm off-spin,
Zimbabwe,1983,Kevin Curran,7 September 1959,Right-handed,Right-arm fast-medium,
Zimbabwe,1983,Peter Rawson,25 May 1957,Right-handed,Right-arm medium-fast,
Zimbabwe,1983,Robin Brown,11 March 1951,Right-handed,Right-arm medium,
Zimbabwe,1983,Vince Hogg,3 July 1952,Right-handed,Right-arm medium-fast,
Australia,1987,Allan Border (c),27 July 1955,Left-handed,Left-arm orthodox spin,Queensland
Australia,1987,Andrew Zesers,11 March 1967,Right-handed,Right-arm medium-fast,South Australia
Australia,1987,Bruce Reid,14 March 1963,Left-handed,Left-arm fast-medium,Western Australia
Australia,1987,Craig McDermott,14 April 1965,Right-handed,Right-arm fast,Queensland
Australia,1987,David Boon,29 December 1960,Right-handed,Right-arm off-break,Tasmania
Australia,1987,Dean Jones,24 March 1961,Right-handed,Right-arm off-break,Victoria
Australia,1987,Geoff Marsh,31 December 1958,Right-handed,Right-arm off-break,Western Australia
Australia,1987,Greg Dyer (wk),16 March 1959,Right-handed,Wicket-keeper,New South Wales
Australia,1987,Mike Veletta,30 October 1963,Right-handed,,Western Australia
Australia,1987,Peter Taylor,22 August 1956,Left-handed,Right-arm offbreak,New South Wales
Australia,1987,Simon O'Donnell,26 January 1963,Right-handed,Right-arm fast-medium,Victoria
Australia,1987,Steve Waugh,2 June 1965,Right-handed,Right-arm medium,New South Wales
Australia,1987,Tim May,26 January 1962,Right-handed,Right-arm offbreak,South Australia
Australia,1987,Tom Moody,2 October 1965,Right-handed,Right-arm medium,Western Australia
England,1987,Allan Lamb,20 June 1954,Right-handed,Right-arm medium,Northamptonshire
England,1987,Bill Athey,27 September 1957,Right-handed,Right-arm medium,Gloucestershire
England,1987,Chris Broad,29 September 1957,Left-handed,Right-arm medium,Nottinghamshire
England,1987,Derek Pringle,18 September 1958,Right-handed,Right-arm medium,Essex
England,1987,Eddie Hemmings,20 February 1949,Right-handed,Right-arm offbreak,Nottinghamshire
England,1987,Gladstone Small,18 October 1961,Right-handed,Right-arm fast-medium,Warwickshire
England,1987,Graham Gooch,23 July 1953,Right-handed,Right-arm medium,Essex
England,1987,John Emburey,20 August 1952,Right-handed,Right-arm off-break,Middlesex
England,1987,Mike Gatting (c),6 June 1957,Right-handed,Right-arm medium,Middlesex
England,1987,Neil Foster,6 May 1962,Right-handed,Right-arm fast-medium,Essex
England,1987,Paul Downton (wk),4 April 1957,Right-handed,Wicket-keeper,Middlesex
England,1987,Phillip DeFreitas,18 February 1966,Right-handed,Right-arm fast-medium,Leicestershire
England,1987,Tim Robinson,21 November 1958,Right-handed,Right-arm medium,Nottinghamshire
India,1987,Chandrakant Pandit,30 September 1961,Right-handed,Wicket-keeper,Bombay
India,1987,Chetan Sharma,3 January 1966,Right-handed,Right-arm fast-medium,Haryana
India,1987,Dilip Vengsarkar (vc),6 April 1956,Right-handed,Right-arm medium,Bombay
India,1987,Kapil Dev (c),6 January 1959,Right-handed,Right-arm fast-medium,Haryana
India,1987,Kiran More (wk),4 September 1962,Right-handed,Right-arm leg spin/Wicket-keeper,Baroda
India,1987,Krishnamachari Srikkanth,21 December 1959,Right-handed,Right-arm medium/off-break,Tamil Nadu
India,1987,Laxman Sivaramakrishnan,31 December 1965,Right-handed,Right-arm leg-break/googly,Tamil Nadu
India,1987,Maninder Singh,13 June 1965,Right-handed,Slow left-arm orthodox,Delhi
India,1987,Manoj Prabhakar,15 April 1963,Right-handed,Right-arm medium pace,Delhi
India,1987,Mohammad Azharuddin,8 February 1963,Right-handed,Right-arm medium,Hyderabad
India,1987,Navjot Singh Sidhu,20 October 1963,Right-handed,Right-arm medium,Punjab
India,1987,Ravi Shastri,27 May 1962,Right-handed,Slow left-arm orthodox,Bombay
India,1987,Roger Binny,19 July 1955,Right-handed,Right-arm fast-medium,Karnataka
India,1987,Sunil Gavaskar,10 July 1949,Right-handed,Right-arm medium/off-break,Bombay
New Zealand,1987,Andrew Jones,9 May 1959,Right-handed,Right-arm off-break,Wellington
New Zealand,1987,Danny Morrison,3 February 1966,Right-handed,Right-arm fast-medium,Auckland
New Zealand,1987,Dipak Patel,25 October 1958,Right-handed,Right-arm off-break,Auckland
New Zealand,1987,Ewen Chatfield,3 July 1950,Right-handed,Right-arm medium-fast,Wellington
New Zealand,1987,Ian Smith (wk),28 February 1957,Right-handed,Wicket-keeper,Auckland
New Zealand,1987,Jeff Crowe (c),14 September 1958,Right-handed,Right-arm medium pace,Auckland
New Zealand,1987,John Bracewell,15 April 1958,Right-handed,Right-arm off-break,Auckland
New Zealand,1987,John Wright,5 July 1954,Left-handed,Right-arm medium,Northern Districts
New Zealand,1987,Ken Rutherford,26 October 1965,Right-handed,Right-arm medium,Otago
New Zealand,1987,Martin Crowe,22 September 1962,Right-handed,Right-arm medium,Central Districts
New Zealand,1987,Martin Snedden,23 November 1958,Left-handed,Right-arm medium-fast,Auckland
New Zealand,1987,Phil Horne,21 January 1960,Left-handed,,Auckland
New Zealand,1987,Stephen Boock,20 September 1951,Right-handed,Slow left-arm orthodox,Otago
New Zealand,1987,Willie Watson,31 August 1965,Right-handed,Right-arm fast-medium,Auckland
Pakistan,1987,Abdul Qadir,15 September 1955,Right-handed,Right-arm leg spin,Habib Bank
Pakistan,1987,Ijaz Ahmed,20 September 1968,Right-handed,Left-arm medium,Habib Bank
Pakistan,1987,Imran Khan (c),5 October 1952,Right-handed,Right-arm fast,Sussex
Pakistan,1987,Javed Miandad,12 June 1957,Right-handed,Right-arm leg-break,Habib Bank
Pakistan,1987,Mansoor Akhtar,6 September 1962,Right-handed,Right-arm offspin,PAC
Pakistan,1987,Manzoor Elahi,15 April 1963,Right-handed,Right-arm fast-medium,Multan
Pakistan,1987,Mudassar Nazar,6 April 1956,Right-handed,Right-arm medium,Lahore
Pakistan,1987,Rameez Raja,14 August 1962,Right-handed,Right-arm leg-break,Lahore
Pakistan,1987,Saleem Jaffar,19 November 1962,Right-handed,Left-arm fast-medium,Karachi
Pakistan,1987,Saleem Malik,16 April 1963,Right-handed,Right-arm off-break/slow-medium,Lahore
Pakistan,1987,Saleem Yousuf (wk),7 December 1959,Right-handed,Wicket-keeper,Karachi
Pakistan,1987,Shoaib Mohammad,8 January 1961,Right-handed,Right-arm offbreak,Karachi
Pakistan,1987,Tauseef Ahmed,10 May 1958,Right-handed,Right-arm offbreak,Karachi
Pakistan,1987,Wasim Akram,3 June 1966,Left-handed,Left-arm fast,Lahore
Sri Lanka,1987,Aravinda de Silva,17 October 1965,Right-handed,Right-arm offbreak,Nondescripts
Sri Lanka,1987,Arjuna Ranatunga,1 December 1963,Left-handed,Right-arm medium,Sinhalese CC
Sri Lanka,1987,Asanka Gurusinha,16 September 1966,Left-handed,Right-arm medium,Nondescripts
Sri Lanka,1987,Ashantha de Mel,9 May 1959,Right-handed,Right-arm medium-fast,
Sri Lanka,1987,Brendon Kuruppu (wk),5 January 1962,Right-handed,Wicket-keeper,Burgher RC
Sri Lanka,1987,Don Anurasiri,25 February 1966,Right-handed,Slow left-arm orthodox,Panadura SC
Sri Lanka,1987,Duleep Mendis (c),25 August 1952,Right-handed,,Sinhalese SC
Sri Lanka,1987,Ranjan Madugalle,22 April 1959,Right-handed,Right-arm off-break,Nondescripts
Sri Lanka,1987,Ravi Ratnayeke,2 May 1960,Left-handed,Right-arm fast-medium,Colombo CC
Sri Lanka,1987,Roshan Mahanama,31 May 1966,Right-handed,,Colombo CC
Sri Lanka,1987,Roy Dias,18 October 1952,Right-handed,Right-arm off-break,Colombo CC
Sri Lanka,1987,Rumesh Ratnayake,2 January 1964,Right-handed,Right-arm fast-medium,Nondescripts
Sri Lanka,1987,Sridharan Jeganathan,11 July 1951,Right-handed,Slow left-arm orthodox,Nondescripts
Sri Lanka,1987,Vinothen John,27 May 1960,Right-handed,Right-arm medium-fast,Moratuwa CC
West Indies,1987,Carl Hooper,15 December 1966,Right-handed,Right-arm offbreak,Guyana
West Indies,1987,Carlisle Best,14 May 1959,Right-handed,Right-arm off-break/medium pace,Barbados
West Indies,1987,Courtney Walsh,30 October 1962,Right-handed,Right-arm fast,Jamaica
West Indies,1987,Desmond Haynes,15 February 1956,Right-handed,Right-arm leg-break/medium pace,Barbados
West Indies,1987,Eldine Baptiste,12 March 1960,Right-handed,Right-arm fast-medium,Leeward Islands
West Indies,1987,Gus Logie,28 September 1960,Right-handed,Right-arm off-break,Trinidad and Tobago
West Indies,1987,Jeff Dujon (wk),28 May 1956,Right-handed,Wicket-keeper,Jamaica
West Indies,1987,Patrick Patterson,15 September 1961,Right-handed,Right-arm fast,Jamaica
West Indies,1987,Phil Simmons,18 April 1963,Right-handed,Right-arm medium,Trinidad and Tobago
West Indies,1987,Richie Richardson,12 January 1962,Right-handed,Right-arm medium pace,Leeward Islands
West Indies,1987,Roger Harper,17 March 1963,Right-handed,Right-arm offbreak,Guyana
West Indies,1987,Viv Richards (c),7 March 1952,Right-handed,Right-arm medium/offbreak,Leeward Islands
West Indies,1987,Winston Benjamin,31 December 1964,Right-handed,Right-arm fast,Leeward Islands
Zimbabwe,1987,Ali Shah,7 August 1959,Left-handed,Right-arm medium,
Zimbabwe,1987,Andrew Pycroft,6 June 1956,Right-handed,Right-arm offbreak,
Zimbabwe,1987,Andy Waller,25 September 1959,Right-handed,Right-arm medium,
Zimbabwe,1987,Babu Meman,26 June 1952,Right-handed,Right-arm offbreak,
Zimbabwe,1987,David Houghton (wk),23 June 1957,Right-handed,Right-arm off-break,
Zimbabwe,1987,Eddo Brandes,5 March 1963,Right-handed,Right-arm fast,
Zimbabwe,1987,Grant Paterson,9 June 1960,Right-handed,Right-arm off-spin,
Zimbabwe,1987,Iain Butchart,9 May 1960,Right-handed,Right-arm medium,
Zimbabwe,1987,John Traicos (c),17 May 1947,Right-handed,Right-arm off-spin,
Zimbabwe,1987,Kevin Arnott,8 March 1961,Right-handed,,
Zimbabwe,1987,Kevin Curran,7 September 1959,Right-handed,Right-arm fast-medium,
Zimbabwe,1987,Malcolm Jarvis,6 December 1955,Right-handed,Left-arm medium-fast,
Zimbabwe,1987,Peter Rawson,25 May 1957,Right-handed,Right-arm medium-fast,
Zimbabwe,1987,Robin Brown,11 March 1951,Right-handed,Right-arm medium,
Australia,1992,Allan Border (c),27 July 1955,Left-handed,Left-arm orthodox spin,Queensland
Australia,1992,Bruce Reid,14 March 1963,Left-handed,Left-arm fast-medium,Western Australia
Australia,1992,Craig McDermott,14 April 1965,Right-handed,Right-arm fast,Queensland
Australia,1992,David Boon,29 December 1960,Right-handed,Right-arm off-break,Tasmania
Australia,1992,Dean Jones,24 March 1961,Right-handed,Right-arm off-break,Victoria
Australia,1992,Geoff Marsh,31 December 1958,Right-handed,Right-arm off-break,Western Australia
Australia,1992,Ian Healy (wk),30 April 1964,Right-handed,Wicket-keeper,Queensland
Australia,1992,Mark Taylor,27 October 1964,Left-handed,Right-arm medium,New South Wales
Australia,1992,Mark Waugh,2 June 1965,Right-handed,Right-arm medium/off-break,New South Wales
Australia,1992,Merv Hughes,23 November 1961,Right-handed,Right-arm fast,Victoria
Australia,1992,Mike Whitney,24 February 1959,Right-handed,Left-arm fast,New South Wales
Australia,1992,Peter Taylor,22 August 1956,Left-handed,Right-arm offbreak,Queensland
Australia,1992,Steve Waugh,2 June 1965,Right-handed,Right-arm medium,New South Wales
Australia,1992,Tom Moody,2 October 1965,Right-handed,Right-arm medium,Western Australia
England,1992,Alec Stewart (wk),8 April 1963,Right-handed,Right-arm medium,Surrey
England,1992,Allan Lamb,20 June 1954,Right-handed,Right-arm medium,Northamptonshire
England,1992,Chris Lewis,14 February 1968,Right-handed,Right-arm fast-medium,Nottinghamshire
England,1992,Derek Pringle,18 September 1958,Right-handed,Right-arm medium,Essex
England,1992,Dermot Reeve,2 April 1963,Right-handed,Right-arm medium,Warwickshire
England,1992,Gladstone Small,18 October 1961,Right-handed,Right-arm fast-medium,Warwickshire
England,1992,Graeme Hick,23 May 1966,Right-handed,Right-arm off-break,Worcestershire
England,1992,Graham Gooch (c),23 July 1953,Right-handed,Right-arm medium,Essex
England,1992,Ian Botham,24 November 1955,Right-handed,Right-arm fast-medium,Durham
England,1992,Neil Fairbrother,9 September 1963,Left-handed,Left-arm medium,Lancashire
England,1992,Phil Tufnell,29 April 1966,Right-handed,Slow left-arm orthodox,Middlesex
England,1992,Phillip DeFreitas,18 February 1966,Right-handed,Right-arm fast-medium,Lancashire
England,1992,Richard Illingworth,23 August 1963,Right-handed,Slow left-arm orthodox,Worcestershire
England,1992,Robin Smith,13 September 1963,Right-handed,Right-arm leg-break,Hampshire
India,1992,Ajay Jadeja,1 February 1971,Right-handed,Right-arm medium,Haryana
India,1992,Javagal Srinath,31 August 1969,Right-handed,Right-arm fast,Karnataka
India,1992,Kapil Dev,6 January 1959,Right-handed,Right-arm fast-medium,Haryana
India,1992,Kiran More (wk),4 September 1962,Right-handed,Wicket-keeper,Baroda
India,1992,Krishnamachari Srikkanth,21 December 1959,Right-handed,Right-arm medium/offbreak,Tamil Nadu
India,1992,Manoj Prabhakar,15 April 1963,Right-handed,Right-arm medium pace,Delhi
India,1992,Mohammad Azharuddin (c),8 February 1963,Right-handed,Right-arm medium,Hyderabad
India,1992,Pravin Amre,14 August 1968,Right-handed,Right-arm leg-break,Bengal
India,1992,Ravi Shastri (vc),27 May 1962,Right-handed,Slow left-arm orthodox,Bombay
India,1992,Sachin Tendulkar,24 April 1973,Right-handed,Right-arm medium/leg-break,Bombay
India,1992,Sanjay Manjrekar,12 July 1965,Right-handed,Right-arm off-spin,Bombay
India,1992,Subroto Banerjee,13 February 1969,Right-handed,Right-arm medium-fast,Bihar
India,1992,Venkatapathy Raju,9 July 1969,Right-handed,Slow left-arm orthodox,Hyderabad
India,1992,Vinod Kambli,18 January 1972,Left-handed,Right-arm off-break,Bombay
New Zealand,1992,Andrew Jones,9 May 1959,Right-handed,Right-arm off-break,Otago
New Zealand,1992,Chris Cairns,13 June 1970,Right-handed,Right-arm fast-medium,Canterbury
New Zealand,1992,Chris Harris,20 November 1969,Left-handed,Right-arm medium,Canterbury
New Zealand,1992,Danny Morrison,3 February 1966,Right-handed,Right-arm fast-medium,Auckland
New Zealand,1992,Dipak Patel,25 October 1958,Right-handed,Right-arm off-break,Auckland
New Zealand,1992,Gavin Larsen,27 September 1962,Right-handed,Right-arm medium,Wellington
New Zealand,1992,Ian Smith (wk),28 February 1957,Right-handed,Wicket-keeper,Auckland
New Zealand,1992,John Wright,5 July 1954,Left-handed,Right-arm medium-fast,Auckland
New Zealand,1992,Ken Rutherford,26 October 1965,Right-handed,Right-arm medium,Otago
New Zealand,1992,Mark Greatbatch,11 December 1963,Left-handed,Right-arm medium,Central Districts
New Zealand,1992,Martin Crowe (c),22 September 1962,Right-handed,Right-arm medium,Wellington
New Zealand,1992,Murphy Su'a,7 November 1966,Left-handed,Left-arm fast-medium,Auckland
New Zealand,1992,Rod Latham,12 June 1961,Right-handed,Right-arm medium,Canterbury
New Zealand,1992,Willie Watson,31 August 1965,Right-handed,Right-arm fast-medium,Auckland
Pakistan,1992,Aamir Sohail,14 September 1966,Left-handed,Slow left-arm orthodox,Habib Bank
Pakistan,1992,Aaqib Javed,5 August 1972,Right-handed,Right-arm fast-medium,PAC
Pakistan,1992,Ijaz Ahmed,20 September 1968,Right-handed,Left-arm medium,Habib Bank
Pakistan,1992,Imran Khan (c),25 November 1952,Right-handed,Right-arm fast,
Pakistan,1992,Inzamam-ul-Haq,3 March 1970,Right-handed,Slow left-arm orthodox,Multan
Pakistan,1992,Iqbal Sikander,19 December 1958,Right-handed,Right-arm leg-break googly,Karachi
Pakistan,1992,Javed Miandad,12 June 1957,Right-handed,Right-arm leg-break,Habib Bank
Pakistan,1992,Moin Khan (wk),23 September 1971,Right-handed,Wicket-keeper,Karachi
Pakistan,1992,Mushtaq Ahmed,28 June 1970,Right-handed,Right-arm leg-break,Multan
Pakistan,1992,Rameez Raja,14 August 1962,Right-handed,Right-arm leg-break,Lahore
Pakistan,1992,Saleem Malik,16 April 1963,Right-handed,Right-arm off-break,Habib Bank
Pakistan,1992,Wasim Akram,3 June 1966,Left-handed,Left-arm fast,PIA
Pakistan,1992,Wasim Haider,6 June 1967,Right-handed,Right-arm fast-medium,Faisalabad
Pakistan,1992,Zahid Fazal,10 November 1973,Right-handed,Right-arm medium/off-break,PIA
South Africa,1992,Adrian Kuiper,24 August 1959,Right-handed,Right-arm medium/offbreak,Western Province
South Africa,1992,Allan Donald,20 October 1966,Right-handed,Right-arm fast,Warwickshire
South Africa,1992,Andrew Hudson,17 March 1965,Right-handed,Right-arm medium,Natal
South Africa,1992,Brian McMillan,22 December 1963,Right-handed,Right-arm medium-fast,Western Province
South Africa,1992,Dave Richardson (wk),16 September 1959,Right-handed,Wicket-keeper,Eastern Province
South Africa,1992,Hansie Cronje,25 September 1969,Right-handed,Right-arm medium,Orange Free State
South Africa,1992,Jonty Rhodes,27 July 1969,Right-handed,Right-arm medium,Natal
South Africa,1992,Kepler Wessels (c),14 September 1957,Left-handed,Right-arm off-break/medium,Eastern Province
South Africa,1992,Mark Rushmere,7 January 1965,Right-handed,Right-arm medium,Eastern Province
South Africa,1992,Meyrick Pringle,22 June 1966,Right-handed,Right-arm fast-medium,Western Province
South Africa,1992,Omar Henry,23 January 1952,Left-handed,Slow left-arm orthodox,Orange Free State
South Africa,1992,Peter Kirsten,14 May 1955,Right-handed,Right-arm offbreak,Border
South Africa,1992,Richard Snell,12 September 1968,Right-handed,Right-arm fast-medium,Transvaal
South Africa,1992,Tertius Bosch,14 March 1960,Right-handed,Right-arm fast,Northern Transvaal
Sri Lanka,1992,Aravinda de Silva (c),17 October 1965,Right-handed,Right-arm off-break,Nondescripts
Sri Lanka,1992,Arjuna Ranatunga,1 December 1963,Left-handed,Right-arm medium,Sinhalese SC
Sri Lanka,1992,Asanka Gurusinha,16 September 1966,Left-handed,Right-arm medium,Nondescripts
Sri Lanka,1992,Athula Samarasekera,5 August 1961,Right-handed,Right-arm medium,Colombo CC
Sri Lanka,1992,Champaka Ramanayake,8 January 1965,Right-handed,Right-arm fast-medium,Tamil Union C&A
Sri Lanka,1992,Chandika Hathurusingha,13 September 1968,Right-handed,Right-arm medium-fast,Tamil Union
Sri Lanka,1992,Don Anurasiri,25 February 1966,Right-handed,Slow left-arm orthodox,Panadura SC
Sri Lanka,1992,Graeme Labrooy,7 June 1964,Right-handed,Right-arm fast-medium,Basnahira North
Sri Lanka,1992,Hashan Tillakaratne (wk),14 July 1967,Left-handed,Wicket-keeper,Nondescripts
Sri Lanka,1992,Kapila Wijegunawardene,23 November 1964,Right-handed,Right-arm fast-medium,Colombo CC
Sri Lanka,1992,Pramodya Wickramasinghe,14 August 1971,Right-handed,Right-arm fast,Sinhalese SC
Sri Lanka,1992,Roshan Mahanama,31 May 1966,Right-handed,,Colombo CC
Sri Lanka,1992,Ruwan Kalpage,19 February 1970,Left-handed,Right-arm offbreak,Nondescripts
Sri Lanka,1992,Sanath Jayasuriya,30 June 1969,Left-handed,Slow left-arm orthodox,Bloomfield
West Indies,1992,Anderson Cummins,7 May 1966,Right-handed,Right-arm fast,Jamaica
West Indies,1992,Brian Lara,2 May 1969,Left-handed,Right-arm leg-break,Trinidad and Tobago
West Indies,1992,Carl Hooper,15 December 1966,Right-handed,Right-arm off-break,Guyana
West Indies,1992,Curtly Ambrose,21 September 1963,Left-handed,Right-arm fast,Leeward Islands
West Indies,1992,David Williams (wk),4 November 1963,Right-handed,Wicket-keeper/Right-arm leg-break,Trinidad and Tobago
West Indies,1992,Desmond Haynes,15 February 1956,Right-handed,Right-arm leg-break/medium pace,Barbados
West Indies,1992,Gus Logie,28 September 1960,Right-handed,Right-arm off-break,Trinidad and Tobago
West Indies,1992,Keith Arthurton,21 February 1965,Left-handed,Slow left-arm orthodox/leg-break,Leeward Islands
West Indies,1992,Malcolm Marshall,18 April 1958,Right-handed,Right-arm fast,Barbados
West Indies,1992,Patrick Patterson,15 September 1961,Right-handed,Right-arm fast,Jamaica
West Indies,1992,Phil Simmons,18 April 1963,Right-handed,Right-arm medium,Trinidad and Tobago
West Indies,1992,Richie Richardson (c),12 January 1962,Right-handed,Right-arm medium-pace,Leeward Islands
West Indies,1992,Roger Harper,17 March 1963,Right-handed,Right-arm off-break,Guyana
West Indies,1992,Winston Benjamin,31 December 1964,Right-handed,Right-arm fast,Leeward Islands
Zimbabwe,1992,Ali Shah,7 August 1959,Left-handed,Right-arm medium,
Zimbabwe,1992,Alistair Campbell,23 September 1972,Left-handed,Right-arm off-break,
Zimbabwe,1992,Andrew Pycroft,6 June 1956,Right-handed,Right-arm offbreak,
Zimbabwe,1992,Andy Flower (wk),28 April 1968,Left-handed,Wicket-keeper/Right-arm off-break,
Zimbabwe,1992,Andy Waller,25 September 1959,Right-handed,Right-arm medium,
Zimbabwe,1992,David Houghton (c),23 June 1957,Right-handed,Right-arm off-break,
Zimbabwe,1992,Eddo Brandes,5 March 1963,Right-handed,Right-arm fast,
Zimbabwe,1992,Iain Butchart,9 May 1960,Right-handed,Right-arm medium,
Zimbabwe,1992,John Traicos,17 May 1947,Right-handed,Right-arm off-spin,
Zimbabwe,1992,Kevin Arnott,8 March 1961,Right-handed,,
Zimbabwe,1992,Kevin Duers,30 June 1960,Right-handed,Right-arm medium-fast,
Zimbabwe,1992,Malcolm Jarvis,6 December 1955,Right-handed,Left-arm medium-fast,
Zimbabwe,1992,Mark Burmester,24 January 1968,Right-handed,Right-arm medium,
Zimbabwe,1992,Wayne James,27 August 1965,Right-handed,,
Australia,1996,Craig McDermott,14 April 1965,Right-handed,Right-arm fast,Queensland
Australia,1996,Damien Fleming,24 April 1970,Right-handed,Right-arm fast-medium,Victoria
Australia,1996,Glenn McGrath,9 February 1970,Right-handed,Right-arm fast-medium,New South Wales
Australia,1996,"Ian Healy (vc, wk)",30 April 1964,Right-handed,Wicket-keeper,Queensland
Australia,1996,Mark Taylor (c),27 October 1964,Left-handed,Right-arm medium,New South Wales
Australia,1996,Mark Waugh,2 June 1965,Right-handed,Right-arm medium/off-break,New South Wales
Australia,1996,Michael Bevan,8 May 1970,Left-handed,Slow left-arm wrist spin,New South Wales
Australia,1996,Michael Slater,21 February 1970,Right-handed,Right-arm medium,New South Wales
Australia,1996,Paul Reiffel,19 April 1966,Right-handed,Right-arm fast-medium,Victoria
Australia,1996,Ricky Ponting,19 December 1974,Right-handed,Right-arm medium,Tasmania
Australia,1996,Shane Lee,8 August 1973,Right-handed,Right-arm medium,New South Wales
Australia,1996,Shane Warne,13 September 1969,Right-handed,Right-arm leg-break,Victoria
Australia,1996,Steve Waugh,2 June 1965,Right-handed,Right-arm medium,New South Wales
Australia,1996,Stuart Law,18 October 1968,Right-handed,Right-arm medium,Queensland
England,1996,Alec Stewart,8 April 1963,Right-handed,Right-arm medium,Surrey
England,1996,Craig White,16 December 1969,Right-handed,Right-arm fast-medium,Yorkshire
England,1996,Darren Gough,18 September 1970,Right-handed,Right-arm fast,Yorkshire
England,1996,Dermot Reeve,2 April 1963,Right-handed,Right-arm medium,Warwickshire
England,1996,Dominic Cork,7 August 1971,Right-handed,Right-arm fast-medium,Derbyshire
England,1996,Graeme Hick,23 May 1966,Right-handed,Right-arm off-break,Worcestershire
England,1996,Graham Thorpe,1 August 1969,Left-handed,Right-arm medium,Surrey
England,1996,Jack Russell (wk),15 August 1963,Left-handed,Right-arm off-break,Gloucestershire
England,1996,Michael Atherton (c),23 March 1968,Right-handed,Right-arm leg-break,Lancashire
England,1996,Neil Fairbrother,9 September 1963,Left-handed,Left-arm medium,Lancashire
England,1996,Neil Smith,27 July 1967,Right-handed,Right-arm off-break,Warwickshire
England,1996,Peter Martin,15 November 1968,Right-handed,Right-arm fast-medium,Lancashire
England,1996,Phillip DeFreitas,18 February 1966,Right-handed,Right-arm fast-medium,Lancashire
England,1996,Richard Illingworth,23 August 1963,Right-handed,Slow left-arm orthodox,Worcestershire
England,1996,Robin Smith,13 September 1963,Right-handed,Right-arm leg-break,Hampshire
India,1996,Aashish Kapoor,25 March 1971,Right-handed,Right-arm offbreak,Punjab
India,1996,Ajay Jadeja,1 February 1971,Right-handed,Right-arm medium,Haryana
India,1996,Anil Kumble,17 October 1970,Right-handed,Right-arm leg spin,Karnataka
India,1996,Javagal Srinath,31 August 1969,Right-handed,Right-arm fast,Karnataka
India,1996,Manoj Prabhakar,15 April 1963,Right-handed,Right-arm medium pace,Delhi
India,1996,Mohammad Azharuddin (c),8 February 1963,Right-handed,Right-arm medium,Hyderabad
India,1996,Navjot Singh Sidhu,20 October 1963,Right-handed,Right-arm medium,Punjab
India,1996,Nayan Mongia (wk),19 December 1969,Right-handed,Wicket-keeper,Baroda
India,1996,Sachin Tendulkar (vc),24 April 1973,Right-handed,Right-arm medium/leg-break/off-break,Mumbai
India,1996,Salil Ankola,1 March 1968,Right-handed,Right-arm fast,Mumbai
India,1996,Sanjay Manjrekar,12 July 1965,Right-handed,Right-arm off-spin,Mumbai
India,1996,Venkatapathy Raju,9 July 1969,Right-handed,Slow left-arm orthodox,Hyderabad
India,1996,Venkatesh Prasad,5 August 1969,Right-handed,Right-arm medium-fast,Karnataka
India,1996,Vinod Kambli,18 January 1972,Left-handed,Right-arm off-break,Mumbai
Kenya,1996,Aasif Karim,15 September 1963,Right-handed,Slow left-arm orthodox,Jaffery Mombasa
Kenya,1996,Brijal Patel,14 November 1977,Right-handed,Slow left-arm,Premier Nairobi
Kenya,1996,David Tikolo,27 December 1964,Right-handed,Right-arm medium,
Kenya,1996,Dipak Chudasama,20 May 1963,Right-handed,,
Kenya,1996,Edward Odumbe,19 May 1965,Right-handed,Right-arm medium,
Kenya,1996,Hitesh Modi,13 October 1971,Left-handed,Slow left-arm orthodox,Nairobi Gymkhana Kisumu
Kenya,1996,Kennedy Otieno (wk),11 March 1972,Right-handed,Wicket-keeper,Ruaraka Nairobi
Kenya,1996,Lameck Onyango,22 September 1973,Right-handed,Right-arm medium,Swamibapa Nairobi
Kenya,1996,Martin Suji,2 June 1971,Right-handed,Right-arm medium-fast,Aga Khan Nairobi
Kenya,1996,Maurice Odumbe (c),15 June 1969,Right-handed,Right-arm offbreak,Aga Khan Nairobi
Kenya,1996,Rajab Ali,19 November 1965,Right-handed,Right-arm medium-fast,
Kenya,1996,Steve Tikolo,25 June 1971,Right-handed,Right-arm offbreak,Swamibapa Nairobi
Kenya,1996,Tariq Iqbal (wk),3 April 1964,Right-handed,Wicket-keeper,
Kenya,1996,Thomas Odoyo,12 May 1978,Right-handed,Right-arm medium-fast,Nairobi Gymkhana Kisumu
Netherlands,1996,Bas Zuiderent,3 March 1977,Right-handed,Right-arm medium,VOC
Netherlands,1996,Eric Gouka,29 January 1970,Right-handed,Right-arm medium,Excelsior'20
Netherlands,1996,Flavian Aponso,28 October 1952,Left-handed,Right-arm offbreak,Sebastianites CAC
Netherlands,1996,Floris Jansen,10 June 1962,Right-handed,Right-arm medium,SV Kampong
Netherlands,1996,Klaas-Jan van Noortwijk,10 July 1970,Right-handed,Right-arm medium,VOC
Netherlands,1996,Marcel Schewe (wk),10 March 1969,Right-handed,Wicket-keeper,Excelsior'20
Netherlands,1996,Nolan Clarke,22 June 1948,Right-handed,Leg-break googly,Sparta 1888
Netherlands,1996,Paul-Jan Bakker,19 September 1957,Right-handed,Right-arm medium-fast,Quick Den Haag
Netherlands,1996,Peter Cantrell,28 October 1962,Right-handed,Right-arm offbreak,SV Kampong
Netherlands,1996,Reinout Scholte (wk),10 August 1967,Right-handed,Wicket-keeper,HBS
Netherlands,1996,Robert van Oosterom,16 October 1968,Right-handed,,HBS
Netherlands,1996,Roland Lefebvre,7 February 1963,Right-handed,Right-arm medium,Glamorgan
Netherlands,1996,Steven Lubbers (c),24 March 1953,Right-handed,Right-arm off-break,Hermes DVS
Netherlands,1996,Tim de Leede,25 January 1968,Right-handed,Right-arm medium,Voorburg
New Zealand,1996,Adam Parore (wk),23 January 1971,Right-handed,Wicket-keeper,Auckland
New Zealand,1996,Chris Cairns,13 June 1970,Right-handed,Right-arm fast-medium,Canterbury
New Zealand,1996,Chris Harris,20 November 1969,Left-handed,Right-arm medium,Canterbury
New Zealand,1996,Craig Spearman,4 July 1972,Right-handed,,Central Districts
New Zealand,1996,Danny Morrison,3 February 1966,Right-handed,Right-arm fast-medium,Auckland
New Zealand,1996,Dion Nash,20 November 1971,Right-handed,Right-arm fast-medium,Northern Districts
New Zealand,1996,Dipak Patel,25 October 1958,Right-handed,Right-arm off-break,Auckland
New Zealand,1996,Gavin Larsen,27 September 1962,Right-handed,Right-arm medium,Wellington
New Zealand,1996,"Lee Germon (c, wk)",4 November 1968,Right-handed,Right-arm leg-break/Wicket-keeper,Canterbury
New Zealand,1996,Nathan Astle,15 September 1971,Right-handed,Right-arm medium,Canterbury
New Zealand,1996,Robert Kennedy,3 June 1972,Right-handed,Right-arm medium,Otago
New Zealand,1996,Roger Twose,17 April 1968,Left-handed,Right-arm medium pace,Wellington
New Zealand,1996,Shane Thomson,27 January 1969,Right-handed,Right-arm off-break/fast-medium,Northern Districts
New Zealand,1996,Stephen Fleming,1 April 1973,Left-handed,Right-arm offbreak,Canterbury
Pakistan,1996,Aamer Sohail (vc),14 September 1966,Left-handed,Slow left-arm orthodox,Allied Bank Limited
Pakistan,1996,Aaqib Javed,5 August 1972,Right-handed,Right-arm fast-medium,Allied Bank Limited
Pakistan,1996,Ata-ur-Rehman,28 March 1975,Right-handed,Right-arm fast-medium,Allied Bank Limited
Pakistan,1996,Ijaz Ahmed,20 September 1968,Right-handed,Left-arm medium,Habib Bank
Pakistan,1996,Inzamam-ul-Haq,3 March 1970,Right-handed,Slow left-arm orthodox,Faisalabad
Pakistan,1996,Javed Miandad,12 June 1957,Right-handed,Right-arm leg-break,Habib Bank
Pakistan,1996,Mushtaq Ahmed,28 June 1970,Right-handed,Right-arm leg-break,Multan
Pakistan,1996,Rameez Raja,14 August 1962,Right-handed,Right-arm leg-break,Lahore
Pakistan,1996,Rashid Latif (wk),14 October 1968,Right-handed,Wicket-keeper/Right-arm leg-break,Karachi
Pakistan,1996,Saeed Anwar,6 September 1968,Left-handed,Slow left-arm orthodox,National Bank
Pakistan,1996,Saleem Malik,16 April 1963,Right-handed,Right-arm off-break,Lahore
Pakistan,1996,Saqlain Mushtaq,29 December 1976,Right-handed,Right-arm off-break,Pakistan International Airlines
Pakistan,1996,Waqar Younis,16 November 1971,Right-handed,Right-arm fast,United Bank Limited
Pakistan,1996,Wasim Akram (c),3 June 1966,Left-handed,Left-arm fast,PIA
South Africa,1996,Allan Donald,20 October 1966,Right-handed,Right-arm fast,Warwickshire
South Africa,1996,Andrew Hudson,17 March 1965,Right-handed,Right-arm medium,KwaZulu-Natal
South Africa,1996,Brian McMillan,22 December 1963,Right-handed,Right-arm medium-fast,Western Province
South Africa,1996,Craig Matthews,15 February 1965,Right-handed,Right-arm fast-medium,Western Province
South Africa,1996,Daryl Cullinan,4 March 1967,Right-handed,Right-arm off-break,Transvaal
South Africa,1996,Fanie de Villiers,13 October 1964,Right-handed,Right-arm fast-medium,Northern Transvaal
South Africa,1996,Gary Kirsten,23 November 1967,Left-handed,Right-arm off-break,Western Province
South Africa,1996,Hansie Cronje (c),25 September 1969,Right-handed,Right-arm medium,Free State
South Africa,1996,Jacques Kallis,16 October 1975,Right-handed,Right-arm fast-medium,Western Province
South Africa,1996,Jonty Rhodes,27 July 1969,Right-handed,Right-arm medium,KwaZulu-Natal
South Africa,1996,Pat Symcox,14 April 1960,Right-handed,Right-arm offbreak,KwaZulu-Natal
South Africa,1996,Paul Adams,20 January 1977,Right-handed,Left-arm wrist spin,Western Province
South Africa,1996,Shaun Pollock,16 July 1973,Right-handed,Right-arm fast-medium,Warwickshire
South Africa,1996,Steve Palframan (wk),12 May 1970,Right-handed,Wicket-keeper,Boland
Sri Lanka,1996,Aravinda de Silva (vc),17 October 1965,Right-handed,Right-arm off-break,Nondescripts
Sri Lanka,1996,Arjuna Ranatunga (c),1 December 1963,Left-handed,Right-arm medium,Sinhalese SC
Sri Lanka,1996,Asanka Gurusinha,16 September 1966,Left-handed,Right-arm medium,Nondescripts
Sri Lanka,1996,Chaminda Vaas,27 January 1974,Left-handed,Left-arm fast-medium,Colts CC
Sri Lanka,1996,Hashan Tillakaratne,14 July 1967,Left-handed,Right-arm off break,Nondescripts
Sri Lanka,1996,Kumar Dharmasena,24 April 1971,Right-handed,Right-arm offbreak,Bloomfield
Sri Lanka,1996,Marvan Atapattu,22 November 1970,Right-handed,Right-arm leg spin,Sinhalese SC
Sri Lanka,1996,Muttiah Muralitharan,17 April 1972,Right-handed,Right-arm off-break,Tamil Union
Sri Lanka,1996,Pramodya Wickramasinghe,14 August 1971,Right-handed,Right-arm fast,Burgher RC
Sri Lanka,1996,Ravindra Pushpakumara,21 July 1975,Right-handed,Right-arm fast-medium,Colts CC
Sri Lanka,1996,Romesh Kaluwitharana (wk),24 November 1969,Right-handed,Wicket-keeper/Right-arm medium,Sebastianites
Sri Lanka,1996,Roshan Mahanama,31 May 1966,Right-handed,,Bloomfield
Sri Lanka,1996,Sanath Jayasuriya,30 June 1969,Left-handed,Slow left-arm orthodox,Bloomfield
Sri Lanka,1996,Upul Chandana,7 May 1972,Right-handed,Right-arm leg-break,Tamil Union C&AC
UAE,1996,Arshad Laeeq,28 November 1970,Right-handed,Right-arm fast-medium,
UAE,1996,Azhar Saeed,25 December 1970,Left-handed,Slow left-arm orthodox,
UAE,1996,Ganesh Mylvaganam,1 August 1966,Right-handed,,
UAE,1996,Imtiaz Abbasi (wk),9 June 1968,Right-handed,Wicket-keeper,
UAE,1996,Johanne Samarasekera,22 February 1968,Right-handed,Right-arm medium-fast,
UAE,1996,Mazhar Hussain,25 October 1967,Right-handed,Right-arm leg-break,
UAE,1996,Mohammad Aslam,7 September 1961,Right-handed,Right-arm fast,
UAE,1996,Mohammad Ishaq,7 March 1963,Right-handed,Right-arm medium,
UAE,1996,Saeed-Al-Saffar,31 July 1968,Left-handed,Left-arm fast-medium,
UAE,1996,Saleem Raza,5 July 1964,Right-handed,Right-arm offbreak,
UAE,1996,Shaukat Dukanwala,21 January 1957,Right-handed,Right-arm offbreak,
UAE,1996,Shehzad Altaf,6 October 1957,Right-handed,Right-arm medium,
UAE,1996,Sultan Zarawani (c),24 January 1961,Right-handed,Right-arm leg spin,
UAE,1996,Vijay Mehra,17 October 1963,Right-handed,,
West Indies,1996,Brian Lara,2 May 1969,Left-handed,Right-arm leg-break,Trinidad and Tobago
West Indies,1996,Cameron Cuffy,8 February 1970,Right-handed,Right-arm fast,Windward Islands
West Indies,1996,Courtney Browne (wk),7 December 1970,Right-handed,Wicket-keeper,Barbados
West Indies,1996,Courtney Walsh,30 October 1962,Right-handed,Right-arm medium-fast,Jamaica
West Indies,1996,Curtly Ambrose,21 September 1963,Left-handed,Right-arm fast,Leeward Islands
West Indies,1996,Ian Bishop,24 October 1967,Right-handed,Right-arm fast,Trinidad and Tobago
West Indies,1996,Jimmy Adams,9 January 1968,Left-handed,Slow left-arm orthodox,Jamaica
West Indies,1996,Keith Arthurton,21 February 1965,Left-handed,Slow left-arm orthodox/leg-break,Leeward Islands
West Indies,1996,Ottis Gibson,16 March 1969,Right-handed,Right-arm fast,Barbados
West Indies,1996,Phil Simmons,18 April 1963,Right-handed,Right-arm medium,Trinidad and Tobago
West Indies,1996,Richie Richardson (c),12 January 1962,Right-handed,Right-arm medium-pace,Leeward Islands
West Indies,1996,Roger Harper,17 March 1963,Right-handed,Right-arm off-break,Guyana
West Indies,1996,Roland Holder,22 December 1967,Right-handed,Right-arm medium pace,Barbados
West Indies,1996,Sherwin Campbell,1 January 1970,Right-handed,Right-arm medium pace,Barbados
West Indies,1996,Shivnarine Chanderpaul,16 August 1974,Left-handed,Right-arm leg-break,Guyana
Zimbabwe,1996,Alistair Campbell,23 September 1972,Left-handed,Right-arm off-break,Manicaland
Zimbabwe,1996,"Andy Flower (c, wk)",28 April 1968,Left-handed,Wicket-keeper/Right-arm off-break,Mashonaland
Zimbabwe,1996,Andy Waller,25 September 1959,Right-handed,Right-arm medium,Mashonaland
Zimbabwe,1996,Bryan Strang,9 June 1972,Right-handed,Left-arm medium,Mashonaland
Zimbabwe,1996,Charlie Lock,10 September 1962,Right-handed,Right-arm fast-medium,Mashonaland
Zimbabwe,1996,Craig Evans,29 November 1969,Right-handed,Right-arm medium,Matabeleland
Zimbabwe,1996,Eddo Brandes,5 March 1963,Right-handed,Right-arm fast,Mashonaland
Zimbabwe,1996,Grant Flower,20 December 1970,Right-handed,Slow left-arm orthodox,Mashonaland
Zimbabwe,1996,Guy Whittall,5 September 1972,Right-handed,Right-arm medium,Mashonaland
Zimbabwe,1996,Heath Streak,16 March 1974,Right-handed,Right-arm fast-medium,Matabeleland
Zimbabwe,1996,Henry Olonga,3 July 1976,Right-handed,Right-arm fast,Matabeleland
Zimbabwe,1996,Paul Strang,28 July 1970,Right-handed,Right-arm leg-break,Mashonaland
Zimbabwe,1996,Sean Davies,15 October 1973,Left-handed,Right-arm medium-fast,Mashonaland
Zimbabwe,1996,Stephen Peall,2 September 1969,Left-handed,Right-arm offbreak,Mashonaland
Australia,1999,Adam Dale,30 December 1968,Left-handed,Right-arm medium,Queensland
Australia,1999,Adam Gilchrist (wk),14 November 1971,Left-handed,Right-arm off break,Western Australia
Australia,1999,Brendon Julian,10 August 1970,Right-handed,Left-arm fast-medium,Western Australia
Australia,1999,Damien Fleming,24 April 1970,Right-handed,Right-arm fast-medium,Victoria
Australia,1999,Damien Martyn,21 October 1971,Right-handed,Right-arm medium,Western Australia
Australia,1999,Darren Lehmann,5 February 1970,Left-handed,Slow left-arm orthodox,South Australia
Australia,1999,Glenn McGrath,9 February 1970,Right-handed,Right-arm fast-medium,New South Wales
Australia,1999,Mark Waugh,2 June 1965,Right-handed,Right-arm medium/off break,New South Wales
Australia,1999,Michael Bevan,8 May 1970,Left-handed,Slow left-arm wrist-spin,New South Wales
Australia,1999,Paul Reiffel,19 April 1966,Right-handed,Right-arm fast-medium,Victoria
Australia,1999,Ricky Ponting,19 December 1974,Right-handed,Right-arm medium,Tasmania
Australia,1999,Shane Lee,8 August 1973,Right-handed,Right-arm medium,New South Wales
Australia,1999,Shane Warne,13 September 1969,Right-handed,Right-arm leg break,Victoria
Australia,1999,Steve Waugh (c),2 June 1965,Right-handed,Right-arm medium,New South Wales
Australia,1999,Tom Moody,2 October 1965,Right-handed,Right-arm medium,Western Australia
Bangladesh,1999,Akram Khan,1 November 1968,Right-handed,Right-arm medium,Chittagong Division
Bangladesh,1999,Aminul Islam (c),2 February 1968,Right-handed,Right-arm off break,Biman Bangladesh Airlines
Bangladesh,1999,Enamul Haque,27 February 1966,Left-handed,Slow left-arm orthodox,Biman Bangladesh Airlines
Bangladesh,1999,Faruk Ahmed,24 July 1966,Right-handed,Right-arm off break,Biman Bangladesh Airlines
Bangladesh,1999,Hasibul Hossain,3 June 1977,Right-handed,Right-arm fast-medium,Sylhet Division
Bangladesh,1999,Khaled Mahmud,26 July 1971,Right-handed,Right-arm medium,Dhaka Division
Bangladesh,1999,Khaled Mashud (wk),8 February 1976,Right-handed,Wicket-keeper,Rajshahi Division
Bangladesh,1999,Manjural Islam,7 November 1979,Left-handed,Left-arm fast-medium,Khulna Division
Bangladesh,1999,Mehrab Hossain,22 September 1978,Right-handed,Right-arm medium,Dhaka Division
Bangladesh,1999,Minhajul Abedin,25 September 1965,Right-handed,Right-arm off break,Chittagong Division
Bangladesh,1999,Mohammad Rafique,5 September 1970,Left-handed,Slow left-arm orthodox,Sylhet Division
Bangladesh,1999,Naimur Rahman,9 September 1974,Right-handed,Right-arm off break,Dhaka Division
Bangladesh,1999,Niamur Rashid,1 January 1975,Right-handed,Right-arm medium-fast,Dhaka Metropolis
Bangladesh,1999,Shafiuddin Ahmed,1 June 1973,Right-handed,Right-arm fast-medium,Chittagong Division
Bangladesh,1999,Shahriar Hossain,1 June 1976,Right-handed,Right-arm off break,Dhaka Division
England,1999,Adam Hollioake,5 September 1971,Right-handed,Right-arm medium,Surrey
England,1999,Alan Mullally,12 July 1969,Right-handed,Left-arm fast-medium,Leicestershire
England,1999,Alec Stewart (c/wk),8 April 1963,Right-handed,Right-arm medium,Surrey
England,1999,Andrew Flintoff,6 December 1977,Right-handed,Right-arm fast,Lancashire
England,1999,Angus Fraser,8 August 1965,Right-handed,Right-arm fast-medium,Middlesex
England,1999,Darren Gough,18 September 1970,Right-handed,Right-arm fast,Yorkshire
England,1999,Graeme Hick,23 May 1966,Right-handed,Right-arm off break,Worcestershire
England,1999,Graham Thorpe,1 August 1969,Left-handed,Right-arm medium,Surrey
England,1999,Ian Austin,30 May 1966,Left-handed,Right-arm medium,Lancashire
England,1999,Mark Ealham,27 August 1969,Right-handed,Right-arm medium-fast,Kent
England,1999,Nasser Hussain,28 March 1968,Right-handed,Right-arm leg break,Essex
England,1999,Neil Fairbrother,9 September 1963,Left-handed,Left-arm medium,Lancashire
England,1999,Nick Knight,28 November 1969,Left-handed,Right-arm medium,Warwickshire
England,1999,Robert Croft,25 May 1970,Right-handed,Right-arm off break,Glamorgan
England,1999,Vince Wells,6 August 1965,Right-handed,Right-arm medium,Kent
India,1999,Ajay Jadeja (vc),1 February 1971,Right-handed,Right-arm medium,Haryana
India,1999,Ajit Agarkar,4 December 1977,Right-handed,Right-arm fast-medium,Mumbai
India,1999,Amay Khurasiya,18 May 1972,Left-handed,Slow left-arm orthodox,Madhya Pradesh
India,1999,Anil Kumble,17 October 1970,Right-handed,Right-arm leg break,Karnataka
India,1999,Debasis Mohanty,20 July 1976,Right-handed,Right-arm fast-medium,Odisha
India,1999,Javagal Srinath,31 August 1969,Right-handed,Right-arm fast,Karnataka
India,1999,Mohammad Azharuddin (c),8 February 1963,Right-handed,Right-arm medium,Hyderabad
India,1999,Nayan Mongia (wk),19 December 1969,Right-handed,Wicket-keeper,Baroda
India,1999,Nikhil Chopra,19 August 1973,Right-handed,Right-arm off break,Uttar Pradesh
India,1999,Rahul Dravid,11 January 1973,Right-handed,Right-arm off break,Karnataka
India,1999,Robin Singh,14 September 1963,Left-handed,Right-arm medium-fast,Tamil Nadu
India,1999,Sachin Tendulkar,24 April 1973,Right-handed,Right-arm leg break,Mumbai
India,1999,Sadagoppan Ramesh,16 October 1975,Left-handed,Right-arm off break,Tamil Nadu
India,1999,Sourav Ganguly,8 July 1972,Left-handed,Right-arm medium,Bengal
India,1999,Venkatesh Prasad,5 August 1969,Right-handed,Right-arm medium-fast,Karnataka
Kenya,1999,Aasif Karim (c),15 September 1963,Right-handed,Slow left-arm orthodox,"Jaffery, Mombasa"
Kenya,1999,Alpesh Vadher,7 September 1974,Right-handed,,"Premier, Nairobi"
Kenya,1999,Dipak Chudasama,20 May 1963,Right-handed,,
Kenya,1999,Hitesh Modi,13 October 1971,Left-handed,Slow left-arm orthodox,"Nairobi Gymkhana, Kisumu"
Kenya,1999,Jimmy Kamande,12 December 1978,Right-handed,Right-arm off spin/fast-medium,
Kenya,1999,Joseph Angara,8 November 1971,Right-handed,Right-arm medium-fast,"Swamibapa, Nairobi"
Kenya,1999,Kennedy Otieno (wk),11 March 1972,Right-handed,Wicket-keeper,"Ruaraka, Nairobi"
Kenya,1999,Martin Suji,2 June 1971,Right-handed,Right-arm medium-fast,"Aga Khan, Nairobi"
Kenya,1999,Maurice Odumbe,15 June 1969,Right-handed,Right-arm off break,"Aga Khan, Nairobi"
Kenya,1999,Mohammad Sheikh,29 August 1980,Left-handed,Left-arm fast,
Kenya,1999,Ravindu Shah,28 August 1972,Right-handed,Right-arm medium-fast,"Nairobi Gymkhana, Kisumu"
Kenya,1999,Sandip Gupta (wk),7 April 1967,Right-handed,,
Kenya,1999,Steve Tikolo,25 June 1971,Right-handed,Right-arm medium/off spin,"Swamibapa, Nairobi"
Kenya,1999,Thomas Odoyo,12 May 1978,Right-handed,Right-arm medium-fast,"Nairobi Gymkhana, Kisumu"
Kenya,1999,Tony Suji,5 February 1976,Right-handed,Right-arm medium,"Aga Khan, Nairobi"
New Zealand,1999,Adam Parore (wk),23 January 1971,Right-handed,Wicket-keeper,Auckland
New Zealand,1999,Carl Bulfin,19 August 1973,Right-handed,Right-arm fast-medium,Wellington
New Zealand,1999,Chris Cairns,13 June 1970,Right-handed,Right-arm fast-medium,Canterbury
New Zealand,1999,Chris Harris,20 November 1969,Left-handed,Right-arm medium,Canterbury
New Zealand,1999,Craig McMillan,13 September 1976,Right-handed,Right-arm medium,Canterbury
New Zealand,1999,Daniel Vettori,27 January 1979,Left-handed,Slow left-arm orthodox,Northern Districts
New Zealand,1999,Dion Nash,20 November 1971,Right-handed,Right-arm fast-medium,Northern Districts
New Zealand,1999,Gavin Larsen,27 September 1962,Right-handed,Right-arm medium,Wellington
New Zealand,1999,Geoff Allott,24 December 1971,Right-handed,Left-arm fast-medium,Canterbury
New Zealand,1999,Matt Horne,5 December 1970,Right-handed,Right-arm medium,Otago
New Zealand,1999,Matthew Hart,16 May 1972,Left-handed,Slow left-arm orthodox,Northern Districts
New Zealand,1999,Nathan Astle,15 September 1971,Right-handed,Right-arm medium,Canterbury
New Zealand,1999,Roger Twose,17 April 1968,Left-handed,Right-arm medium,Wellington
New Zealand,1999,Simon Doull,6 August 1969,Right-handed,Right-arm medium,Northern Districts
New Zealand,1999,Stephen Fleming (c),1 April 1973,Left-handed,Right-arm off break,Canterbury
Pakistan,1999,Abdul Razzaq,2 December 1979,Right-handed,Right-arm fast-medium,PIA
Pakistan,1999,Azhar Mahmood,28 February 1975,Right-handed,Right-arm fast-medium,PIA
Pakistan,1999,Ijaz Ahmed,20 September 1968,Right-handed,Left-arm medium,Habib Bank
Pakistan,1999,Inzamam-ul-Haq,3 March 1970,Right-handed,Slow left-arm orthodox,Faisalabad
Pakistan,1999,Moin Khan (wk),23 September 1971,Right-handed,Wicket-keeper,PIA
Pakistan,1999,Mushtaq Ahmed,28 June 1970,Right-handed,Right-arm leg break,Multan
Pakistan,1999,Saeed Anwar,6 September 1968,Left-handed,Slow left-arm orthodox,National Bank
Pakistan,1999,Saleem Malik,16 April 1963,Right-handed,Right-arm off break/slow medium,Lahore
Pakistan,1999,Saqlain Mushtaq,29 December 1976,Right-handed,Right-arm off break,PIA
Pakistan,1999,Shahid Afridi,1 March 1977,Right-handed,Right-arm leg break,Habib Bank
Pakistan,1999,Shoaib Akhtar,13 August 1975,Right-handed,Right-arm fast,Khan Research Labs
Pakistan,1999,Wajahatullah Wasti,11 November 1974,Right-handed,Right-arm off break,Allied Bank Limited
Pakistan,1999,Waqar Younis,16 November 1971,Right-handed,Right-arm fast,United Bank Limited
Pakistan,1999,Wasim Akram (c),3 June 1966,Left-handed,Left-arm fast,PIA
Pakistan,1999,Yousuf Youhana,27 August 1974,Right-handed,Right-arm off break,PIA
Scotland,1999,Alec Davies (wk),14 August 1962,Right-handed,Wicket-keeper,
Scotland,1999,Asim Butt,24 June 1967,Right-handed,Left-arm medium-fast,
Scotland,1999,Bruce Patterson,29 January 1965,Right-handed,,
Scotland,1999,Gavin Hamilton,16 September 1974,Left-handed,Right-arm medium-fast,Yorkshire
Scotland,1999,George Salmond (c),1 December 1969,Right-handed,Right-arm medium,
Scotland,1999,Greig Williamson,28 December 1968,Right-handed,Right-arm medium,
Scotland,1999,Ian Philip,9 June 1958,Right-handed,,
Scotland,1999,Ian Stanger,5 October 1971,Right-handed,Right-arm medium,
Scotland,1999,James Brinkley,13 March 1974,Right-handed,Right-arm fast-medium,
Scotland,1999,John Blain,4 January 1979,Right-handed,Right-arm fast-medium,Northamptonshire
Scotland,1999,Keith Sheridan,26 March 1971,Right-handed,Left-arm slow,
Scotland,1999,Michael Allingham,6 January 1965,Right-handed,Right-arm medium,
Scotland,1999,Mike Smith,30 March 1966,Right-handed,Right-arm medium,
Scotland,1999,Nick Dyer,10 September 1969,Right-handed,Right-arm off break,
Scotland,1999,Peter Steindl,14 June 1970,Right-handed,Right-arm medium,
South Africa,1999,Alan Dawson,27 November 1969,Right-handed,Right-arm medium-fast,Western Province
South Africa,1999,Allan Donald,20 October 1966,Right-handed,Right-arm fast,Warwickshire
South Africa,1999,Dale Benkenstein,9 June 1974,Right-handed,Right-arm medium/off break,KwaZulu-Natal
South Africa,1999,Daryll Cullinan,4 March 1967,Right-handed,Right-arm off break,Gauteng
South Africa,1999,Derek Crookes,5 March 1969,Right-handed,Right-arm off break,Gauteng
South Africa,1999,Gary Kirsten,23 November 1967,Left-handed,Right-arm off break,Western Province
South Africa,1999,Hansie Cronje (c),25 September 1969,Right-handed,Right-arm medium,Free State
South Africa,1999,Herschelle Gibbs,23 February 1974,Right-handed,Right-arm medium,Western Province
South Africa,1999,Jacques Kallis,16 October 1975,Right-handed,Right-arm fast-medium,Western Province
South Africa,1999,Jonty Rhodes,27 July 1969,Right-handed,Right-arm medium,KwaZulu-Natal
South Africa,1999,Lance Klusener,4 September 1971,Left-handed,Right-arm fast-medium,KwaZulu-Natal
South Africa,1999,Mark Boucher (wk),3 December 1976,Right-handed,Wicket-keeper,Border
South Africa,1999,Nicky Boje,20 March 1973,Left-handed,Slow left-arm orthodox,Free State
South Africa,1999,Shaun Pollock,16 July 1973,Right-handed,Right-arm fast-medium,Warwickshire
South Africa,1999,Steve Elworthy,23 February 1965,Right-handed,Right-arm fast-medium,Northerns
Sri Lanka,1999,Aravinda de Silva (vc),17 October 1965,Right-handed,Right-arm off break,Nondescripts
Sri Lanka,1999,Arjuna Ranatunga (c),1 December 1963,Left-handed,Right-arm medium,Sinhalese SC
Sri Lanka,1999,Chaminda Vaas,27 January 1974,Left-handed,Left-arm fast-medium,Colts CC
Sri Lanka,1999,Chandika Hathurusingha,13 September 1968,Right-handed,Right-arm medium-fast,Tamil Union
Sri Lanka,1999,Eric Upashantha,10 June 1972,Right-handed,Right-arm fast-medium,Colts CC
Sri Lanka,1999,Hashan Tillakaratne,14 July 1967,Left-handed,Right-arm off break,Nondescripts
Sri Lanka,1999,Mahela Jayawardene,27 May 1977,Right-handed,Right-arm medium,Sinhalese SC
Sri Lanka,1999,Marvan Atapattu,22 November 1970,Right-handed,Right-arm leg break,Sinhalese SC
Sri Lanka,1999,Muttiah Muralitharan,17 April 1972,Right-handed,Right-arm off break,Tamil Union
Sri Lanka,1999,Pramodya Wickramasinghe,14 August 1971,Right-handed,Right-arm fast,Burgher RC
Sri Lanka,1999,Romesh Kaluwitharana (wk),24 November 1969,Right-handed,Right-arm medium,Sebastianites
Sri Lanka,1999,Roshan Mahanama,31 May 1966,Right-handed,,Bloomfield
Sri Lanka,1999,Ruwan Kalpage,19 February 1970,Left-handed,Right-arm off break,Nondescripts CC
Sri Lanka,1999,Sanath Jayasuriya,30 June 1969,Left-handed,Slow left-arm orthodox,Bloomfield
Sri Lanka,1999,Upul Chandana,7 May 1972,Right-handed,Right-arm leg break,Tamil Union C&AC
West Indies,1999,Brian Lara (c),2 May 1969,Left-handed,Right-arm leg break,Trinidad and Tobago
West Indies,1999,Courtney Walsh,30 October 1962,Right-handed,Right-arm medium-fast,Jamaica
West Indies,1999,Curtly Ambrose,21 September 1963,Left-handed,Right-arm fast,Leeward Islands
West Indies,1999,Hendy Bryan,17 March 1970,Right-handed,Right-arm fast-medium,Barbados
West Indies,1999,Jimmy Adams,9 January 1968,Left-handed,Slow left-arm orthodox,Jamaica
West Indies,1999,Keith Arthurton,21 February 1965,Left-handed,Slow left-arm orthodox,Leeward Islands
West Indies,1999,Mervyn Dillon,5 June 1974,Right-handed,Right-arm fast-medium,Trinidad and Tobago
West Indies,1999,Nehemiah Perry,16 June 1968,Right-handed,Right-arm off break,Jamaica
West Indies,1999,Phil Simmons,18 April 1963,Right-handed,Right-arm medium,Trinidad and Tobago
West Indies,1999,Reon King,6 October 1975,Right-handed,Right-arm fast-medium,Guyana
West Indies,1999,Ricardo Powell,16 December 1978,Right-handed,Right-arm off break,Jamaica
West Indies,1999,Ridley Jacobs (wk),26 November 1967,Left-handed,Wicket-keeper,Leeward Islands
West Indies,1999,Sherwin Campbell,1 January 1970,Right-handed,Right-arm medium,Barbados
West Indies,1999,Shivnarine Chanderpaul,16 August 1974,Left-handed,Right-arm leg break,Guyana
West Indies,1999,Stuart Williams,12 August 1969,Right-handed,Right-arm medium,Leeward Islands
Zimbabwe,1999,Adam Huckle,21 September 1971,Right-handed,Right-arm leg break googly,Matabeleland
Zimbabwe,1999,Alistair Campbell (c),23 September 1972,Left-handed,Right-arm off break,Manicaland
Zimbabwe,1999,Andy Flower (wk),28 April 1968,Left-handed,Right-arm off break,Mashonaland
Zimbabwe,1999,Andy Whittall,19 March 1973,Right-handed,Right-arm off break,Manicaland
Zimbabwe,1999,Dirk Viljoen,11 March 1977,Left-handed,Slow left-arm orthodox,Mashonaland
Zimbabwe,1999,Eddo Brandes,5 March 1963,Right-handed,Right-arm fast,Mashonaland
Zimbabwe,1999,Grant Flower,20 December 1970,Right-handed,Slow left-arm orthodox,Mashonaland
Zimbabwe,1999,Guy Whittall,5 September 1972,Right-handed,Right-arm medium,Mashonaland
Zimbabwe,1999,Heath Streak,16 March 1974,Right-handed,Right-arm fast-medium,Matabeleland
Zimbabwe,1999,Henry Olonga,3 July 1976,Right-handed,Right-arm fast,Matabeleland
Zimbabwe,1999,Murray Goodwin,11 December 1972,Right-handed,Right-arm leg break,Mashonaland
Zimbabwe,1999,Neil Johnson,24 January 1970,Left-handed,Right-arm fast-medium,Western Province
Zimbabwe,1999,Paul Strang,9 June 1972,Right-handed,Left-arm medium,Mashonaland
Zimbabwe,1999,Pommie Mbangwa,26 June 1976,Right-handed,Right-arm fast-medium,Matabeleland
Zimbabwe,1999,Stuart Carlisle,10 May 1972,Right-handed,Right-arm medium,Mashonaland
Australia,2003,Adam Gilchrist (wk),14 November 1971,Left-handed,Right-arm off break,Western Australia
Australia,2003,Andrew Symonds,9 June 1975,Right-handed,Right-arm fast-medium/off-spin,Queensland
Australia,2003,Andy Bichel,27 August 1970,Right-handed,Right-arm fast-medium,Queensland
Australia,2003,Brad Hogg,6 February 1971,Left-handed,Slow left-arm wrist-spin,Western Australia
Australia,2003,Brett Lee,8 November 1976,Right-handed,Right-arm fast,New South Wales
Australia,2003,Damien Martyn,21 October 1971,Right-handed,Right-arm medium,Western Australia
Australia,2003,Darren Lehmann,5 February 1970,Left-handed,Slow left-arm orthodox,South Australia
Australia,2003,Glenn McGrath,9 February 1970,Right-handed,Right-arm fast-medium,New South Wales
Australia,2003,Ian Harvey,10 April 1972,Right-handed,Right-arm medium,Victoria
Australia,2003,Jason Gillespie,19 April 1975,Right-handed,Right-arm fast,South Australia
Australia,2003,Jimmy Maher,27 February 1974,Left-handed,Right-arm medium,Queensland
Australia,2003,Matthew Hayden,29 October 1971,Left-handed,Right-arm medium,Queensland
Australia,2003,Michael Bevan,8 May 1970,Left-handed,Slow left-arm wrist-spin,New South Wales
Australia,2003,Nathan Bracken,12 September 1977,Right-handed,Left-arm fast-medium,New South Wales
Australia,2003,Nathan Hauritz,18 October 1981,Right-handed,Right-arm off break,Queensland
Australia,2003,Ricky Ponting (c),19 December 1974,Right-handed,Right-arm medium,Tasmania
Bangladesh,2003,Akram Khan,1 November 1968,Right-handed,Right-arm medium,Chittagong
Bangladesh,2003,Al Sahariar,23 April 1978,Right-handed,Right-arm leg break,Victoria/Dhaka
Bangladesh,2003,Alok Kapali,1 January 1984,Right-handed,Right-arm leg break,Victoria/Sylhet
Bangladesh,2003,Ehsanul Haque,1 December 1979,Right-handed,Right-arm off break,Mohammedan/Chittagong
Bangladesh,2003,Habibul Bashar,17 August 1972,Right-handed,Right-arm off break,Biman
Bangladesh,2003,Hannan Sarkar,1 December 1982,Right-handed,Right-arm medium,Surjotorun/Barisal
Bangladesh,2003,Khaled Mahmud,26 July 1971,Right-handed,Right-arm medium-fast,Biman/Dhaka
Bangladesh,2003,Khaled Mashud (c/wk),8 February 1976,Right-handed,Wicket-keeper,Victoria/Rajshahi
Bangladesh,2003,Manjural Islam,7 November 1979,Left-handed,Left-arm fast-medium,Victoria/Khulna
Bangladesh,2003,Mashrafe Mortaza,5 October 1983,Right-handed,Right-arm fast-medium,Azad/Khulna
Bangladesh,2003,Mohammad Ashraful,7 July 1984,Right-handed,Right-arm leg break,Surjotorun/Dhaka
Bangladesh,2003,Mohammad Rafique,5 September 1970,Left-handed,Slow left-arm orthodox,Mohammedan/Dhaka
Bangladesh,2003,Sanwar Hossain,5 August 1973,Right-handed,Right-arm off break,Mohammedan/Barisal
Bangladesh,2003,Talha Jubair,10 December 1985,Right-handed,Right-arm medium-fast,Kalabagan/Dhaka
Bangladesh,2003,Tapash Baisya,15 December 1982,Right-handed,Right-arm fast-medium,Mohammedan/Sylhet
Bangladesh,2003,Tushar Imran,20 December 1983,Right-handed,Right-arm medium,City Club/Khulna
Canada,2003,Abdool Samad (wk),3 May 1979,Right-handed,Right-arm off break,Cavaliers
Canada,2003,Ashish Bagai (wk),26 January 1982,Right-handed,Wicket-keeper,Toronto
Canada,2003,Ashish Patel,31 July 1975,Right-handed,Right-arm medium,Quebec
Canada,2003,Austin Codrington,22 August 1975,Right-handed,Right-arm medium-fast,Overseas
Canada,2003,Barry Seebaran,12 September 1972,Right-handed,Slow left-arm orthodox,Richmond
Canada,2003,Davis Joseph,31 July 1963,Right-handed,Right-arm medium-fast,Victoria Park
Canada,2003,Desmond Chumney,8 January 1968,Right-handed,Right-arm off break,Victoria Park
Canada,2003,Fazil Samad,6 April 1975,Right-handed,Right-arm off break,Cavaliers
Canada,2003,Ian Billcliff,26 October 1972,Right-handed,Right-arm medium,Vikings
Canada,2003,Ishwar Maraj,26 January 1969,Left-handed,Right-arm off break,Overseas
Canada,2003,Joe Harris (c),16 August 1965,Right-handed,Right-arm off break,Toronto
Canada,2003,John Davison,9 May 1970,Right-handed,Right-arm off break,South Australia
Canada,2003,Nicholas Ifill,24 November 1968,Right-handed,Right-arm medium,Victoria Park
Canada,2003,Nicholas de Groot,22 October 1975,Right-handed,Right-arm medium,Vikings
Canada,2003,Sanjayan Thuraisingam,11 September 1969,Right-handed,Right-arm fast-medium,Toronto
England,2003,Alec Stewart (wk),8 April 1963,Right-handed,Right-arm medium,Surrey
England,2003,Andrew Flintoff,6 December 1977,Right-handed,Right-arm fast,Lancashire
England,2003,Andy Caddick,21 November 1968,Right-handed,Right-arm fast-medium,Somerset
England,2003,Ashley Giles,19 March 1973,Right-handed,Slow left-arm orthodox,Warwickshire
England,2003,Craig White,16 December 1969,Right-handed,Right-arm fast-medium,Yorkshire
England,2003,Ian Blackwell,10 June 1978,Left-handed,Slow left-arm orthodox,Somerset
England,2003,James Anderson,30 July 1982,Left-handed,Right-arm fast-medium,Lancashire
England,2003,Marcus Trescothick,25 December 1975,Left-handed,Right-arm medium,Somerset
England,2003,Matthew Hoggard,31 December 1976,Right-handed,Right-arm fast-medium,Yorkshire
England,2003,Michael Vaughan,29 October 1974,Right-handed,Right-arm off break,Yorkshire
England,2003,Nasser Hussain (c),28 March 1968,Right-handed,Right-arm leg break,Essex
England,2003,Nick Knight,28 November 1969,Left-handed,Right-arm medium,Warwickshire
England,2003,Paul Collingwood,26 May 1976,Right-handed,Right-arm fast-medium,Durham
England,2003,Ronnie Irani,26 October 1971,Right-handed,Right-arm medium,Essex
England,2003,Steve Harmison,23 October 1978,Right-handed,Right-arm fast,Durham
India,2003,Ajit Agarkar,4 December 1977,Right-handed,Right-arm fast-medium,Mumbai
India,2003,Anil Kumble,17 October 1970,Right-handed,Right-arm leg break,Karnataka
India,2003,Ashish Nehra,29 April 1979,Right-handed,Left-arm fast-medium,Delhi
India,2003,Dinesh Mongia,17 April 1977,Left-handed,Slow left-arm orthodox,Punjab
India,2003,Harbhajan Singh,3 July 1980,Right-handed,Right-arm off break,Punjab
India,2003,Javagal Srinath,31 August 1969,Right-handed,Right-arm fast-medium,Karnataka
India,2003,Mohammad Kaif,1 December 1980,Right-handed,Right-arm off break,Uttar Pradesh
India,2003,Parthiv Patel (wk),9 March 1985,Left-handed,Wicket-keeper,Gujarat
India,2003,Rahul Dravid (wk) (vc),11 January 1973,Right-handed,Right-arm off break,Karnataka
India,2003,Sachin Tendulkar,24 April 1973,Right-handed,Right-arm leg break,Mumbai
India,2003,Sanjay Bangar,11 October 1972,Right-handed,Right-arm medium-fast,Railways
India,2003,Sourav Ganguly (c),8 July 1972,Left-handed,Right-arm medium,Bengal
India,2003,Virender Sehwag,20 October 1978,Right-handed,Right-arm off break,Delhi
India,2003,Yuvraj Singh,12 December 1981,Left-handed,Slow left-arm orthodox,Punjab
India,2003,Zaheer Khan,7 October 1978,Right-handed,Left-arm fast-medium,Baroda
Kenya,2003,Aasif Karim,15 December 1963,Right-handed,Slow left-arm orthodox,"Jaffery, Mombasa"
Kenya,2003,Alpesh Vadher,7 September 1974,Right-handed,,"Premier, Nairobi"
Kenya,2003,Brijal Patel,14 November 1977,Right-handed,Slow left-arm orthodox,"Premier, Nairobi"
Kenya,2003,Collins Obuya,27 July 1981,Right-handed,Right-arm leg break,"Ruaraka, Nairobi"
Kenya,2003,David Obuya (wk),14 August 1979,Right-handed,Wicket-keeper,"Ruaraka, Nairobi"
Kenya,2003,Hitesh Modi,13 October 1971,Left-handed,Right-arm off break,"Nairobi Gymkhana, Kisumu"
Kenya,2003,Joseph Angara,8 November 1971,Right-handed,Right-arm medium,"Swamibapa, Nairobi"
Kenya,2003,Kennedy Otieno (wk),11 March 1972,Right-handed,Wicket-keeper,"Ruaraka, Nairobi"
Kenya,2003,Martin Suji,2 June 1971,Right-handed,Right-arm medium-fast,"Aga Khan, Nairobi"
Kenya,2003,Maurice Odumbe,15 June 1969,Right-handed,Right-arm off break,"Aga Khan, Nairobi"
Kenya,2003,Peter Ongondo,10 February 1977,Right-handed,Right-arm medium,"Swamibapa, Nairobi"
Kenya,2003,Ravindu Shah,28 August 1972,Right-handed,Right-arm medium,"Nairobi Gymkhana, Nairobi"
Kenya,2003,Steve Tikolo (c),25 June 1971,Right-handed,Right-arm medium,"Swamibapa, Nairobi"
Kenya,2003,Thomas Odoyo,12 May 1978,Right-handed,Right-arm medium-fast,"Nairobi Gymkhana, Nairobi"
Kenya,2003,Tony Suji,5 February 1976,Right-handed,Right-arm medium,"Aga Khan, Nairobi"
Namibia,2003,Bjorn Kotze,11 December 1978,Right-handed,Right-arm medium-fast,Wanderers
Namibia,2003,Bryan Murgatroyd,19 October 1969,Right-handed,Right-arm medium,Wanderers
Namibia,2003,Burton van Rooi,9 July 1982,Right-handed,Right-arm medium-fast,CCD
Namibia,2003,Danie Keulder,2 August 1973,Right-handed,Right-arm off break,Wanderers
Namibia,2003,Deon Kotze (c),12 September 1973,Right-handed,Right-arm off break,Wanderers
Namibia,2003,Gerrie Snyman,30 April 1981,Right-handed,Right-arm fast-medium,United
Namibia,2003,Jan-Berrie Burger,25 August 1981,Right-handed,Right-arm leg break,Police
Namibia,2003,Johannes van der Merwe,5 February 1980,Right-handed,Right-arm off break,Namibia
Namibia,2003,Lennie Louw,19 June 1959,Right-handed,Slow left-arm orthodox,CCD
Namibia,2003,Louis Burger,12 March 1978,Right-handed,Right-arm medium,United
Namibia,2003,Melt van Schoor (wk),8 December 1967,Right-handed,Wicket-keeper,Police
Namibia,2003,Morne Karg (wk),12 July 1977,Right-handed,Wicket-keeper,United
Namibia,2003,Riaan Walters,10 August 1980,Right-handed,,United
Namibia,2003,Rudi van Vuuren,20 September 1972,Right-handed,Right-arm medium-fast,Police
Namibia,2003,Sarel Burger,13 February 1983,Right-handed,Right-arm medium-fast,United
Namibia,2003,Stefan Swanepoel,2 December 1981,Right-handed,,Wanderers
Netherlands,2003,Adeel Raja,15 August 1980,Right-handed,Right-arm off break,VRA Amsterdam
Netherlands,2003,Bas Zuiderent,3 March 1977,Right-handed,Right-arm medium,Sussex
Netherlands,2003,Daan van Bunge,19 October 1982,Right-handed,Right-arm leg break,Voorburg CC
Netherlands,2003,Edgar Schiferli,17 May 1976,Right-handed,Right-arm fast-medium,Quick Den Haag
Netherlands,2003,Feiko Kloppenburg,19 June 1974,Right-handed,Right-arm medium,Rood en Wit Haarlem
Netherlands,2003,Hendrik-Jan Mol,29 March 1977,Left-handed,Left-arm medium,Quick Den Haag
Netherlands,2003,Jacob-Jan Esmeijer,28 May 1972,Right-handed,Slow left-arm orthodox,Excelsior'20
Netherlands,2003,Jeroen Smits (wk),21 June 1972,Right-handed,Wicket-keeper,HCC Den Haag
Netherlands,2003,Klaas-Jan van Noortwijk,10 July 1970,Right-handed,Right-arm medium,VOC Rotterdam
Netherlands,2003,Luuk van Troost,28 September 1969,Left-handed,Left-arm medium,Excelsior'20
Netherlands,2003,Nick Statham,15 March 1975,Right-handed,Right-arm off break,Hermes DVS
Netherlands,2003,Reinout Scholte (wk),10 August 1967,Right-handed,Wicket-keeper,VOC Rotterdam
Netherlands,2003,Roland Lefebvre (c),7 February 1963,Right-handed,Right-arm medium-fast,VOC Rotterdam
Netherlands,2003,Ruud Nijman,15 June 1982,Right-handed,Right-arm medium-fast,Hermes DVS
Netherlands,2003,Tim de Leede,25 January 1968,Right-handed,Right-arm medium,Voorburg CC
Netherlands,2003,Victor Grandia,10 January 1979,Right-handed,Right-arm medium,VRA Amsterdam
New Zealand,2003,Andre Adams,17 July 1975,Right-handed,Right-arm fast-medium,Auckland
New Zealand,2003,Brendon McCullum (wk),27 September 1981,Right-handed,Right-arm medium,Otago
New Zealand,2003,Chris Cairns,13 June 1970,Right-handed,Right-arm fast-medium,Canterbury
New Zealand,2003,Chris Harris,20 November 1969,Left-handed,Right-arm medium,Canterbury
New Zealand,2003,Craig McMillan,13 September 1976,Right-handed,Right-arm medium,Canterbury
New Zealand,2003,Daniel Vettori,27 January 1979,Left-handed,Slow left-arm orthodox,Northern Districts
New Zealand,2003,Daryl Tuffey,11 June 1978,Right-handed,Right-arm fast-medium,Northern Districts
New Zealand,2003,Jacob Oram,28 July 1978,Left-handed,Right-arm fast-medium,Central Districts
New Zealand,2003,Kyle Mills,15 March 1979,Right-handed,Right-arm fast-medium,Auckland
New Zealand,2003,Lou Vincent (wk),11 November 1978,Right-handed,Right-arm medium,Auckland
New Zealand,2003,Mathew Sinclair,9 November 1975,Right-handed,Right-arm medium-fast,Central Districts
New Zealand,2003,Nathan Astle,15 September 1971,Right-handed,Right-arm medium,Canterbury
New Zealand,2003,Scott Styris,10 July 1975,Right-handed,Right-arm medium,Northern Districts
New Zealand,2003,Shane Bond,7 June 1975,Right-handed,Right-arm fast,Canterbury
New Zealand,2003,Stephen Fleming (c),1 April 1973,Left-handed,Right-arm medium,Wellington
Pakistan,2003,Abdul Razzaq,2 December 1979,Right-handed,Right-arm fast-medium,PIA
Pakistan,2003,Azhar Mahmood,28 February 1975,Right-handed,Right-arm fast-medium,PIA
Pakistan,2003,Inzamam-ul-Haq,3 March 1970,Right-handed,Slow left-arm orthodox,National Bank
Pakistan,2003,Mohammad Sami,24 February 1981,Right-handed,Right-arm fast,National Bank
Pakistan,2003,Rashid Latif (wk),14 October 1968,Right-handed,Right-arm leg break,Allied Bank
Pakistan,2003,Saeed Anwar,6 September 1968,Left-handed,Slow left-arm orthodox,National Bank
Pakistan,2003,Saleem Elahi,21 November 1976,Right-handed,Right-arm off break,Habib Bank
Pakistan,2003,Saqlain Mushtaq,29 December 1976,Right-handed,Right-arm off break,PIA
Pakistan,2003,Shahid Afridi,1 March 1980,Right-handed,Right-arm leg break,Habib Bank
Pakistan,2003,Shoaib Akhtar,13 August 1975,Right-handed,Right-arm fast,Khan Research Labs
Pakistan,2003,Taufeeq Umar,20 June 1981,Left-handed,Right-arm off break,Habib Bank
Pakistan,2003,Waqar Younis (c),16 November 1971,Right-handed,Right-arm fast,National Bank
Pakistan,2003,Wasim Akram,3 June 1966,Left-handed,Left-arm fast,PIA
Pakistan,2003,Younis Khan,29 November 1977,Right-handed,Right-arm leg break,Habib Bank
Pakistan,2003,Yousuf Youhana,27 August 1974,Right-handed,Right-arm off break,PIA
South Africa,2003,Allan Donald,20 October 1966,Right-handed,Right-arm fast,Free State
South Africa,2003,Andrew Hall,31 July 1975,Right-handed,Right-arm fast-medium,Northerns
South Africa,2003,Boeta Dippenaar,14 June 1977,Right-handed,Right-arm off break,Free State
South Africa,2003,Charl Langeveldt,17 December 1974,Right-handed,Right-arm fast-medium,Boland
South Africa,2003,Gary Kirsten,23 November 1967,Left-handed,Right-arm off break,Western Province
South Africa,2003,Graeme Smith,1 February 1981,Left-handed,Right-arm off break,Western Province
South Africa,2003,Herschelle Gibbs,23 February 1974,Right-handed,Right-arm medium,Western Province
South Africa,2003,Jacques Kallis,16 October 1975,Right-handed,Right-arm fast-medium,Western Province
South Africa,2003,Jonty Rhodes,27 July 1969,Right-handed,Right-arm medium,KwaZulu-Natal
South Africa,2003,Lance Klusener,4 September 1971,Left-handed,Right-arm fast-medium,KwaZulu-Natal
South Africa,2003,Makhaya Ntini,6 July 1977,Right-handed,Right-arm fast,Border
South Africa,2003,Mark Boucher (wk),6 December 1976,Right-handed,Right-arm medium,Border
South Africa,2003,Monde Zondeki,25 July 1982,Right-handed,Right-arm fast,Border
South Africa,2003,Nicky Boje,20 March 1973,Left-handed,Slow left-arm orthodox,Free State
South Africa,2003,Robin Peterson,4 August 1979,Left-handed,Slow left-arm orthodox,Eastern Province
South Africa,2003,Shaun Pollock (c),16 July 1973,Right-handed,Right-arm fast-medium,KwaZulu-Natal
Sri Lanka,2003,Aravinda de Silva,17 October 1965,Right-handed,Right-arm off break,Nondescripts
Sri Lanka,2003,Avishka Gunawardene,26 May 1977,Left-handed,,Sinhalese SC
Sri Lanka,2003,Chaminda Vaas,27 January 1974,Left-handed,Left-arm fast-medium,Colts
Sri Lanka,2003,Charitha Buddhika,22 August 1980,Right-handed,Right-arm medium-fast,Panadura
Sri Lanka,2003,Dilhara Fernando,19 July 1979,Right-handed,Right-arm fast,Sinhalese SC
Sri Lanka,2003,Hashan Tillakaratne,14 July 1967,Left-handed,Right-arm off break,Nondescripts
Sri Lanka,2003,Jehan Mubarak,10 January 1981,Left-handed,Right-arm off break,Colombo
Sri Lanka,2003,Kumar Sangakkara (wk),27 October 1977,Left-handed,Right-arm off break,Nondescripts
Sri Lanka,2003,Mahela Jayawardene,27 May 1977,Right-handed,Right-arm medium,Sinhalese SC
Sri Lanka,2003,Marvan Atapattu,22 November 1970,Right-handed,Right-arm leg break,Sinhalese SC
Sri Lanka,2003,Muttiah Muralitharan,17 April 1972,Right-handed,Right-arm off break,Tamil Union
Sri Lanka,2003,Prabath Nissanka,25 October 1980,Right-handed,Right-arm medium-fast,Bloomfield
Sri Lanka,2003,Pulasthi Gunaratne,27 September 1973,Right-handed,Right-arm fast-medium,Tamil Union
Sri Lanka,2003,Russel Arnold,25 October 1973,Left-handed,Right-arm off break,Nondescripts
Sri Lanka,2003,Sanath Jayasuriya (c),30 June 1969,Left-handed,Slow left-arm orthodox,Bloomfield
West Indies,2003,Brian Lara,2 May 1969,Left-handed,Right-arm leg break,Trinidad and Tobago
West Indies,2003,Carl Hooper (c),15 December 1966,Right-handed,Right-arm off break,Guyana
West Indies,2003,Chris Gayle,21 September 1979,Left-handed,Right-arm off break,Jamaica
West Indies,2003,Corey Collymore,21 December 1977,Right-handed,Right-arm fast-medium,Barbados
West Indies,2003,Jermaine Lawson,13 January 1982,Right-handed,Right-arm fast-medium,Jamaica
West Indies,2003,Marlon Samuels,5 January 1981,Right-handed,Right-arm off break,Jamaica
West Indies,2003,Mervyn Dillon,5 June 1974,Right-handed,Right-arm fast-medium,Trinidad and Tobago
West Indies,2003,Nixon McLean,20 July 1973,Left-handed,Right-arm fast-medium,Windward Islands
West Indies,2003,Pedro Collins,12 August 1976,Right-handed,Left-arm fast-medium,Barbados
West Indies,2003,Ramnaresh Sarwan,23 June 1980,Right-handed,Right-arm leg break,Guyana
West Indies,2003,Ricardo Powell,16 December 1978,Right-handed,Right-arm off break,Jamaica
West Indies,2003,Ridley Jacobs (wk),26 November 1967,Left-handed,Wicket-keeper,Leeward Islands
West Indies,2003,Shivnarine Chanderpaul,16 August 1974,Left-handed,Right-arm leg break,Guyana
West Indies,2003,Vasbert Drakes,5 August 1969,Right-handed,Right-arm medium-fast,Barbados
West Indies,2003,Wavell Hinds,7 September 1976,Left-handed,Right-arm medium,Jamaica
Zimbabwe,2003,Alistair Campbell,23 September 1972,Left-handed,Right-arm off break,Manicaland
Zimbabwe,2003,Andy Blignaut,1 August 1978,Left-handed,Right-arm fast-medium,Mashonaland
Zimbabwe,2003,Andy Flower (wk),28 April 1968,Left-handed,Right-arm off break,Mashonaland
Zimbabwe,2003,Brian Murphy,1 December 1976,Right-handed,Right-arm leg break,Mashonaland
Zimbabwe,2003,Craig Wishart,9 January 1974,Right-handed,Right-arm off break,Midlands
Zimbabwe,2003,Dion Ebrahim,7 August 1980,Right-handed,Right-arm medium,Mashonaland
Zimbabwe,2003,Dougie Marillier,24 April 1978,Right-handed,Right-arm off break,Midlands
Zimbabwe,2003,Douglas Hondo,7 July 1979,Right-handed,Right-arm fast-medium,Mashonaland
Zimbabwe,2003,Grant Flower,20 December 1970,Right-handed,Slow left-arm orthodox,Mashonaland
Zimbabwe,2003,Guy Whittall,5 September 1972,Right-handed,Right-arm medium,Manicaland
Zimbabwe,2003,Heath Streak (c),16 March 1974,Right-handed,Right-arm fast-medium,Matabeleland
Zimbabwe,2003,Henry Olonga,3 July 1976,Right-handed,Right-arm fast,Manicaland
Zimbabwe,2003,Mark Vermeulen,2 March 1979,Right-handed,Right-arm off break,Matabeleland
Zimbabwe,2003,Sean Ervine,6 December 1982,Left-handed,Right-arm medium,Midlands
Zimbabwe,2003,Stuart Matsikenyeri,3 May 1983,Right-handed,Right-arm off break,Manicaland
Zimbabwe,2003,Tatenda Taibu (wk),14 May 1983,Right-handed,Right-arm off break,Mashonaland
Zimbabwe,2003,Travis Friend,7 January 1981,Right-handed,Right-arm fast-medium,Midlands
Australia,2007,Adam Gilchrist,14 November 1971,Left-handed,Wicket-keeper,Western Warriors
Australia,2007,Andrew Symonds,9 June 1975,Right-handed,Right-arm medium/off break,Queensland Bulls
Australia,2007,Brad Haddin,23 October 1977,Right-handed,Wicket-keeper,New South Wales Blues
Australia,2007,Brad Hodge,29 December 1974,Right-handed,Right-arm off break,Victorian Bushrangers
Australia,2007,Brad Hogg,6 February 1971,Left-handed,Slow left-arm wrist-spin,Western Warriors
Australia,2007,Glenn McGrath,9 February 1970,Right-handed,Right-arm fast-medium,New South Wales Blues
Australia,2007,Matthew Hayden,29 October 1971,Left-handed,Right-arm medium,Queensland Bulls
Australia,2007,Michael Clarke,2 April 1981,Right-handed,Slow left-arm orthodox,New South Wales Blues
Australia,2007,Michael Hussey,27 May 1975,Left-handed,Right-arm medium,Western Warriors
Australia,2007,Mitchell Johnson,2 November 1981,Left-handed,Left-arm fast,Queensland Bulls
Australia,2007,Nathan Bracken,12 September 1977,Right-handed,Left-arm fast-medium,New South Wales Blues
Australia,2007,Ricky Ponting (c),19 December 1974,Right-handed,Right-arm medium,Tasmanian Tigers
Australia,2007,Shane Watson,17 June 1981,Right-handed,Right-arm fast-medium,Queensland Bulls
Australia,2007,Shaun Tait,22 February 1983,Right-handed,Right-arm fast,Southern Redbacks
Australia,2007,Stuart Clark,28 September 1975,Right-handed,Right-arm fast-medium,New South Wales Blues
Bangladesh,2007,Abdur Razzak,15 June 1982,Right-handed,Slow left-arm orthodox,Khulna
Bangladesh,2007,Aftab Ahmed,10 November 1985,Right-handed,Right-arm medium,Chittagong
Bangladesh,2007,Farhad Reza,16 June 1986,Right-handed,Right-arm fast-medium,Rajshahi
Bangladesh,2007,Habibul Bashar (c),17 August 1972,Right-handed,Right-arm off break,Khulna
Bangladesh,2007,Javed Omar,25 November 1976,Right-handed,Right-arm leg break,Dhaka
Bangladesh,2007,Mashrafe Mortaza,5 October 1983,Right-handed,Right-arm fast-medium,Khulna
Bangladesh,2007,Mohammad Ashraful,9 September 1984,Right-handed,Right-arm leg break,Dhaka
Bangladesh,2007,Mohammad Rafique,5 September 1970,Left-handed,Slow left-arm orthodox,Dhaka
Bangladesh,2007,Mushfiqur Rahim,1 September 1988,Right-handed,Wicket-keeper,Rajshahi
Bangladesh,2007,Rajin Saleh,20 November 1983,Right-handed,Right-arm off break,Sylhet
Bangladesh,2007,Shahadat Hossain,7 August 1986,Right-handed,Right-arm fast-medium,Dhaka
Bangladesh,2007,Shahriar Nafees,25 January 1986,Left-handed,,Barisal
Bangladesh,2007,Shakib Al Hasan,24 March 1987,Left-handed,Slow left-arm orthodox,Khulna
Bangladesh,2007,Syed Rasel,3 July 1984,Left-handed,Left-arm medium-fast,Khulna
Bangladesh,2007,Tamim Iqbal,20 March 1989,Left-handed,Right-arm off spin,Chittagong
Bangladesh,2007,Tapash Baisya,25 December 1982,Right-handed,Right-arm fast-medium,Sylhet
Bermuda,2007,Clay Smith,15 January 1971,Right-handed,Right-arm off break,Cleveland County
Bermuda,2007,David Hemp,8 November 1970,Left-handed,Right-arm medium,Glamorgan Dragons
Bermuda,2007,Dean Minors,6 January 1970,Left-handed,Wicket-keeper,Flatts Victoria
Bermuda,2007,Delyone Borden,4 March 1985,Right-handed,Right-arm off break,St. David's
Bermuda,2007,Dwayne Leverock,14 July 1971,Right-handed,Slow left-arm orthodox,Southampton Rangers
Bermuda,2007,Irving Romaine (c),8 August 1972,Right-handed,Right-arm off break,Baileys Bay
Bermuda,2007,Janeiro Tucker,15 March 1975,Right-handed,Right-arm medium,Southampton Rangers
Bermuda,2007,Kevin Hurdle,30 December 1976,Right-handed,Right-arm fast,Young Men's Social Club
Bermuda,2007,Kwame Tucker,28 September 1976,Right-handed,Wicket-keeper,Southampton Rangers
Bermuda,2007,Lionel Cann,3 October 1972,Right-handed,Right-arm medium,Southampton Rangers
Bermuda,2007,Malachi Jones,26 June 1989,Right-handed,Right-arm medium-fast,Southampton Rangers
Bermuda,2007,Oliver Pitcher,27 May 1983,Right-handed,Right-arm medium,St. David's
Bermuda,2007,Saleem Mukuddem,20 January 1972,Right-handed,Right-arm medium,Western Stars
Bermuda,2007,Stefan Kelly,24 August 1988,Right-handed,Right-arm fast-medium,St. David's
Bermuda,2007,Steven Outerbridge,20 May 1983,Right-handed,Right-arm off break,Baileys Bay
Canada,2007,Abdool Samad,3 May 1979,Right-handed,Right-arm off break,Cavaliers
Canada,2007,Anderson Cummins,7 May 1966,Right-handed,Right-arm fast-medium,Cavaliers
Canada,2007,Ashish Bagai,26 January 1982,Right-handed,Wicket-keeper,Toronto
Canada,2007,Asif Mulla,5 May 1980,Right-handed,Wicket-keeper,Yorkshire
Canada,2007,Austin Codrington,22 August 1975,Right-handed,Right-arm fast-medium,Victoria Park
Canada,2007,Desmond Chumney,8 January 1968,Right-handed,Right-arm off break,Victoria Park
Canada,2007,Geoff Barnett,3 February 1984,Left-handed,Right-arm medium,Central Districts Stags Meraloma
Canada,2007,George Codrington,26 November 1966,Right-handed,Right-arm fast-medium,Victoria Park
Canada,2007,Henry Osinde,17 October 1978,Right-handed,Right-arm fast-medium,WICC
Canada,2007,Ian Billcliff,26 October 1972,Right-handed,Right-arm medium,University/Ellerslie
Canada,2007,John Davison (c),9 May 1970,Right-handed,Right-arm off break,Mosman
Canada,2007,Kevin Sandher,16 July 1980,Right-handed,Slow left-arm orthodox,Meraloma
Canada,2007,Qaiser Ali,20 December 1978,Right-handed,Right-arm off break,Adastrians
Canada,2007,Sunil Dhaniram,17 October 1968,Left-handed,Slow left-arm orthodox,Cavaliers
Canada,2007,Umar Bhatti,4 January 1984,Left-handed,Left-arm medium,Victoria Park
England,2007,Andrew Flintoff,6 December 1977,Right-handed,Right-arm fast,Lancashire Lightning
England,2007,Andrew Strauss,2 March 1977,Left-handed,Left-arm medium,Middlesex Crusaders
England,2007,Ed Joyce,22 September 1978,Left-handed,Right-arm medium,Middlesex Crusaders
England,2007,Ian Bell,11 April 1982,Right-handed,Right-arm medium,Warwickshire Bears
England,2007,James Anderson,30 July 1982,Left-handed,Right-arm fast-medium,Lancashire Lightning
England,2007,Jamie Dalrymple,21 January 1981,Right-handed,Right-arm off break,Middlesex Crusaders
England,2007,Jon Lewis,26 August 1975,Right-handed,Right-arm medium-fast,Gloucestershire Gladiators
England,2007,Kevin Pietersen,27 June 1980,Right-handed,Right-arm off break,Hampshire Hawks
England,2007,Liam Plunkett,6 April 1985,Right-handed,Right-arm fast-medium,Durham Dynamos
England,2007,Michael Vaughan (c),29 October 1974,Right-handed,Right-arm off break,Yorkshire Phoenix
England,2007,Monty Panesar,25 April 1982,Left-handed,Slow left-arm orthodox,Northamptonshire Steelbacks
England,2007,Paul Collingwood,26 May 1976,Right-handed,Right-arm medium-fast,Durham Dynamos
England,2007,Paul Nixon,21 October 1970,Left-handed,Wicket-keeper,Leicestershire Foxes
England,2007,Ravi Bopara,4 May 1985,Right-handed,Right-arm medium,Essex Eagles
England,2007,Sajid Mahmood,21 December 1981,Right-handed,Right-arm fast-medium,Lancashire Lightning
England,2007,Stuart Broad,24 June 1986,Left-handed,Right-arm fast-medium,Leicestershire Foxes
India,2007,Ajit Agarkar,4 December 1977,Right-handed,Right-arm fast,Mumbai
India,2007,Anil Kumble,17 October 1970,Right-handed,Right-arm leg break,Karnataka
India,2007,Dinesh Karthik (wk),1 June 1985,Right-handed,Wicket-keeper,Tamil Nadu
India,2007,Harbhajan Singh,3 July 1980,Right-handed,Right-arm off break,Punjab
India,2007,Irfan Pathan,27 October 1984,Left-handed,Left-arm fast-medium,Baroda
India,2007,M.S. Dhoni (wk),7 July 1981,Right-handed,Wicket-keeper,Jharkhand
India,2007,Munaf Patel,12 July 1983,Right-handed,Right-arm fast-medium,Maharashtra
India,2007,Rahul Dravid (c),11 January 1973,Right-handed,Right-arm off break,Karnataka
India,2007,Robin Uthappa,11 November 1985,Right-handed,Right-arm medium,Karnataka
India,2007,S. Sreesanth,6 February 1983,Right-handed,Right-arm fast-medium,Kerala
India,2007,Sachin Tendulkar,24 April 1973,Right-handed,Right-arm leg break,Mumbai
India,2007,Sourav Ganguly,8 July 1972,Left-handed,Right-arm medium,Bengal
India,2007,Virender Sehwag,20 October 1978,Right-handed,Right-arm off break,Delhi
India,2007,Yuvraj Singh (vc),12 December 1981,Left-handed,Slow left-arm orthodox,Punjab
India,2007,Zaheer Khan,7 October 1978,Right-handed,Left-arm fast-medium,Mumbai
Ireland,2007,Andre Botha,12 September 1975,Left-handed,Right-arm medium,North County
Ireland,2007,Andrew White,3 July 1980,Right-handed,Right-arm off break,Northamptonshire Steelbacks
Ireland,2007,Boyd Rankin,5 July 1984,Right-handed,Right-arm fast-medium,Derbyshire Phantoms
Ireland,2007,Dave Langford-Smith,7 December 1976,Right-handed,Right-arm fast-medium,Phoenix
Ireland,2007,Eoin Morgan,10 September 1986,Left-handed,Right-arm fast-medium,Middlesex Crusaders
Ireland,2007,Jeremy Bray,30 November 1973,Left-handed,,Eglinton
Ireland,2007,John Mooney,10 February 1982,Left-handed,Right-arm medium,North County
Ireland,2007,Kenny Carroll,22 March 1983,Right-handed,Right-arm legbreak,Railway Union
Ireland,2007,Kevin O'Brien,4 March 1984,Right-handed,Right-arm medium-fast,Railway Union
Ireland,2007,Kyle McCallan,27 August 1975,Right-handed,Right-arm off break,Waringstown
Ireland,2007,Niall O'Brien,8 November 1981,Right-handed,Wicket-keeper,Northamptonshire Steelbacks
Ireland,2007,Paul Mooney,15 October 1976,Right-handed,Right-arm medium,North County
Ireland,2007,Peter Gillespie,11 May 1974,Right-handed,Right-arm medium,Strabane
Ireland,2007,Trent Johnston (c),29 April 1974,Right-handed,Right-arm fast-medium,Clontarf
Ireland,2007,William Porterfield,6 September 1984,Left-handed,Off spin,"Rush, County Dublin"
Kenya,2007,Collins Obuya,27 July 1981,Right-handed,Right-arm leg break,Stray Lions
Kenya,2007,David Obuya,14 August 1979,Right-handed,Wicket-keeper,Stray Lions
Kenya,2007,Hiren Varaiya,9 April 1984,Right-handed,Slow left-arm orthodox,Nairobi Gymkhana
Kenya,2007,Jimmy Kamande,12 December 1978,Right-handed,Right-arm off break,Parklands
Kenya,2007,Lameck Onyango,22 September 1973,Right-handed,Right-arm medium,Swamibapa
Kenya,2007,Malhar Patel,27 November 1983,Right-handed,Right-arm medium,Kanbis
Kenya,2007,Morris Ouma,8 November 1982,Right-handed,Wicket-keeper,Swamibapa
Kenya,2007,Nehemiah Odhiambo,7 August 1983,Right-handed,Right-arm medium-fast,Swamibapa
Kenya,2007,Peter Ongondo,10 February 1977,Right-handed,Right-arm medium,Swamibapa
Kenya,2007,Rajesh Bhudia,22 November 1984,Right-handed,Right-arm medium,Kanbis
Kenya,2007,Ravindu Shah,28 August 1972,Right-handed,Right-arm medium,Nairobi Gymkhana
Kenya,2007,Steve Tikolo (c),25 June 1971,Right-handed,Right-arm medium,Swamibapa
Kenya,2007,Tanmay Mishra,22 December 1986,Right-handed,Right-arm fast-medium,Aga Khan
Kenya,2007,Thomas Odoyo,12 May 1978,Right-handed,Right-arm medium-fast,Kanbis
Kenya,2007,Tony Suji,5 February 1976,Right-handed,Right-arm medium,Swamibapa
Netherlands,2007,Adeel Raja,15 August 1980,Right-handed,Right-arm off break,VRA Amsterdam
Netherlands,2007,Alexei Kervezee,11 September 1989,Right-handed,Right-arm medium,Worcestershire Royals
Netherlands,2007,Bastiaan Zuiderent,3 March 1977,Right-handed,Right-arm medium,VOC Rotterdam
Netherlands,2007,Billy Stelling,30 June 1969,Right-handed,Right-arm fast-medium,HBS Craeyenhout
Netherlands,2007,Daan van Bunge,19 October 1982,Right-handed,Right-arm leg break,Excelsior'20
Netherlands,2007,Darron Reekers,26 May 1973,Right-handed,Right-arm medium,Quick Den Haag
Netherlands,2007,Edgar Schiferli,17 May 1976,Right-handed,Right-arm medium-fast,Quick Den Haag
Netherlands,2007,Eric Szwarczynski,13 February 1983,Right-handed,Right-arm medium,VRA Amsterdam
Netherlands,2007,Jeroen Smits,21 June 1972,Right-handed,Wicket-keeper,HCC Den Haag
Netherlands,2007,Luuk van Troost (c),28 December 1969,Left-handed,Left-arm medium,Excelsior'20
Netherlands,2007,Mark Jonkman,20 March 1986,Right-handed,Right-arm medium-fast,HCC Den Haag
Netherlands,2007,Mohammad Kashif,3 December 1984,Right-handed,Slow left-arm orthodox,VOC Rotterdam
Netherlands,2007,Peter Borren,21 August 1983,Right-handed,Right-arm medium,VRA Amsterdam
Netherlands,2007,Ryan ten Doeschate,30 June 1980,Right-handed,Right-arm medium-fast,Essex Eagles
Netherlands,2007,Tim de Leede,25 January 1968,Right-handed,Right-arm medium,Voorburg CC
New Zealand,2007,Brendon McCullum,27 September 1981,Right-handed,Wicket-keeper,Canterbury Wizards
New Zealand,2007,Chris Martin,10 December 1979,Right-handed,Right-arm fast-medium,Auckland Aces
New Zealand,2007,Craig McMillan,13 September 1976,Right-handed,Right-arm medium,Canterbury Wizards
New Zealand,2007,Daniel Vettori,27 January 1979,Left-handed,Slow left-arm orthodox,Northern Districts Knights
New Zealand,2007,Daryl Tuffey,11 June 1978,Right-handed,Right-arm fast-medium,Northern Districts Knights
New Zealand,2007,Hamish Marshall,15 February 1979,Right-handed,Right-arm medium,Northern Districts Knights
New Zealand,2007,Jacob Oram,28 July 1978,Left-handed,Right-arm medium,Central Districts Stags
New Zealand,2007,James Franklin,7 November 1980,Left-handed,Left-arm fast-medium,Wellington Firebirds
New Zealand,2007,Jeetan Patel,7 May 1980,Right-handed,Right-arm off break,Wellington Firebirds
New Zealand,2007,Lou Vincent,11 November 1978,Right-handed,Right-arm medium,Auckland Aces
New Zealand,2007,Mark Gillespie,17 October 1979,Right-handed,Right-arm fast-medium,Wellington Firebirds
New Zealand,2007,Michael Mason,27 August 1974,Right-handed,Right-arm fast-medium,Central Districts Stags
New Zealand,2007,Peter Fulton,1 February 1979,Right-handed,Right-arm medium,Canterbury Wizards
New Zealand,2007,Ross Taylor,8 March 1984,Right-handed,Right-arm off break,Central Districts Stags
New Zealand,2007,Scott Styris,10 July 1975,Right-handed,Right-arm fast-medium,Auckland Aces
New Zealand,2007,Shane Bond,7 June 1975,Right-handed,Right-arm fast,Canterbury Wizards
New Zealand,2007,Stephen Fleming (c),1 April 1973,Left-handed,Right-arm medium,Wellington Firebirds
Pakistan,2007,Azhar Mahmood,28 February 1975,Right-handed,Right-arm fast-medium,HBL/Islamabad Surrey Lions
Pakistan,2007,Danish Kaneria,16 December 1980,Right-handed,Right-arm leg break,HBL/Karachi Harbour
Pakistan,2007,Iftikhar Anjum,1 December 1980,Right-handed,Right-arm medium,ZTBL/Islamabad
Pakistan,2007,Imran Nazir,31 December 1981,Right-handed,Right-arm leg break,NBP/Sialkot
Pakistan,2007,Inzamam-ul-Haq (c),3 March 1970,Right-handed,Slow left-arm orthodox,WAPDA/Multan
Pakistan,2007,Kamran Akmal,13 January 1982,Right-handed,Wicket-keeper,NBP/Lahore Ravi
Pakistan,2007,Mohammad Hafeez,17 October 1980,Right-handed,Right-arm off break,SNGPL/Faisalabad
Pakistan,2007,Mohammad Sami,24 February 1981,Right-handed,Right-arm fast,NBP/Karachi
Pakistan,2007,Mohammad Yousuf,27 August 1974,Right-handed,Right-arm slow,WAPDA/Lahore Ravi
Pakistan,2007,Rana Naved-ul-Hasan,28 February 1978,Right-handed,Right-arm medium-fast,WAPDA/Sialkot Sussex Sharks
Pakistan,2007,Shahid Afridi (vc),1 March 1980,Right-handed,Right-arm leg break,HBL/Karachi Harbour
Pakistan,2007,Shoaib Malik,1 February 1982,Right-handed,Right-arm off break,PIA/Sialkot
Pakistan,2007,Umar Gul,14 April 1984,Right-handed,Right-arm fast-medium,HBL/Peshawar
Pakistan,2007,Yasir Arafat,12 March 1982,Right-handed,Right-arm medium,KRL/Rawalpindi Sussex Sharks
Pakistan,2007,Younis Khan,29 November 1977,Right-handed,Right-arm leg break,HBL/Peshawar
Scotland,2007,Colin Smith,27 September 1972,Right-handed,Wicket-keeper,Aberdeenshire
Scotland,2007,Craig Wright (c),28 April 1974,Right-handed,Right-arm medium,Greenock
Scotland,2007,Dewald Nel,6 June 1980,Right-handed,Right-arm medium-fast,Greenock
Scotland,2007,Dougie Brown,29 October 1969,Right-handed,Right-arm fast-medium,Warwickshire Bears
Scotland,2007,Dougie Lockhart,19 January 1976,Right-handed,Right-arm medium,West of Scotland
Scotland,2007,Fraser Watts,5 June 1979,Right-handed,,Greenock
Scotland,2007,Gavin Hamilton,16 September 1974,Left-handed,Right-arm medium-fast,Scottish Saltires
Scotland,2007,Glenn Rogers,12 April 1977,Right-handed,Slow left-arm orthodox,Stenhousemuir
Scotland,2007,John Blain,4 January 1979,Left-handed,Right-arm fast-medium,Yorkshire Phoenix
Scotland,2007,Majid Haq,11 February 1983,Left-handed,Right-arm off break,Ferguslie
Scotland,2007,Navdeep Poonia,11 May 1986,Right-handed,Right-arm medium-fast,Warwickshire Bears
Scotland,2007,Neil McCallum,22 November 1977,Right-handed,,Grange
Scotland,2007,Paul Hoffmann,14 January 1970,Right-handed,Right-arm medium-fast,Uddingston
Scotland,2007,Ross Lyons,8 December 1984,Left-handed,Slow left-arm orthodox,Clydesdale
Scotland,2007,Ryan Watson,12 November 1976,Right-handed,Right-arm medium-fast,Forfarshire
South Africa,2007,AB de Villiers,17 February 1984,Right-handed,Right-arm medium Wicket-keeper,Titans
South Africa,2007,Andrew Hall,31 July 1975,Right-handed,Right-arm fast-medium,Dolphins Kent Spitfires
South Africa,2007,André Nel,15 July 1977,Right-handed,Right-arm fast-medium,Titans
South Africa,2007,Ashwell Prince,28 May 1977,Left-handed,Left-arm slow,Cape Cobras
South Africa,2007,Charl Langeveldt,17 December 1974,Right-handed,Right-arm fast-medium,Lions
South Africa,2007,Graeme Smith (c),1 February 1981,Left-handed,Right-arm off break,Cape Cobras
South Africa,2007,Herschelle Gibbs,23 February 1974,Right-handed,Right-arm medium,Cape Cobras
South Africa,2007,Jacques Kallis,16 October 1975,Right-handed,Right-arm fast-medium,Cape Cobras
South Africa,2007,Justin Kemp,2 October 1977,Right-handed,Right-arm fast-medium,Titans Kent Spitfires
South Africa,2007,Loots Bosman,14 April 1977,Right-handed,Right-arm medium,Eagles
South Africa,2007,Makhaya Ntini,6 July 1977,Right-handed,Right-arm fast,Warriors
South Africa,2007,Mark Boucher,3 December 1976,Right-handed,Wicket-keeper,Warriors
South Africa,2007,Robin Peterson,4 August 1979,Left-handed,Slow left-arm orthodox,Warriors
South Africa,2007,Roger Telemachus,27 March 1973,Right-handed,Right-arm fast-medium,Eagles
South Africa,2007,Shaun Pollock,16 July 1973,Right-handed,Right-arm fast-medium,Dolphins
Sri Lanka,2007,Chamara Silva,14 December 1979,Right-handed,Right-arm leg break,Sebastianites C&AC
Sri Lanka,2007,Chaminda Vaas,27 January 1974,Left-handed,Left-arm fast-medium,Colts CC
Sri Lanka,2007,Dilhara Fernando,19 July 1979,Right-handed,Right-arm fast-medium,Sinhalese SC
Sri Lanka,2007,Farveez Maharoof,7 September 1984,Right-handed,Right-arm fast-medium,Bloomfield C&AC
Sri Lanka,2007,Kumar Sangakkara,27 October 1977,Left-handed,Wicket-keeper,Nondescripts CC
Sri Lanka,2007,Lasith Malinga,4 September 1983,Right-handed,Right-arm fast,Nondescripts CC
Sri Lanka,2007,Mahela Jayawardene (c),27 May 1977,Right-handed,Right-arm medium,Sinhalese SC
Sri Lanka,2007,Malinga Bandara,31 December 1979,Right-handed,Right-arm leg break,Ragama CC
Sri Lanka,2007,Marvan Atapattu,22 November 1970,Right-handed,Right-arm leg break,Sinhalese SC
Sri Lanka,2007,Muttiah Muralitharan,17 April 1972,Right-handed,Right-arm off break,Tamil Union C&AC
Sri Lanka,2007,Nuwan Kulasekara,22 July 1982,Right-handed,Right-arm fast-medium,Colts CC
Sri Lanka,2007,Russel Arnold,25 October 1973,Left-handed,Right-arm off break,Nondescripts CC
Sri Lanka,2007,Sanath Jayasuriya,30 June 1969,Left-handed,Slow left-arm orthodox,Bloomfield C&AC
Sri Lanka,2007,Tillakaratne Dilshan,14 October 1976,Right-handed,Right-arm off break,Bloomfield C&AC
Sri Lanka,2007,Upul Tharanga,2 February 1985,Left-handed,,Nondescripts CC
West Indies,2007,Brian Lara (c),2 May 1969,Left-handed,Right-arm leg break googly,Trinidad and Tobago
West Indies,2007,Chris Gayle,21 September 1979,Left-handed,Right-arm off break,Jamaica
West Indies,2007,Corey Collymore,21 December 1977,Right-handed,Right-arm fast-medium,Barbados
West Indies,2007,Daren Powell,15 April 1978,Right-handed,Right-arm fast-medium,Jamaica
West Indies,2007,Denesh Ramdin,13 March 1985,Right-handed,Wicket-keeper,Trinidad and Tobago
West Indies,2007,Devon Smith,21 October 1981,Left-handed,Right-arm off break,Windward Islands
West Indies,2007,Dwayne Bravo,7 October 1983,Right-handed,Right-arm fast-medium,Trinidad and Tobago Kent Spitfires
West Indies,2007,Dwayne Smith,12 April 1983,Right-handed,Right-arm medium,Barbados
West Indies,2007,Ian Bradshaw,9 July 1974,Left-handed,Left-arm fast-medium,Barbados
West Indies,2007,Jerome Taylor,22 June 1984,Right-handed,Right-arm fast,Jamaica
West Indies,2007,Kieron Pollard,12 May 1987,Right-handed,Right-arm medium,Trinidad and Tobago
West Indies,2007,Lendl Simmons,25 January 1985,Right-handed,Right-arm medium-fast,Trinidad and Tobago
West Indies,2007,Marlon Samuels,5 February 1981,Right-handed,Right-arm off break,Jamaica
West Indies,2007,Ramnaresh Sarwan,23 June 1980,Right-handed,Right-arm leg break,Guyana
West Indies,2007,Shivnarine Chanderpaul,18 August 1974,Left-handed,Right-arm leg break,Guyana
Zimbabwe,2007,Anthony Ireland,30 August 1984,Right-handed,Right-arm medium,Midlands
Zimbabwe,2007,Brendan Taylor,6 February 1983,Right-handed,Wicket-keeper,Mashonaland
Zimbabwe,2007,Christopher Mpofu,27 November 1985,Right-handed,Right-arm medium,Matabeleland
Zimbabwe,2007,Ed Rainsford,14 December 1984,Right-handed,Right-arm fast-medium,Midlands
Zimbabwe,2007,Elton Chigumbura,14 March 1986,Right-handed,Right-arm medium,Manicaland
Zimbabwe,2007,Friday Kasteni,25 March 1988,Left-handed,Wicket-keeper,Midlands
Zimbabwe,2007,Gary Brent,13 January 1976,Right-handed,Right-arm medium-fast,Manicaland
Zimbabwe,2007,Justice Chibhabha,6 September 1986,Right-handed,Right-arm medium,Mashonaland
Zimbabwe,2007,Keith Dabengwa,17 August 1980,Left-handed,Slow left-arm orthodox,Matabeleland
Zimbabwe,2007,Prosper Utseya (c),26 March 1985,Right-handed,Right-arm off break,Manicaland
Zimbabwe,2007,Sean Williams,26 September 1986,Left-handed,Slow left-arm orthodox,Matabeleland
Zimbabwe,2007,Stuart Matsikenyeri,3 May 1983,Right-handed,Right-arm off break,Manicaland
Zimbabwe,2007,Tawanda Mupariwa,16 April 1985,Right-handed,Right-arm fast-medium,Matabeleland
Zimbabwe,2007,Terry Duffin,20 March 1982,Left-handed,Right-arm medium,Matabeleland
Zimbabwe,2007,Vusi Sibanda,10 October 1983,Right-handed,Right-arm medium,Midlands
Australia,2011,Brad Haddin,23 October 1977,Right-handed,Wicket-keeper,New South Wales
Australia,2011,Brett Lee,8 November 1976,Right-handed,Right-arm fast,New South Wales
Australia,2011,Callum Ferguson,3 May 1984,Right-handed,Right-arm medium,South Australia
Australia,2011,Cameron White,18 August 1983,Right-handed,Right-arm leg break,Victoria
Australia,2011,David Hussey,15 July 1977,Right-handed,Right-arm off break,Victoria
Australia,2011,Doug Bollinger,24 July 1981,Left-handed,Left-arm fast-medium,New South Wales
Australia,2011,Jason Krejza,14 January 1983,Right-handed,Right-arm off break,Tasmania
Australia,2011,John Hastings,4 November 1985,Right-handed,Right-arm fast-medium,Victoria
Australia,2011,Michael Clarke (vc),2 April 1981,Right-handed,Slow left-arm orthodox,New South Wales
Australia,2011,Mitchell Johnson,2 November 1981,Left-handed,Left-arm fast,Queensland
Australia,2011,Ricky Ponting (c),19 December 1974,Right-handed,Right-arm medium,Tasmania
Australia,2011,Shane Watson,17 June 1981,Right-handed,Right-arm fast-medium,Queensland
Australia,2011,Shaun Tait,22 February 1983,Right-handed,Right-arm fast,South Australia
Australia,2011,Steven Smith,2 June 1989,Right-handed,Right-arm leg break,New South Wales
Australia,2011,Tim Paine,8 December 1984,Right-handed,Wicket-keeper,Tasmania
Bangladesh,2011,Abdur Razzak,15 June 1982,Right-handed,Slow left-arm orthodox,Khulna
Bangladesh,2011,Imrul Kayes,2 February 1987,Left-handed,Right-arm off break,Khulna
Bangladesh,2011,Jahurul Islam,5 December 1986,Right-handed,Wicket-keeper,Rajshahi
Bangladesh,2011,Junaid Siddique,12 January 1987,Left-handed,,Rajshahi
Bangladesh,2011,Mahmudullah,4 February 1986,Right-handed,Right-arm off break,Dhaka
Bangladesh,2011,Mohammad Ashraful,7 July 1984,Right-handed,Right-arm leg break,Dhaka
Bangladesh,2011,Mushfiqur Rahim,9 May 1988,Right-handed,Wicket-keeper,Rajshahi
Bangladesh,2011,Naeem Islam,4 September 1986,Right-handed,Right-arm off break,Rajshahi
Bangladesh,2011,Nazmul Hossain,6 December 1986,Right-handed,Right-arm fast-medium,Rajshahi
Bangladesh,2011,Raqibul Hasan,4 September 1987,Right-handed,Right-arm off break,Barisal
Bangladesh,2011,Rubel Hossain,1 January 1990,Right-handed,Right-arm fast,Chittagong
Bangladesh,2011,Shafiul Islam,21 October 1989,Right-handed,Right-arm fast-medium,Rajshahi
Bangladesh,2011,Shakib Al Hasan (c),24 March 1987,Left-handed,Slow left-arm orthodox,Khulna
Bangladesh,2011,Suhrawadi Shuvo,12 September 1987,Right-handed,Slow left-arm orthodox,Dhaka
Bangladesh,2011,Tamim Iqbal,20 March 1989,Left-handed,Right-arm off spin,Chittagong
Canada,2011,Ashish Bagai (c),26 January 1982,Right-handed,Wicket-keeper,Toronto
Canada,2011,Balaji Rao,6 April 1980,Right-handed,Right-arm off break,
Canada,2011,Harvir Baidwan,15 August 1987,Right-handed,Right-arm fast-medium,
Canada,2011,Henry Osinde,17 October 1978,Right-handed,Right-arm fast-medium,
Canada,2011,Hiral Patel,3 March 1987,Right-handed,Right-arm medium,
Canada,2011,Jimmy Hansra,25 August 1988,Right-handed,Right-arm medium,
Canada,2011,John Davison,9 May 1970,Right-handed,Right-arm off break,Toronto
Canada,2011,Khurram Chohan,5 September 1984,Right-handed,Right-arm fast-medium,
Canada,2011,Nitish Kumar,21 October 1994,Right-handed,Right-arm medium,
Canada,2011,Parth Desai,12 May 1985,Right-handed,Right-arm off break,
Canada,2011,Rizwan Cheema (vc),6 November 1978,Right-handed,Right-arm medium,Toronto
Canada,2011,Ruvindu Gunasekera,5 June 1985,Left-handed,,
Canada,2011,Tyson Gordon,20 April 1990,Right-handed,Right-arm medium,
Canada,2011,Umar Bhatti,4 January 1984,Left-handed,Left-arm medium,
Canada,2011,Zubin Surkari,8 March 1979,Right-handed,Right-arm medium,
England,2011,Ajmal Shahzad,27 July 1985,Right-handed,Right-arm fast-medium,Yorkshire
England,2011,Andrew Strauss (c),2 March 1977,Left-handed,Right-arm medium,Middlesex
England,2011,Craig Kieswetter,30 November 1987,Right-handed,Wicket-keeper,Somerset
England,2011,Eoin Morgan,10 September 1986,Left-handed,Right-arm medium,Middlesex
England,2011,Graeme Swann,24 March 1979,Right-handed,Right-arm off break,Nottinghamshire
England,2011,Ian Bell,11 April 1982,Right-handed,Right-arm medium,Warwickshire
England,2011,James Anderson,30 July 1982,Left-handed,Right-arm fast-medium,Lancashire
England,2011,Jonathan Trott,22 April 1981,Right-handed,Right-arm medium,Warwickshire
England,2011,Kevin Pietersen,27 June 1980,Right-handed,Right-arm off break,Surrey
England,2011,Luke Wright,7 March 1985,Right-handed,Right-arm medium,Sussex
England,2011,Matt Prior,26 February 1982,Right-handed,Wicket-keeper,Sussex
England,2011,Paul Collingwood,26 May 1976,Right-handed,Right-arm medium-fast,Durham
England,2011,Steven Finn,4 April 1989,Right-handed,Right-arm fast,Middlesex
England,2011,Stuart Broad,24 June 1986,Left-handed,Right-arm fast-medium,Nottinghamshire
England,2011,Tim Bresnan,28 February 1985,Right-handed,Right-arm fast-medium,Yorkshire
India,2011,Ashish Nehra,29 April 1979,Right-handed,Left-arm fast-medium,Delhi
India,2011,Gautam Gambhir,14 October 1981,Left-handed,Leg spin,Delhi
India,2011,Harbhajan Singh,3 July 1980,Right-handed,Right-arm off break,Punjab
India,2011,MS Dhoni (c),7 July 1981,Right-handed,Wicket-keeper,Jharkhand
India,2011,Munaf Patel,12 July 1983,Right-handed,Right-arm fast-medium,Gujarat
India,2011,Piyush Chawla,24 December 1988,Left-handed,Right-arm leg break,Uttar Pradesh
India,2011,Ravichandran Ashwin,17 September 1986,Right-handed,Right-arm off break,Tamil Nadu
India,2011,S Sreesanth,6 February 1983,Right-handed,Right-arm fast-medium,Kerala
India,2011,Sachin Tendulkar,24 April 1973,Right-handed,Right-arm leg break,Mumbai
India,2011,Suresh Raina,27 November 1986,Left-handed,Right-arm off break,Uttar Pradesh
India,2011,Virat Kohli,5 November 1988,Right-handed,Right-arm medium,Delhi
India,2011,Virender Sehwag (vc),20 October 1978,Right-handed,Right-arm off break,Delhi
India,2011,Yusuf Pathan,17 November 1982,Right-handed,Right-arm off break,Baroda
India,2011,Yuvraj Singh,12 December 1981,Left-handed,Slow left-arm orthodox,Punjab
India,2011,Zaheer Khan,7 October 1978,Right-handed,Left-arm fast-medium,Mumbai
Ireland,2011,Albert van der Merwe,11 November 1980,Right-handed,Right-arm off break,
Ireland,2011,Alex Cusack,29 September 1980,Right-handed,Right-arm medium,
Ireland,2011,Andre Botha,12 September 1975,Left-handed,Right-arm medium,
Ireland,2011,Andrew White,3 July 1980,Right-handed,Right-arm off break,
Ireland,2011,Boyd Rankin,5 July 1984,Right-handed,Right-arm fast-medium,Derbyshire
Ireland,2011,Ed Joyce,22 September 1978,Left-handed,Right-arm medium,Sussex
Ireland,2011,Gary Wilson,5 February 1986,Right-handed,Wicket-keeper,
Ireland,2011,George Dockrell,22 July 1992,Left-handed,Slow left-arm orthodox,
Ireland,2011,John Mooney,10 February 1982,Left-handed,Right-arm medium,
Ireland,2011,Kevin O'Brien,4 March 1984,Right-handed,Right-arm medium-fast,
Ireland,2011,Niall O'Brien,8 November 1981,Right-handed,Wicket-keeper,Leicestershire
Ireland,2011,Nigel Jones,22 November 1985,Right-handed,Right-arm off break,
Ireland,2011,Paul Stirling,3 September 1990,Right-handed,Right-arm off break,Middlesex
Ireland,2011,Trent Johnston,29 April 1974,Right-handed,Right-arm fast-medium,
Ireland,2011,William Porterfield (c),6 September 1984,Left-handed,Off spin,Warwickshire
Kenya,2011,Alex Obanda,8 January 1988,Right-handed,,
Kenya,2011,Collins Obuya,27 July 1981,Right-handed,Right-arm leg break,
Kenya,2011,David Obuya,14 August 1979,Right-handed,Wicket-keeper,
Kenya,2011,Elijah Otieno,3 March 1975,Right-handed,Right-arm medium-fast,
Kenya,2011,Hiren Varaiya,9 April 1984,Right-handed,Slow left-arm orthodox,
Kenya,2011,James Ngoche,15 April 1990,Left-handed,Slow left-arm orthodox,
Kenya,2011,Jimmy Kamande (c),12 December 1978,Right-handed,Right-arm off break,
Kenya,2011,Morris Ouma,8 November 1982,Right-handed,Wicket-keeper,
Kenya,2011,Nehemiah Odhiambo,7 August 1983,Right-handed,Right-arm medium-fast,
Kenya,2011,Rakep Patel,31 October 1990,Right-handed,Right-arm off break,
Kenya,2011,Seren Waters,14 June 1988,Right-handed,,
Kenya,2011,Shem Ngoche,20 August 1985,Right-handed,Slow left-arm orthodox,
Kenya,2011,Steve Tikolo,25 June 1971,Right-handed,Right-arm medium,
Kenya,2011,Tanmay Mishra,22 December 1986,Right-handed,Right-arm fast-medium,
Kenya,2011,Thomas Odoyo,12 May 1978,Right-handed,Right-arm medium-fast,
Netherlands,2011,Adeel Raja,15 August 1980,Right-handed,Right-arm off break,
Netherlands,2011,Alexei Kervezee,11 September 1989,Right-handed,Right-arm medium,Worcestershire
Netherlands,2011,Atse Buurman,4 May 1978,Right-handed,Wicket-keeper,
Netherlands,2011,Bas Zuiderent,3 March 1977,Right-handed,Right-arm medium,
Netherlands,2011,Bernard Loots,3 January 1985,Right-handed,Right-arm medium,
Netherlands,2011,Bradley Kruger,14 June 1985,Right-handed,Right-arm medium,
Netherlands,2011,Edgar Schiferli,17 May 1976,Right-handed,Right-arm fast-medium,
Netherlands,2011,Eric Szwarczynski,13 February 1983,Right-handed,Right-arm medium,
Netherlands,2011,Mudassar Bukhari,5 February 1982,Right-handed,Right-arm medium-fast,
Netherlands,2011,Peter Borren (c),25 November 1983,Right-handed,Right-arm medium,
Netherlands,2011,Pieter Seelaar,8 January 1987,Left-handed,Slow left-arm orthodox,
Netherlands,2011,Ryan ten Doeschate,30 June 1980,Right-handed,Right-arm medium-fast,Essex
Netherlands,2011,Tom Cooper,26 February 1986,Right-handed,Right-arm leg break,
Netherlands,2011,Tom de Grooth,24 January 1988,Left-handed,,
Netherlands,2011,Wesley Barresi,3 July 1984,Right-handed,Wicket-keeper,
New Zealand,2011,Brendon McCullum,27 September 1981,Right-handed,Wicket-keeper,Otago
New Zealand,2011,Daniel Vettori (c),27 January 1979,Left-handed,Slow left-arm orthodox,Northern Districts
New Zealand,2011,Hamish Bennett,27 November 1987,Right-handed,Right-arm fast-medium,
New Zealand,2011,Jacob Oram,28 July 1978,Left-handed,Right-arm fast-medium,Central Districts
New Zealand,2011,James Franklin,7 November 1980,Left-handed,Left-arm fast-medium,Wellington
New Zealand,2011,Jamie How,19 October 1981,Right-handed,,Central Districts
New Zealand,2011,Jesse Ryder,6 August 1984,Left-handed,Right-arm medium,Wellington
New Zealand,2011,Kane Williamson,8 August 1990,Right-handed,Right-arm off break,Northern Districts
New Zealand,2011,Kyle Mills,15 March 1979,Right-handed,Right-arm fast-medium,Auckland
New Zealand,2011,Luke Woodcock,16 November 1978,Left-handed,Slow left-arm orthodox,Wellington
New Zealand,2011,Martin Guptill,30 September 1986,Right-handed,Right-arm medium,Auckland
New Zealand,2011,Nathan McCullum,12 September 1980,Right-handed,Right-arm off break,Otago
New Zealand,2011,Ross Taylor,8 March 1984,Right-handed,Right-arm off break,Central Districts
New Zealand,2011,Scott Styris,10 July 1975,Right-handed,Right-arm medium,Auckland
New Zealand,2011,Tim Southee,11 December 1988,Right-handed,Right-arm fast-medium,Northern Districts
Pakistan,2011,Abdul Razzaq,2 December 1979,Right-handed,Right-arm fast-medium,Sui Northern Gas
Pakistan,2011,Abdur Rehman,1 March 1980,Left-handed,Slow left-arm orthodox,Sui Southern Gas
Pakistan,2011,Ahmed Shehzad,23 October 1991,Right-handed,Right-arm off break,Lahore
Pakistan,2011,Asad Shafiq,28 January 1986,Right-handed,Right-arm off break,Karachi
Pakistan,2011,Junaid Khan,24 December 1989,Right-handed,Left-arm fast-medium,Abbottabad
Pakistan,2011,Kamran Akmal,13 January 1982,Right-handed,Wicket-keeper,Lahore
Pakistan,2011,Misbah-ul-Haq (vc),28 May 1974,Right-handed,Right-arm leg break,Sui Northern Gas
Pakistan,2011,Mohammad Hafeez,17 October 1980,Right-handed,Right-arm off break,Faisalabad
Pakistan,2011,Saeed Ajmal,14 October 1977,Right-handed,Right-arm off break,Faisalabad
Pakistan,2011,Shahid Afridi (c),1 March 1980,Right-handed,Right-arm leg break,Karachi
Pakistan,2011,Shoaib Akhtar,13 August 1975,Right-handed,Right-arm fast,Rawalpindi
Pakistan,2011,Umar Akmal,26 May 1990,Right-handed,Wicket-keeper,Lahore
Pakistan,2011,Umar Gul,14 April 1984,Right-handed,Right-arm fast-medium,Peshawar
Pakistan,2011,Wahab Riaz,28 June 1985,Left-handed,Left-arm fast,Lahore
Pakistan,2011,Younis Khan,29 November 1977,Right-handed,Right-arm leg break,Peshawar
South Africa,2011,AB de Villiers,17 February 1984,Right-handed,Wicket-keeper,Titans
South Africa,2011,Colin Ingram,3 July 1985,Left-handed,Right-arm leg break,Warriors
South Africa,2011,Dale Steyn,27 June 1983,Right-handed,Right-arm fast,Titans
South Africa,2011,Faf du Plessis,13 July 1984,Right-handed,Right-arm leg break,Titans
South Africa,2011,Graeme Smith (c),1 February 1981,Left-handed,Right-arm off break,Cape Cobras
South Africa,2011,Hashim Amla,31 March 1983,Right-handed,Right-arm leg break,Dolphins
South Africa,2011,Imran Tahir,27 March 1979,Right-handed,Right-arm leg break,Titans
South Africa,2011,JP Duminy,14 April 1984,Left-handed,Right-arm off break,Cape Cobras
South Africa,2011,Jacques Kallis,16 October 1975,Right-handed,Right-arm fast-medium,Cape Cobras
South Africa,2011,Johan Botha,2 May 1982,Right-handed,Right-arm off break,Warriors
South Africa,2011,Lonwabo Tsotsobe,7 March 1984,Left-handed,Left-arm fast-medium,Warriors
South Africa,2011,Morne Morkel,6 October 1984,Right-handed,Right-arm fast,Titans
South Africa,2011,Morne van Wyk,30 September 1980,Right-handed,Wicket-keeper,Knights
South Africa,2011,Robin Peterson,4 August 1979,Left-handed,Slow left-arm orthodox,Warriors
South Africa,2011,Wayne Parnell,30 July 1989,Left-handed,Left-arm fast-medium,Warriors
Sri Lanka,2011,Angelo Mathews,2 June 1987,Right-handed,Right-arm fast-medium,Colombo CC
Sri Lanka,2011,Chamara Kapugedera,9 July 1987,Right-handed,Right-arm medium,Wayamba
Sri Lanka,2011,Chamara Silva,15 December 1979,Right-handed,Right-arm leg break,Sebastianites
Sri Lanka,2011,Dilhara Fernando,19 July 1979,Right-handed,Right-arm fast-medium,Sinhalese SC
Sri Lanka,2011,Kumar Sangakkara (c),27 October 1977,Left-handed,Wicket-keeper,Nondescripts
Sri Lanka,2011,Lasith Malinga,4 September 1983,Right-handed,Right-arm fast,Nondescripts
Sri Lanka,2011,Mahela Jayawardene,27 May 1977,Right-handed,Right-arm medium,Sinhalese SC
Sri Lanka,2011,Muttiah Muralitharan,17 April 1972,Right-handed,Right-arm off break,Tamil Union
Sri Lanka,2011,Nuwan Kulasekara,22 July 1982,Right-handed,Right-arm fast-medium,Colts CC
Sri Lanka,2011,Rangana Herath,19 March 1978,Left-handed,Slow left-arm orthodox,Kurunegala
Sri Lanka,2011,Suraj Randiv,28 February 1985,Right-handed,Right-arm off break,Colts CC
Sri Lanka,2011,Thilan Samaraweera,22 September 1976,Right-handed,Right-arm off break,Sinhalese SC
Sri Lanka,2011,Thisara Perera,3 April 1989,Left-handed,Left-arm fast-medium,Bloomfield
Sri Lanka,2011,Tillakaratne Dilshan,14 October 1976,Right-handed,Right-arm off break,Bloomfield
Sri Lanka,2011,Upul Tharanga,2 February 1985,Left-handed,,Nondescripts
West Indies,2011,Adrian Barath,14 November 1990,Right-handed,Right-arm off break,Trinidad and Tobago
West Indies,2011,Andre Russell,29 April 1988,Right-handed,Right-arm fast-medium,Jamaica
West Indies,2011,Carlton Baugh,5 March 1982,Right-handed,Wicket-keeper,Jamaica
West Indies,2011,Chris Gayle,21 September 1979,Left-handed,Right-arm off break,Jamaica
West Indies,2011,Darren Bravo,6 February 1989,Left-handed,Right-arm medium,Trinidad and Tobago
West Indies,2011,Darren Sammy (c),20 December 1983,Right-handed,Right-arm fast-medium,Windward Islands
West Indies,2011,Devon Smith,21 October 1981,Left-handed,Right-arm off break,Windward Islands
West Indies,2011,Dwayne Bravo,7 October 1983,Right-handed,Right-arm medium-fast,Trinidad and Tobago
West Indies,2011,Jerome Taylor,22 June 1984,Right-handed,Right-arm fast,Jamaica
West Indies,2011,Kieron Pollard,12 May 1987,Right-handed,Right-arm medium,Trinidad and Tobago
West Indies,2011,Nikita Miller,8 July 1983,Right-handed,Slow left-arm orthodox,Jamaica
West Indies,2011,Ramnaresh Sarwan,23 June 1980,Right-handed,Right-arm leg break,Guyana
West Indies,2011,Ravi Rampaul,15 October 1984,Right-handed,Right-arm fast-medium,Trinidad and Tobago
West Indies,2011,Shivnarine Chanderpaul,18 August 1974,Left-handed,Right-arm leg break,Guyana
West Indies,2011,Sulieman Benn,22 June 1979,Left-handed,Slow left-arm orthodox,Barbados
Zimbabwe,2011,Brendan Taylor,6 February 1986,Right-handed,Wicket-keeper,Mashonaland
Zimbabwe,2011,Charles Coventry,30 July 1983,Right-handed,,Matabeleland
Zimbabwe,2011,Chris Mpofu,27 November 1985,Right-handed,Right-arm fast-medium,Matabeleland
Zimbabwe,2011,Craig Ervine,19 August 1985,Left-handed,Off spin,Manicaland
Zimbabwe,2011,Elton Chigumbura (c),14 March 1986,Right-handed,Right-arm medium-fast,Manicaland
Zimbabwe,2011,Graeme Cremer,19 July 1986,Right-handed,Right-arm leg break,Mashonaland
Zimbabwe,2011,Greg Lamb,30 April 1983,Right-handed,Right-arm off break,Mashonaland
Zimbabwe,2011,Prosper Utseya,26 March 1985,Right-handed,Right-arm off break,Mashonaland
Zimbabwe,2011,Ray Price,12 July 1976,Right-handed,Slow left-arm orthodox,Mashonaland
Zimbabwe,2011,Regis Chakabva,8 August 1987,Right-handed,Wicket-keeper,Mashonaland
Zimbabwe,2011,Sean Ervine,6 December 1982,Left-handed,Right-arm medium,Manicaland
Zimbabwe,2011,Shingirai Masakadza,21 May 1990,Right-handed,Right-arm fast-medium,Mashonaland
Zimbabwe,2011,Tatenda Taibu,14 May 1983,Right-handed,Wicket-keeper,Mashonaland
Zimbabwe,2011,Tino Mawoyo,15 May 1988,Right-handed,,Manicaland
Zimbabwe,2011,Vusi Sibanda,10 October 1983,Right-handed,Right-arm medium,Midlands
Afghanistan,2015,Afsar Zazai,22 March 1993,Right-handed,Wicket-keeper,
Afghanistan,2015,Aftab Alam,6 April 1992,Right-handed,Right-arm fast,
Afghanistan,2015,Asghar Stanikzai (vc),22 September 1987,Right-handed,Right-arm medium,
Afghanistan,2015,Dawlat Zadran,20 September 1988,Right-handed,Right-arm fast-medium,
Afghanistan,2015,Gulbadin Naib,16 September 1991,Right-handed,Right-arm medium,
Afghanistan,2015,Hamid Hassan,1 January 1987,Right-handed,Right-arm fast,
Afghanistan,2015,Javed Ahmadi,5 January 1992,Right-handed,Right-arm off break,
Afghanistan,2015,Mirwais Ashraf,15 March 1988,Right-handed,Right-arm medium-fast,
Afghanistan,2015,Mohammad Nabi (c),3 January 1985,Right-handed,Right-arm off break,
Afghanistan,2015,Najibullah Zadran,27 February 1993,Left-handed,Right-arm off spin,
Afghanistan,2015,Nawroz Mangal,15 February 1984,Right-handed,Right-arm off break,
Afghanistan,2015,Samiullah Shenwari,7 March 1987,Right-handed,Right-arm leg break,
Afghanistan,2015,Shabir Noori,15 March 1985,Right-handed,,
Afghanistan,2015,Shapoor Zadran,8 January 1987,Left-handed,Left-arm fast,
Afghanistan,2015,Usman Ghani,22 November 1996,Left-handed,,
Australia,2015,Aaron Finch,17 November 1986,Right-handed,Right-arm medium,Victoria
Australia,2015,Brad Haddin,23 October 1977,Right-handed,Wicket-keeper,New South Wales
Australia,2015,David Warner,27 October 1986,Left-handed,Right-arm leg break,New South Wales
Australia,2015,George Bailey,7 September 1982,Right-handed,Right-arm medium,Tasmania
Australia,2015,Glenn Maxwell,14 October 1988,Right-handed,Right-arm off break,Victoria
Australia,2015,James Faulkner,29 April 1990,Left-handed,Left-arm fast-medium,Tasmania
Australia,2015,Josh Hazlewood,8 January 1991,Right-handed,Right-arm fast-medium,New South Wales
Australia,2015,Michael Clarke (c),2 April 1981,Right-handed,Slow left-arm orthodox,New South Wales
Australia,2015,Mitchell Johnson,2 November 1981,Left-handed,Left-arm fast,Queensland
Australia,2015,Mitchell Marsh,20 October 1991,Right-handed,Right-arm fast-medium,Western Australia
Australia,2015,Mitchell Starc,30 January 1990,Left-handed,Left-arm fast,New South Wales
Australia,2015,Pat Cummins,8 May 1993,Right-handed,Right-arm fast,New South Wales
Australia,2015,Shane Watson,17 June 1981,Right-handed,Right-arm fast-medium,Queensland
Australia,2015,Steven Smith,2 June 1989,Right-handed,Right-arm leg break,New South Wales
Australia,2015,Xavier Doherty,22 October 1982,Left-handed,Slow left-arm orthodox,Tasmania
Bangladesh,2015,Al-Amin Hossain,3 November 1990,Right-handed,Right-arm fast-medium,Rajshahi
Bangladesh,2015,Arafat Sunny,12 January 1985,Left-handed,Slow left-arm orthodox,Dhaka
Bangladesh,2015,Imrul Kayes,2 February 1987,Left-handed,Right-arm off break,Khulna
Bangladesh,2015,Mahmudullah,4 February 1986,Right-handed,Right-arm off break,Dhaka
Bangladesh,2015,Mashrafe Mortaza (c),5 October 1983,Right-handed,Right-arm fast-medium,Khulna
Bangladesh,2015,Mominul Haque,4 August 1992,Left-handed,Right-arm off break,Chittagong
Bangladesh,2015,Mushfiqur Rahim,9 May 1988,Right-handed,Wicket-keeper,Rajshahi
Bangladesh,2015,Nasir Hossain,6 July 1991,Right-handed,Right-arm off break,Dhaka
Bangladesh,2015,Rubel Hossain,1 January 1990,Right-handed,Right-arm fast,Chittagong
Bangladesh,2015,Sabbir Rahman,22 November 1991,Right-handed,Right-arm off break,Rajshahi
Bangladesh,2015,Shakib Al Hasan,24 March 1987,Left-handed,Slow left-arm orthodox,Khulna
Bangladesh,2015,Soumya Sarkar,25 January 1993,Left-handed,Right-arm medium,Khulna
Bangladesh,2015,Taijul Islam,8 August 1992,Left-handed,Slow left-arm orthodox,Dhaka
Bangladesh,2015,Tamim Iqbal,20 March 1989,Left-handed,Right-arm off spin,Chittagong
Bangladesh,2015,Taskin Ahmed,8 April 1995,Right-handed,Right-arm fast-medium,Dhaka
England,2015,Alex Hales,3 January 1989,Right-handed,Right-arm medium,Nottinghamshire
England,2015,Chris Jordan,4 October 1988,Right-handed,Right-arm fast-medium,Sussex
England,2015,Chris Woakes,2 March 1989,Right-handed,Right-arm fast-medium,Warwickshire
England,2015,Eoin Morgan (c),10 September 1986,Left-handed,Right-arm medium,Middlesex
England,2015,Gary Ballance,22 November 1989,Left-handed,Right-arm leg break,Yorkshire
England,2015,Ian Bell,11 April 1982,Right-handed,Right-arm medium,Warwickshire
England,2015,James Anderson,30 July 1982,Left-handed,Right-arm fast-medium,Lancashire
England,2015,James Taylor,6 January 1990,Right-handed,,Nottinghamshire
England,2015,James Tredwell,27 February 1982,Right-handed,Right-arm off break,Kent
England,2015,Joe Root,30 December 1990,Right-handed,Right-arm off break,Yorkshire
England,2015,Jos Buttler,8 September 1990,Right-handed,Wicket-keeper,Lancashire
England,2015,Moeen Ali,18 June 1987,Left-handed,Right-arm off break,Worcestershire
England,2015,Ravi Bopara,4 May 1985,Right-handed,Right-arm medium,Essex
England,2015,Steven Finn,4 April 1989,Right-handed,Right-arm fast,Middlesex
England,2015,Stuart Broad,24 June 1986,Left-handed,Right-arm fast-medium,Nottinghamshire
India,2015,Ajinkya Rahane,6 June 1988,Right-handed,Medium seam,Mumbai
India,2015,Ambati Rayudu,23 September 1985,Right-handed,Right-arm off break,Hyderabad
India,2015,Axar Patel,20 January 1994,Left-handed,Slow left-arm orthodox,Gujarat
India,2015,Bhuvneshwar Kumar,5 February 1990,Right-handed,Right-arm medium,Uttar Pradesh
India,2015,MS Dhoni (c),7 July 1981,Right-handed,Wicket-keeper,Jharkhand
India,2015,Mohammed Shami,3 September 1990,Right-handed,Right-arm fast-medium,Bengal
India,2015,Mohit Sharma,18 January 1988,Right-handed,Right-arm medium-fast,Haryana
India,2015,Ravichandran Ashwin,17 September 1986,Right-handed,Right-arm off break,Tamil Nadu
India,2015,Ravindra Jadeja,6 December 1988,Left-handed,Slow left-arm orthodox,Saurashtra
India,2015,Rohit Sharma,30 April 1987,Right-handed,Right-arm off break,Mumbai
India,2015,Shikhar Dhawan,5 December 1985,Left-handed,Right-arm off spin,Delhi
India,2015,Stuart Binny,3 June 1984,Right-handed,Right-arm medium,Karnataka
India,2015,Suresh Raina,27 November 1986,Left-handed,Right-arm off break,Uttar Pradesh
India,2015,Umesh Yadav,25 May 1987,Right-handed,Right-arm fast,Vidarbha
India,2015,Virat Kohli,5 November 1988,Right-handed,Right-arm medium,Delhi
Ireland,2015,Alex Cusack,29 September 1980,Right-handed,Right-arm medium,
Ireland,2015,Andrew Balbirnie,28 December 1990,Right-handed,,
Ireland,2015,Andrew McBrine,30 April 1993,Right-handed,Right-arm off break,
Ireland,2015,Craig Young,4 December 1991,Right-handed,Right-arm fast-medium,
Ireland,2015,Ed Joyce,22 September 1978,Left-handed,Right-arm medium,Sussex
Ireland,2015,Gary Wilson,5 February 1986,Right-handed,Wicket-keeper,
Ireland,2015,George Dockrell,22 July 1992,Left-handed,Slow left-arm orthodox,
Ireland,2015,John Mooney,10 February 1982,Left-handed,Right-arm medium,
Ireland,2015,Kevin O'Brien,4 March 1984,Right-handed,Right-arm medium-fast,
Ireland,2015,Niall O'Brien,8 November 1981,Right-handed,Wicket-keeper,
Ireland,2015,Paul Stirling,3 September 1990,Right-handed,Right-arm off break,Middlesex
Ireland,2015,Peter Chase,25 November 1993,Right-handed,Right-arm fast-medium,
Ireland,2015,Stuart Thompson,15 March 1991,Left-handed,Right-arm medium,
Ireland,2015,Tim Murtagh,2 August 1981,Right-handed,Right-arm fast-medium,Middlesex
Ireland,2015,William Porterfield (c),6 September 1984,Left-handed,Off spin,Warwickshire
New Zealand,2015,Adam Milne,30 April 1992,Right-handed,Right-arm fast,Central Districts
New Zealand,2015,Brendon McCullum (c),27 September 1981,Right-handed,Wicket-keeper,Otago
New Zealand,2015,Corey Anderson,13 March 1990,Left-handed,Left-arm medium,Canterbury
New Zealand,2015,Daniel Vettori,27 January 1979,Left-handed,Slow left-arm orthodox,Northern Districts
New Zealand,2015,Grant Elliott,21 March 1979,Right-handed,Right-arm medium,Wellington
New Zealand,2015,Kane Williamson,8 August 1990,Right-handed,Right-arm off break,Northern Districts
New Zealand,2015,Kyle Mills,15 March 1979,Right-handed,Right-arm fast-medium,Auckland
New Zealand,2015,Luke Ronchi,23 September 1981,Right-handed,Wicket-keeper,Wellington
New Zealand,2015,Martin Guptill,30 September 1986,Right-handed,Right-arm medium,Auckland
New Zealand,2015,Matt Henry,14 December 1991,Right-handed,Right-arm fast-medium,Canterbury
New Zealand,2015,Mitchell McClenaghan,11 August 1986,Left-handed,Left-arm fast-medium,Auckland
New Zealand,2015,Nathan McCullum,12 September 1980,Right-handed,Right-arm off break,Otago
New Zealand,2015,Ross Taylor,8 March 1984,Right-handed,Right-arm off break,Central Districts
New Zealand,2015,Tom Latham,2 April 1992,Left-handed,Wicket-keeper,Canterbury
New Zealand,2015,Trent Boult,22 July 1989,Right-handed,Left-arm fast-medium,Northern Districts
Pakistan,2015,Ahmed Shehzad,23 October 1991,Right-handed,Right-arm off break,Lahore
Pakistan,2015,Ehsan Adil,6 April 1993,Right-handed,Right-arm fast-medium,Lahore
Pakistan,2015,Haris Sohail,9 April 1989,Left-handed,Slow left-arm orthodox,Sialkot
Pakistan,2015,Misbah-ul-Haq (c),28 May 1974,Right-handed,Right-arm leg break,Sui Northern Gas
Pakistan,2015,Mohammad Irfan,6 June 1982,Left-handed,Left-arm fast-medium,Khan Research Labs
Pakistan,2015,Nasir Jamshed,6 September 1990,Left-handed,,Sialkot
Pakistan,2015,Rahat Ali,25 December 1988,Right-handed,Left-arm fast-medium,Multan
Pakistan,2015,Sarfaraz Ahmed,22 May 1987,Right-handed,Wicket-keeper,Karachi
Pakistan,2015,Shahid Afridi,1 March 1980,Right-handed,Right-arm leg break,Karachi
Pakistan,2015,Sohaib Maqsood,8 November 1988,Right-handed,Right-arm off break,Multan
Pakistan,2015,Sohail Khan,11 December 1984,Right-handed,Right-arm fast-medium,Karachi
Pakistan,2015,Umar Akmal,26 May 1990,Right-handed,Wicket-keeper,Lahore
Pakistan,2015,Wahab Riaz,28 June 1985,Left-handed,Left-arm fast,Lahore
Pakistan,2015,Yasir Shah,2 May 1986,Right-handed,Right-arm leg break,Islamabad
Pakistan,2015,Younis Khan,29 November 1977,Right-handed,Right-arm leg break,Peshawar
Scotland,2015,Alasdair Evans,8 January 1990,Right-handed,Right-arm medium,
Scotland,2015,Calum MacLeod,15 November 1988,Right-handed,Right-arm medium,
Scotland,2015,Freddie Coleman,27 November 1990,Right-handed,Wicket-keeper,
Scotland,2015,Hamish Gardiner,12 March 1993,Right-handed,,
Scotland,2015,Iain Wardlaw,23 March 1988,Right-handed,Right-arm fast-medium,
Scotland,2015,Josh Davey,3 July 1990,Right-handed,Right-arm medium-fast,
Scotland,2015,Kyle Coetzer,14 April 1984,Right-handed,Right-arm medium,
Scotland,2015,Majid Haq,11 February 1983,Left-handed,Right-arm off break,
Scotland,2015,Matt Machan,15 February 1991,Right-handed,Right-arm off break,
Scotland,2015,Matthew Cross,15 November 1992,Right-handed,Wicket-keeper,
Scotland,2015,Michael Leask,12 July 1993,Right-handed,Right-arm medium,
Scotland,2015,Preston Mommsen (c),14 May 1988,Right-handed,Right-arm off break,
Scotland,2015,Richie Berrington,3 September 1989,Right-handed,Right-arm medium,
Scotland,2015,Rob Taylor,8 November 1983,Right-handed,Right-arm medium,
Scotland,2015,Safyaan Sharif,22 April 1991,Right-handed,Right-arm medium-fast,
South Africa,2015,AB de Villiers (c),17 February 1984,Right-handed,Wicket-keeper,Titans
South Africa,2015,Aaron Phangiso,3 February 1988,Left-handed,Slow left-arm orthodox,Lions
South Africa,2015,Dale Steyn,27 June 1983,Right-handed,Right-arm fast,Titans
South Africa,2015,David Miller,10 June 1989,Left-handed,Right-arm off spin,Dolphins
South Africa,2015,Faf du Plessis,13 July 1984,Right-handed,Right-arm leg break,Titans
South Africa,2015,Farhaan Behardien,9 June 1983,Right-handed,Right-arm medium,Titans
South Africa,2015,Hashim Amla,31 March 1983,Right-handed,Right-arm leg break,Dolphins
South Africa,2015,Imran Tahir,27 March 1979,Right-handed,Right-arm leg break,Titans
South Africa,2015,JP Duminy,14 April 1984,Left-handed,Right-arm off break,Cape Cobras
South Africa,2015,Kyle Abbott,18 June 1987,Right-handed,Right-arm fast-medium,Dolphins
South Africa,2015,Morne Morkel,6 October 1984,Right-handed,Right-arm fast,Titans
South Africa,2015,Quinton de Kock,17 December 1992,Left-handed,Wicket-keeper,Titans
South Africa,2015,Rilee Rossouw,9 August 1989,Left-handed,,Knights
South Africa,2015,Vernon Philander,24 June 1985,Right-handed,Right-arm fast-medium,Cape Cobras
South Africa,2015,Wayne Parnell,30 July 1989,Left-handed,Left-arm fast-medium,Warriors
Sri Lanka,2015,Angelo Mathews (c),2 June 1987,Right-handed,Right-arm fast-medium,Colombo CC
Sri Lanka,2015,Dhammika Prasad,9 May 1982,Right-handed,Right-arm fast-medium,Colts CC
Sri Lanka,2015,Dimuth Karunaratne,21 April 1988,Left-handed,Right-arm off break,Sinhalese SC
Sri Lanka,2015,Dinesh Chandimal,18 November 1989,Right-handed,Wicket-keeper,Bloomfield
Sri Lanka,2015,Jeevan Mendis,15 March 1981,Right-handed,Right-arm leg break,Colombo CC
Sri Lanka,2015,Kumar Sangakkara,27 October 1977,Left-handed,Wicket-keeper,Nondescripts
Sri Lanka,2015,Lahiru Thirimanne,8 September 1989,Left-handed,Right-arm medium,Nondescripts
Sri Lanka,2015,Lasith Malinga,4 September 1983,Right-handed,Right-arm fast,Nondescripts
Sri Lanka,2015,Mahela Jayawardene,27 May 1977,Right-handed,Right-arm medium,Sinhalese SC
Sri Lanka,2015,Nuwan Kulasekara,22 July 1982,Right-handed,Right-arm fast-medium,Colts CC
Sri Lanka,2015,Rangana Herath,19 March 1978,Left-handed,Slow left-arm orthodox,Kurunegala
Sri Lanka,2015,Sachithra Senanayake,4 March 1983,Right-handed,Right-arm off break,Colombo CC
Sri Lanka,2015,Suranga Lakmal,10 March 1987,Right-handed,Right-arm fast-medium,Tamil Union
Sri Lanka,2015,Thisara Perera,3 April 1989,Left-handed,Left-arm fast-medium,Bloomfield
Sri Lanka,2015,Tillakaratne Dilshan,14 October 1976,Right-handed,Right-arm off break,Bloomfield
United Arab Emirates,2015,Amjad Ali,15 August 1984,Left-handed,Left-arm medium,
United Arab Emirates,2015,Amjad Javed,19 January 1986,Right-handed,Right-arm medium-fast,
United Arab Emirates,2015,Andri Berenger,8 August 1985,Right-handed,Right-arm medium,
United Arab Emirates,2015,Fahad Al Hashmi,19 August 1988,Right-handed,Right-arm medium,
United Arab Emirates,2015,Kamran Shazad,10 October 1990,Right-handed,Right-arm medium,
United Arab Emirates,2015,Khurram Khan (vc),14 December 1971,Left-handed,Slow left-arm orthodox,
United Arab Emirates,2015,Krishna Chandran,12 June 1982,Right-handed,Right-arm off break,
United Arab Emirates,2015,Manjula Guruge,21 May 1975,Left-handed,Left-arm medium,
United Arab Emirates,2015,Mohammad Naveed,5 November 1985,Right-handed,Right-arm fast-medium,
United Arab Emirates,2015,Mohammad Tauqir (c),14 January 1972,Right-handed,Right-arm off break,
United Arab Emirates,2015,Nasir Aziz,3 July 1990,Right-handed,Right-arm medium,
United Arab Emirates,2015,Qadeer Ahmed,20 March 1985,Right-handed,Right-arm fast-medium,
United Arab Emirates,2015,Rohan Mustafa,19 October 1990,Right-handed,Right-arm off break,
United Arab Emirates,2015,Shaiman Anwar,4 May 1980,Right-handed,Right-arm off break,
United Arab Emirates,2015,Swapnil Patil,4 October 1985,Right-handed,Wicket-keeper,
West Indies,2015,Andre Russell,29 April 1988,Right-handed,Right-arm fast-medium,Jamaica
West Indies,2015,Chris Gayle,21 September 1979,Left-handed,Right-arm off break,Jamaica
West Indies,2015,Darren Bravo,6 February 1989,Left-handed,Right-arm medium,Trinidad and Tobago
West Indies,2015,Darren Sammy,20 December 1983,Right-handed,Right-arm fast-medium,Windward Islands
West Indies,2015,Denesh Ramdin,13 March 1985,Right-handed,Wicket-keeper,Trinidad and Tobago
West Indies,2015,Dwayne Smith,12 April 1983,Right-handed,Right-arm medium,Barbados
West Indies,2015,Jason Holder (c),5 November 1991,Right-handed,Right-arm fast-medium,Barbados
West Indies,2015,Jerome Taylor,22 June 1984,Right-handed,Right-arm fast,Jamaica
West Indies,2015,Johnson Charles,14 April 1990,Right-handed,Left-arm orthodox,Windward Islands
West Indies,2015,Jonathan Carter,13 June 1990,Right-handed,Right-arm off break,Barbados
West Indies,2015,Kemar Roach,30 June 1988,Right-handed,Right-arm fast,Barbados
West Indies,2015,Lendl Simmons,24 January 1985,Right-handed,Right-arm medium-fast,Trinidad and Tobago
West Indies,2015,Marlon Samuels,5 January 1981,Right-handed,Right-arm off break,Jamaica
West Indies,2015,Nikita Miller,8 July 1983,Right-handed,Slow left-arm orthodox,Jamaica
West Indies,2015,Sulieman Benn,22 June 1979,Left-handed,Slow left-arm orthodox,Barbados
Zimbabwe,2015,Brendan Taylor,6 February 1986,Right-handed,Wicket-keeper,Mashonaland
Zimbabwe,2015,Chris Mpofu,27 November 1985,Right-handed,Right-arm fast-medium,Matabeleland
Zimbabwe,2015,Craig Ervine,19 August 1985,Left-handed,Off spin,Manicaland
Zimbabwe,2015,Elton Chigumbura (c),14 March 1986,Right-handed,Right-arm medium-fast,Manicaland
Zimbabwe,2015,Graeme Cremer,19 July 1986,Right-handed,Right-arm leg break,Mashonaland
Zimbabwe,2015,Hamilton Masakadza,9 August 1983,Right-handed,Right-arm off break,Mashonaland
Zimbabwe,2015,Malcolm Waller,28 September 1987,Right-handed,Right-arm leg break,Mashonaland
Zimbabwe,2015,Neville Madziva,2 July 1990,Right-handed,Right-arm medium-fast,Mashonaland
Zimbabwe,2015,Regis Chakabva,8 August 1987,Right-handed,Wicket-keeper,Mashonaland
Zimbabwe,2015,Sean Williams,26 September 1986,Left-handed,Slow left-arm orthodox,Matabeleland
Zimbabwe,2015,Sikandar Raza,24 May 1986,Right-handed,Right-arm off break,Mashonaland
Zimbabwe,2015,Solomon Mire,27 February 1989,Right-handed,Right-arm medium,Mashonaland
Zimbabwe,2015,Tawanda Mupariwa,16 April 1985,Right-handed,Right-arm fast-medium,Matabeleland
Zimbabwe,2015,Tendai Chatara,6 August 1991,Right-handed,Left-arm fast-medium,Mashonaland
Zimbabwe,2015,Tinashe Panyangara,20 November 1985,Right-handed,Right-arm fast-medium,Mashonaland
Afghanistan,2019,Aftab Alam,30 November 1992,Right-handed,Right-arm medium-fast,Speen Ghar Region
Afghanistan,2019,Asghar Afghan,22 February 1987,Right-handed,Right-arm off spin,Kabul Region
Afghanistan,2019,Dawlat Zadran,19 March 1988,Right-handed,Right-arm fast,Amo Region
Afghanistan,2019,Gulbadin Naib (c),16 March 1991,Right-handed,Right-arm medium-fast,Mis Ainak Region
Afghanistan,2019,Hamid Hassan,1 June 1987,Right-handed,Right-arm fast,Band-e-Amir Region
Afghanistan,2019,Hashmatullah Shahidi,4 November 1994,Left-handed,Right-arm off spin,Band-e-Amir Region
Afghanistan,2019,Hazratullah Zazai,23 March 1998,Left-handed,Left-arm orthodox,Band-e-Amir Region
Afghanistan,2019,Mohammad Nabi,3 March 1985,Right-handed,Right-arm off spin,Amo Region
Afghanistan,2019,Mohammad Shahzad (wk),31 January 1988,Right-handed,Wicket-keeper,Speen Ghar Region
Afghanistan,2019,Mujeeb Ur Rahman,28 March 2001,Right-handed,Right-arm off spin,Speen Ghar Region
Afghanistan,2019,Najibullah Zadran,18 February 1993,Left-handed,Right-arm off spin,Boost Region
Afghanistan,2019,Noor Ali Zadran,10 July 1988,Right-handed,Right-arm medium-fast,Mis Ainak Region
Afghanistan,2019,Rahmat Shah,16 March 1991,Right-handed,Right-arm leg spin,Mis Ainak Region
Afghanistan,2019,Rashid Khan (vc),20 September 1998,Right-handed,Right-arm leg spin,Speen Ghar Region
Afghanistan,2019,Samiullah Shinwari,31 December 1987,Right-handed,Right-arm leg spin,Boost Region
Australia,2019,Aaron Finch (c),17 November 1986,Right-handed,Left-arm orthodox,Victoria
Australia,2019,Adam Zampa,31 March 1992,Right-handed,Right-arm leg spin,South Australia
Australia,2019,"Alex Carey (vc, wk)",27 August 1991,Left-handed,Wicket-keeper,South Australia
Australia,2019,David Warner,27 October 1986,Left-handed,Right-arm leg spin,New South Wales Blues
Australia,2019,Glenn Maxwell,14 October 1988,Right-handed,Right-arm off spin,Victoria
Australia,2019,Jason Behrendorff,20 April 1990,Right-handed,Right-arm fast-medium,Western Australia
Australia,2019,Jhye Richardson,20 September 1996,Right-handed,Right-arm fast,Western Warriors
Australia,2019,Kane Richardson,12 February 1991,Right-handed,Right-arm fast-medium,South Australia
Australia,2019,Marcus Stoinis,16 August 1989,Right-handed,Right-arm medium,Western Warriors
Australia,2019,Mitchell Starc,30 January 1990,Left-handed,Left-arm fast,New South Wales Blues
Australia,2019,Nathan Lyon,20 November 1987,Right-handed,Right-arm off spin,New South Wales Blues
Australia,2019,Nathan Mitchell Coulter-Nile,11 October 1987,Right-handed,Right-arm fast,Western Warriors
Australia,2019,Pat Cummins (vc),8 May 1993,Right-handed,Right-arm fast,New South Wales
Australia,2019,Shaun Marsh,9 July 1983,Left-handed,Left-arm orthodox,Western Warriors
Australia,2019,Steve Smith,2 June 1989,Right-handed,Right-arm leg spin,New South Wales Blues
Australia,2019,Usman Khawaja,18 December 1986,Left-handed,Right-arm off spin,Queensland Bulls
Bangladesh,2019,Abu Jayed,2 August 1993,Right-handed,Right-arm fast-medium,Prime Doleshwar
Bangladesh,2019,Litton Das,13 October 1994,Right-handed,Wicket-keeper,Mohammedan Sporting
Bangladesh,2019,Mahmudullah,4 February 1986,Right-handed,Right-arm off spin,Abahani Limited
Bangladesh,2019,Mashrafe Mortaza (c),5 October 1983,Right-handed,Right-arm medium,Abahani Limited
Bangladesh,2019,Mehidy Hasan,25 October 1996,Right-handed,Right-arm off spin,Abahani Limited
Bangladesh,2019,Mohammad Mithun,13 February 1990,Right-handed,,Abahani Limited
Bangladesh,2019,Mohammad Saifuddin,1 September 1996,Left-handed,Right-arm medium-fast,Abahani Limited
Bangladesh,2019,Mosaddek Hossain,10 December 1995,Right-handed,Right-arm off spin,Abahani Limited
Bangladesh,2019,Mushfiqur Rahim (wk),9 May 1987,Right-handed,Right-arm medium,Legends of Rupganj
Bangladesh,2019,Mustafizur Rahman,6 September 1995,Left-handed,Left-arm fast-medium,Shinepukur
Bangladesh,2019,Rubel Hossain,1 January 1990,Right-handed,Right-arm fast,Abahani Limited
Bangladesh,2019,Sabbir Rahman,22 November 1991,Right-handed,Right-arm leg spin,Abahani Limited
Bangladesh,2019,Shakib Al Hasan (vc),24 March 1987,Left-handed,Left-arm orthodox,Abahani Limited
Bangladesh,2019,Soumya Sarkar,25 February 1993,Left-handed,Right-arm medium,Abahani Limited
Bangladesh,2019,Tamim Iqbal,20 March 1989,Left-handed,Right-arm off spin,Mohammedan Sporting
England,2019,Adil Rashid,17 February 1988,Right-handed,Right-arm leg spin,Yorkshire
England,2019,Alex Hales,3 January 1989,Right-handed,Right-arm medium,Nottinghamshire
England,2019,Ben Stokes,4 June 1991,Left-handed,Right-arm fast-medium,Durham
England,2019,Chris Woakes,2 March 1989,Right-handed,Right-arm fast-medium,Warwickshire
England,2019,David Willey,28 February 1990,Left-handed,Left-arm fast-medium,Yorkshire
England,2019,Eoin Morgan (c),10 September 1986,Left-handed,Right-arm medium,Middlesex
England,2019,James Vince,14 March 1991,Right-handed,Right-arm medium,Hampshire
England,2019,Jason Roy,21 July 1990,Right-handed,,Surrey
England,2019,Joe Denly,16 March 1986,Right-handed,Right-arm leg spin,Kent
England,2019,Joe Root,30 December 1990,Right-handed,Right-arm off/leg spin,Yorkshire
England,2019,Jofra Archer,1 April 1995,Right-handed,Right-arm fast,Sussex
England,2019,Jonny Bairstow,26 September 1989,Right-handed,Wicket-keeper,Yorkshire
England,2019,"Jos Buttler (vc, wk)",8 September 1990,Right-handed,Wicket-keeper,Lancashire
England,2019,Liam Dawson,1 March 1990,Right-handed,Left-arm orthodox,Hampshire
England,2019,Liam Plunkett,6 April 1985,Right-handed,Right-arm fast,Surrey
England,2019,Mark Wood,11 January 1990,Right-handed,Right-arm fast,Durham
England,2019,Moeen Ali,18 June 1987,Left-handed,Right-arm off spin,Worcestershire
England,2019,Tom Curran,12 March 1995,Right-handed,Right-arm fast-medium,Surrey
India,2019,Bhuvneshwar Kumar,5 February 1990,Right-handed,Right-arm medium-fast,Uttar Pradesh
India,2019,Dinesh Karthik (wk),1 June 1985,Right-handed,Right-arm off spin,Tamil Nadu
India,2019,Hardik Pandya,11 October 1993,Right-handed,Right-arm medium-fast,Baroda
India,2019,Jasprit Bumrah,6 December 1993,Right-handed,Right-arm fast,Gujarat
India,2019,KL Rahul (wk),18 April 1992,Right-handed,Right-arm medium,Karnataka
India,2019,Kedar Jadhav,26 March 1985,Right-handed,Right-arm off spin,Maharashtra
India,2019,Kuldeep Yadav,14 December 1994,Left-handed,Left-arm unorthodox,Uttar Pradesh
India,2019,MS Dhoni (wk),7 July 1981,Right-handed,Right-arm medium,Jharkhand
India,2019,Mohammed Shami,3 September 1990,Right-handed,Right-arm fast,Bengal
India,2019,Ravindra Jadeja,6 December 1988,Left-handed,Left-arm orthodox,Saurashtra
India,2019,Rishabh Pant,4 October 1997,Left-handed,Right-arm medium,Delhi
India,2019,Rohit Sharma (vc),30 April 1987,Right-handed,Right-arm off spin,Mumbai
India,2019,Shikhar Dhawan,5 December 1985,Left-handed,Right-arm off spin,Delhi
India,2019,Vijay Shankar,26 January 1991,Right-handed,Right-arm medium,Tamil Nadu
India,2019,Virat Kohli (c),5 November 1988,Right-handed,Right-arm medium,Delhi
India,2019,Yuzvendra Chahal,23 July 1990,Right-handed,Right-arm leg spin,Haryana
New Zealand,2019,Colin Munro,11 March 1987,Left-handed,Right-arm medium,Auckland Aces
New Zealand,2019,Colin de Grandhomme,22 July 1986,Right-handed,Right-arm fast-medium,Northern Districts
New Zealand,2019,Henry Nicholls,15 November 1991,Left-handed,Right-arm off spin,Canterbury
New Zealand,2019,Ish Sodhi,31 October 1992,Right-handed,Right-arm leg break,Northern Districts
New Zealand,2019,James Neesham,17 September 1990,Left-handed,Right-arm medium,Wellington Firebirds
New Zealand,2019,Kane Williamson (c),8 August 1990,Right-handed,Right-arm off spin,Northern Districts
New Zealand,2019,Lockie Ferguson,13 June 1991,Right-handed,Right-arm fast,Auckland Aces
New Zealand,2019,Martin Guptill,30 September 1986,Right-handed,Right-arm off spin,Auckland Aces
New Zealand,2019,Matt Henry,14 December 1991,Right-handed,Right-arm fast-medium,Canterbury
New Zealand,2019,Mitchell Santner,5 February 1992,Left-handed,Left-arm orthodox,Northern Districts
New Zealand,2019,Ross Taylor,8 March 1984,Right-handed,Right-arm off break,Central Stags
New Zealand,2019,Tim Southee,11 December 1988,Right-handed,Right-arm medium-fast,Northern Districts
New Zealand,2019,Tom Blundell (wk),1 September 1990,Right-handed,Right-arm off break,Wellington Firebirds
New Zealand,2019,"Tom Latham (vc, wk)",2 April 1992,Left-handed,Right-arm medium,Canterbury
New Zealand,2019,Trent Boult,22 July 1989,Right-handed,Left-arm fast-medium,Northern Districts
Pakistan,2019,Abid Ali,16 October 1987,Right-handed,Right-arm leg spin,Khyber Pakhtunkhwa
Pakistan,2019,Asif Ali,1 October 1991,Right-handed,Right-arm medium-fast,Sindh
Pakistan,2019,Babar Azam (vc),15 October 1994,Right-handed,Right-arm off spin,Islamabad
Pakistan,2019,Faheem Ashraf,16 January 1994,Left-handed,Right-arm fast-medium,Faisalabad
Pakistan,2019,Fakhar Zaman,10 April 1990,Left-handed,Left-arm orthodox,Federally Administered Tribal Areas
Pakistan,2019,Haris Sohail,15 October 1989,Left-handed,Left-arm orthodox,Federal Areas
Pakistan,2019,Hasan Ali,7 February 1994,Right-handed,Right-arm fast-medium,Islamabad
Pakistan,2019,Imad Wasim,18 December 1988,Left-handed,Left-arm orthodox,Islamabad
Pakistan,2019,Imam-ul-Haq,12 December 1995,Left-handed,Right-arm leg spin,Habib Bank
Pakistan,2019,Junaid Khan,24 December 1989,Right-handed,Left-arm fast,Sindh
Pakistan,2019,Mohammad Amir,13 April 1992,Left-handed,Left-arm fast,Sui Southern Gas Company
Pakistan,2019,Mohammad Hafeez,17 October 1980,Right-handed,Right-arm off spin,Sui Northern Gas Pipelines
Pakistan,2019,Mohammad Hasnain,5 April 2000,Right-handed,Right-arm fast-medium,Sindh
Pakistan,2019,"Sarfaraz Ahmed (c, wk)",22 May 1987,Right-handed,Right-arm off spin,Sindh
Pakistan,2019,Shadab Khan,4 October 1998,Right-handed,Right-arm leg spin,Khyber Pakhtunkhwa
Pakistan,2019,Shaheen Afridi,6 April 2000,Left-handed,Left-arm fast,Baluchistan
Pakistan,2019,Shoaib Malik,1 February 1982,Right-handed,Right-arm off spin,Punjab
Pakistan,2019,Wahab Riaz,28 June 1985,Right-handed,Left-arm fast,Khyber Pakhtunkhwa
South Africa,2019,Aiden Markram,4 October 1994,Right-handed,Right-arm off spin,Titans
South Africa,2019,Andile Phehlukwayo,3 March 1996,Left-handed,Right-arm fast-medium,Dolphins
South Africa,2019,Anrich Nortje,16 November 1993,Right-handed,Right-arm fast,Warriors
South Africa,2019,Chris Morris,30 April 1987,Right-handed,Right-arm fast-medium,Titans
South Africa,2019,Dale Steyn,27 June 1983,Right-handed,Right-arm fast,Titans
South Africa,2019,David Miller,10 June 1989,Left-handed,Right-arm off spin,Dolphins
South Africa,2019,Dwaine Pretorius,29 March 1989,Right-handed,Right-arm fast-medium,Lions
South Africa,2019,Faf du Plessis (c),13 July 1984,Right-handed,Right-arm leg spin,Titans
South Africa,2019,Hashim Amla,31 March 1983,Right-handed,Right-arm off spin,Cape Cobras
South Africa,2019,Imran Tahir,27 March 1979,Right-handed,Right-arm leg spin,Dolphins
South Africa,2019,JP Duminy,14 April 1984,Left-handed,Right-arm off spin,Cape Cobras
South Africa,2019,Kagiso Rabada,25 May 1995,Left-handed,Right-arm fast,Lions
South Africa,2019,Lungi Ngidi,29 March 1996,Right-handed,Right-arm fast,Titans
South Africa,2019,"Quinton de Kock (vc, wk)",17 December 1992,Left-handed,Left-arm orthodox,Titans
South Africa,2019,Rassie van der Dussen,7 February 1989,Right-handed,Right-arm leg spin,Lions
South Africa,2019,Tabraiz Shamsi,18 February 1990,Right-handed,Left-arm wrist spin,Titans
Sri Lanka,2019,Angelo Mathews,2 June 1987,Right-handed,Right-arm fast-medium,Colts
Sri Lanka,2019,Avishka Fernando,5 April 1998,Right-handed,Right-arm medium,Colts
Sri Lanka,2019,Dhananjaya de Silva (vc),6 September 1991,Right-handed,Right-arm off spin,Tamil Union
Sri Lanka,2019,Dimuth Karunaratne (c),21 April 1988,Left-handed,Right-arm medium,Sinhalese
Sri Lanka,2019,Isuru Udana,17 February 1988,Right-handed,Left-arm fast-medium,Chilaw Marians
Sri Lanka,2019,Jeevan Mendis,15 January 1983,Left-handed,Right-arm leg spin,Tamil Union
Sri Lanka,2019,Jeffrey Vandersay,5 February 1990,Right-handed,Right-arm leg spin,Sinhalese
Sri Lanka,2019,Kusal Mendis,2 February 1995,Right-handed,Right-arm leg spin,Colombo
Sri Lanka,2019,Kusal Perera (wk),17 August 1990,Left-handed,Right-arm medium,Colts
Sri Lanka,2019,Lahiru Thirimanne,9 August 1989,Left-handed,Right-arm medium,Ragama
Sri Lanka,2019,Lasith Malinga,28 August 1983,Right-handed,Right-arm fast,Nondescripts
Sri Lanka,2019,Milinda Siriwardana,4 December 1985,Left-handed,Left-arm orthodox,Chilaw Marians
Sri Lanka,2019,Nuwan Pradeep,19 October 1986,Right-handed,Right-arm fast-medium,Sinhalese
Sri Lanka,2019,Suranga Lakmal,10 March 1987,Right-handed,Right-arm fast-medium,Tamil Union
Sri Lanka,2019,Thisara Perera,3 April 1989,Left-handed,Right-arm medium,Sinhalese
West Indies,2019,Andre Russell,29 April 1988,Right-handed,Right-arm fast,Jamaica
West Indies,2019,Ashley Nurse,22 December 1988,Right-handed,Right-arm off spin,Barbados
West Indies,2019,Carlos Brathwaite,18 July 1988,Right-handed,Right-arm medium,Barbados
West Indies,2019,Chris Gayle (vc),21 September 1979,Left-handed,Right-arm off spin,Jamaica
West Indies,2019,Darren Bravo,6 February 1989,Left-handed,Right-arm medium,Trinidad and Tobago
West Indies,2019,Evin Lewis,27 December 1991,Left-handed,Right-arm medium,Trinidad and Tobago
West Indies,2019,Fabian Allen,7 May 1995,Right-handed,Left-arm orthodox,Jamaica
West Indies,2019,Jason Holder (c),5 November 1991,Right-handed,Right-arm medium,Barbados
West Indies,2019,Kemar Roach,30 June 1988,Right-handed,Right-arm fast-medium,Barbados
West Indies,2019,Nicholas Pooran (wk),2 October 1995,Left-handed,,Trinidad and Tobago
West Indies,2019,Oshane Thomas,18 February 1997,Left-handed,Right-arm fast,Jamaica
West Indies,2019,Shai Hope (wk),10 November 1993,Right-handed,Left-arm medium,Barbados
West Indies,2019,Shannon Gabriel,28 April 1988,Right-handed,Right-arm fast,Trinidad and Tobago
West Indies,2019,Sheldon Cottrell,19 August 1989,Right-handed,Left-arm fast-medium,Jamaica
West Indies,2019,Shimron Hetmyer,26 December 1996,Left-handed,Right-arm leg spin,Guyana
Afghanistan,2023,Abdul Rahman,22 November 2001,Right-handed,Right-arm medium-fast,Band-e-Amir Dragons
Afghanistan,2023,Azmatullah Omarzai,24 March 2000,Right-handed,Right-arm medium-fast,Mis Ainak Knights
Afghanistan,2023,Fazalhaq Farooqi,22 September 2000,Right-handed,Left-arm fast-medium,Kabul Eagles
Afghanistan,2023,Hashmatullah Shahidi (c),4 November 1994,Left-handed,Right-arm off break,Band-e-Amir Region
Afghanistan,2023,Ibrahim Zadran,12 December 2001,Right-handed,Right-arm medium-fast,Boost Defenders
Afghanistan,2023,Ikram Alikhil,28 November 2000,Left-handed,Wicket-keeper,Speenghar Tigers
Afghanistan,2023,Mohammad Nabi,1 January 1985,Right-handed,Right-arm off spin,Band-e-Amir Dragons
Afghanistan,2023,Mujeeb Ur Rahman,28 March 2001,Right-handed,Right-arm off break,Speenghar Tigers
Afghanistan,2023,Najibullah Zadran,18 February 1993,Left-handed,Right-arm off break,Boost Defenders
Afghanistan,2023,Naveen-ul-Haq,23 September 1999,Right-handed,Right-arm medium-fast,Kabul Eagles
Afghanistan,2023,Noor Ahmad,3 January 2005,Right-handed,Left-arm unorthodox spin,Mis Ainak Knights
Afghanistan,2023,Rahmanullah Gurbaz (wk),28 November 2001,Right-handed,Wicket-keeper,Kabul Eagles
Afghanistan,2023,Rahmat Shah,6 July 1993,Right-handed,Right-arm leg break,Mis Ainak Knights
Afghanistan,2023,Rashid Khan,20 September 1998,Right-handed,Right-arm leg spin,Speenghar Tigers
Afghanistan,2023,Riaz Hassan,7 November 2002,Right-handed,,Speenghar Tigers
Australia,2023,Adam Zampa,31 March 1992,Right-handed,Right-arm leg-break,New South Wales
Australia,2023,Alex Carey (wk),27 August 1991,Left-handed,Wicket-keeper,South Australia
Australia,2023,Ashton Agar,14 October 1993,Left-handed,Slow left-arm orthodox,Western Australia
Australia,2023,Cameron Green,3 June 1999,Right-handed,Right-arm fast-medium,Western Australia
Australia,2023,David Warner,27 October 1986,Left-handed,Right-arm leg-break,New South Wales
Australia,2023,Glenn Maxwell,14 October 1988,Right-handed,Right-arm off-break,Victoria
Australia,2023,Josh Hazlewood,8 January 1991,Left-handed,Right-arm fast-medium,New South Wales
Australia,2023,Josh Inglis (wk),10 June 1995,Right-handed,Wicket-keeper,Western Australia
Australia,2023,Marcus Stoinis,16 August 1989,Right-handed,Right-arm fast-medium,Western Australia
Australia,2023,Marnus Labuschagne,22 May 1994,Right-handed,Right-arm leg spin,Queensland
Australia,2023,Mitchell Marsh,20 October 1991,Right-handed,Right-arm fast-medium,Western Australia
Australia,2023,Mitchell Starc,30 January 1990,Left-handed,Left-arm fast,New South Wales
Australia,2023,Pat Cummins (c),8 May 1993,Right-handed,Right-arm fast,New South Wales
Australia,2023,Sean Abbott,29 February 1992,Right-handed,Right-arm fast-medium,New South Wales
Australia,2023,Steve Smith,2 June 1989,Right-handed,Right-arm leg spin,New South Wales
Australia,2023,Travis Head,29 December 1993,Left-handed,Right-arm off-break,South Australia
Bangladesh,2023,Anamul Haque,16 December 1992,Right-handed,Right-arm medium-fast,Prime Bank
Bangladesh,2023,Hasan Mahmud,12 October 1999,Right-handed,Right-arm fast-medium,KSKS
Bangladesh,2023,Litton Das,13 October 1994,Right-handed,Right-arm off spin,Mohammedan Sporting
Bangladesh,2023,Mahedi Hasan,12 December 1994,Right-handed,Right-arm off spin,Gazi Group Cricketers
Bangladesh,2023,Mahmudullah,4 February 1986,Right-handed,Right-arm off spin,Abahani Limited
Bangladesh,2023,Mehidy Hasan,25 October 1997,Right-handed,Right-arm off spin,Kalabagan
Bangladesh,2023,Mushfiqur Rahim (wk),9 May 1987,Right-handed,Right-arm medium,Legends of Rupganj
Bangladesh,2023,Mustafizur Rahman,6 September 1995,Left-handed,Left-arm fast-medium,Abahani Limited
Bangladesh,2023,Najmul Hossain Shanto (vc),25 August 1998,Left-handed,Right-arm off spin,Kalabagan
Bangladesh,2023,Nasum Ahmed,5 December 1994,Left-handed,Left-arm orthodox spin,Uttara Sporting Club
Bangladesh,2023,Shakib Al Hasan (c),24 March 1987,Left-handed,Slow left-arm orthodox,Abahani Limited
Bangladesh,2023,Shoriful Islam,3 June 2001,Left-handed,Left-arm medium-fast,Prime Bank
Bangladesh,2023,Tanzid Hasan,1 December 2000,Left-handed,,Kalabagan
Bangladesh,2023,Tanzim Hasan Sakib,20 October 2002,Right-handed,Right-arm medium-fast,BKSP
Bangladesh,2023,Taskin Ahmed,5 April 1995,Left-handed,Right-arm fast,Abahani Limited
Bangladesh,2023,Towhid Hridoy,4 December 2000,Right-handed,Right-arm off spin,Shinepukur
England,2023,Adil Rashid,17 February 1988,Right-handed,Right-arm leg spin,Yorkshire
England,2023,Ben Stokes,4 June 1991,Left-handed,Right-arm fast-medium,Durham
England,2023,Brydon Carse,31 July 1995,Right-handed,Right-arm fast,Durham
England,2023,Chris Woakes,2 March 1989,Right-handed,Right-arm fast-medium,Warwickshire
England,2023,David Willey,28 February 1990,Left-handed,Left-arm fast-medium,Northamptonshire
England,2023,Dawid Malan,3 September 1987,Left-handed,Right-arm leg spin,Yorkshire
England,2023,Gus Atkinson,19 January 1998,Right-handed,Right-arm fast,Surrey
England,2023,Harry Brook,22 February 1999,Right-handed,Right-arm medium,Yorkshire
England,2023,Joe Root,30 December 1990,Right-handed,Right-arm off spin,Yorkshire
England,2023,Jonny Bairstow,26 September 1989,Right-handed,Wicket-keeper,Yorkshire
England,2023,"Jos Buttler (c, wk)",8 September 1990,Right-handed,Wicket-keeper,Lancashire
England,2023,Liam Livingstone,4 August 1993,Right-handed,Right-arm leg spin,Lancashire
England,2023,Mark Wood,11 January 1990,Right-handed,Right-arm fast,Durham
England,2023,Moeen Ali (vc),7 June 1987,Left-handed,Right-arm off spin,Warwickshire
England,2023,Reece Topley,21 February 1994,Right-handed,Left-arm fast-medium,Surrey
England,2023,Sam Curran,3 June 1998,Left-handed,Left-arm fast-medium,Surrey
India,2023,Axar Patel,20 January 1994,Left-handed,Slow left-arm orthodox,Gujarat
India,2023,Hardik Pandya,11 October 1993,Right-handed,Right-arm medium-fast,Baroda
India,2023,Ishan Kishan (wk),18 July 1998,Left-handed,Wicket-keeper,Jharkhand
India,2023,Jasprit Bumrah,6 December 1993,Right-handed,Right-arm fast,Gujarat
India,2023,"K. L. Rahul (vc, wk)",18 April 1992,Right-handed,Right-arm medium,Karnataka
India,2023,Kuldeep Yadav,11 December 1994,Right-handed,Left-arm unorthodox spin,Uttar Pradesh
India,2023,Mohammed Shami,3 September 1990,Right-handed,Right-arm fast,Bengal
India,2023,Mohammed Siraj,13 March 1994,Right-handed,Right-arm fast,Hyderabad
India,2023,Prasidh Krishna,19 February 1996,Right-handed,Right-arm fast-medium,Karnataka
India,2023,Ravichandran Ashwin,17 September 1986,Right-handed,Right-arm off spin,Tamil Nadu
India,2023,Ravindra Jadeja,6 December 1988,Left-handed,Slow left-arm orthodox,Saurashtra
India,2023,Rohit Sharma (c),30 April 1987,Right-handed,Right-arm off spin,Mumbai
India,2023,Shardul Thakur,16 December 1991,Right-handed,Right-arm medium,Mumbai
India,2023,Shreyas Iyer,6 December 1994,Right-handed,Right-arm leg spin,Mumbai
India,2023,Shubman Gill,8 September 1999,Right-handed,Right-arm off spin,Punjab
India,2023,Suryakumar Yadav,14 September 1990,Right-handed,Right-arm off break,Mumbai
India,2023,Virat Kohli,5 November 1988,Right-handed,Right-arm medium,Delhi
Netherlands,2023,Aryan Dutt,12 May 2003,Right-handed,Right-arm off spin,VRA Amsterdam
Netherlands,2023,Bas de Leede,15 November 1999,Right-handed,Right-arm fast-medium,Durham
Netherlands,2023,Colin Ackermann,4 April 1991,Right-handed,Right-arm off spin,Leicestershire
Netherlands,2023,Logan van Beek,7 September 1990,Right-handed,Right-arm medium-fast,Voorburg
Netherlands,2023,Max O'Dowd,4 March 1994,Left-handed,Right-arm leg spin,VOC Rotterdam
Netherlands,2023,Noah Croes,13 December 1999,Right-handed,Right-arm medium,Voorburg
Netherlands,2023,Paul van Meekeren,15 January 1993,Right-handed,Right-arm fast-medium,Gloucestershire
Netherlands,2023,Roelof van der Merwe,31 December 1984,Right-handed,Slow left-arm orthodox,Somerset
Netherlands,2023,Ryan Klein,15 June 1997,Right-handed,Right-arm medium-fast,Voorburg
Netherlands,2023,Saqib Zulfiqar,28 March 1997,Right-handed,Right-arm leg spin,Punjab Rotterdam
Netherlands,2023,"Scott Edwards (c, wk)",23 August 1996,Right-handed,Wicket-keeper,VOC Rotterdam
Netherlands,2023,Shariz Ahmad,21 April 2003,Left-handed,Right-arm leg spin,Voorburg
Netherlands,2023,Sybrand Engelbrecht,15 September 1988,Right-handed,Right-arm off spin,Voorburg
Netherlands,2023,Teja Nidamanuru,22 August 1994,Right-handed,Right-arm off spin,VRA Amsterdam
Netherlands,2023,Vikramjit Singh,9 January 2003,Right-handed,Right-arm off spin,VRA Amsterdam
Netherlands,2023,Wesley Barresi,3 May 1984,Right-handed,Right-arm off spin,HBS Craeyenhout
New Zealand,2023,Daryl Mitchell,20 May 1991,Right-handed,Right-arm medium,Canterbury
New Zealand,2023,Devon Conway,8 July 1991,Left-handed,Right-arm medium,Wellington
New Zealand,2023,Glenn Phillips,6 December 1996,Right-handed,Right-arm off break,Otago
New Zealand,2023,Ish Sodhi,31 October 1992,Right-handed,Right-arm leg spin,Northern Districts
New Zealand,2023,James Neesham,17 September 1990,Left-handed,Right-arm medium-fast,Wellington
New Zealand,2023,Kane Williamson (c),8 August 1990,Right-handed,Right-arm off spin,Northern Districts
New Zealand,2023,Kyle Jamieson,30 December 1994,Right-handed,Right-arm fast-medium,Auckland
New Zealand,2023,Lockie Ferguson,13 June 1991,Right-handed,Right-arm fast,Auckland
New Zealand,2023,Mark Chapman,27 June 1994,Left-handed,Slow left-arm orthodox,Auckland
New Zealand,2023,Matt Henry,14 December 1991,Right-handed,Right-arm fast-medium,Canterbury
New Zealand,2023,Mitchell Santner,5 February 1992,Left-handed,Left-arm orthodox,Northern Districts
New Zealand,2023,Rachin Ravindra,18 November 1999,Left-handed,Slow left-arm orthodox,Wellington
New Zealand,2023,Tim Southee,11 December 1988,Right-handed,Right-arm fast-medium,Northern Districts
New Zealand,2023,"Tom Latham (vc, wk)",2 April 1992,Right-handed,Right-arm medium,Canterbury
New Zealand,2023,Trent Boult,22 July 1989,Right-handed,Left-arm fast-medium,Northern Districts
New Zealand,2023,Will Young,22 November 1992,Right-handed,Right-arm off break,Central Districts
Pakistan,2023,Abdullah Shafique,23 November 1999,Right-handed,Right-arm off spin,Balochistan
Pakistan,2023,Babar Azam (c),15 October 1994,Right-handed,Right-arm off spin,Islamabad
Pakistan,2023,Fakhar Zaman,10 April 1990,Left-handed,Slow left-arm orthodox,Khyber Pakhtunkhwa
Pakistan,2023,Haris Rauf,7 November 1993,Right-handed,Right-arm fast,Balochistan
Pakistan,2023,Hasan Ali,7 February 1994,Right-handed,Right-arm fast-medium,Central Punjab
Pakistan,2023,Iftikhar Ahmed,3 September 1990,Right-handed,Right-arm off spin,Khyber Pakhtunkhwa
Pakistan,2023,Imam-ul-Haq,22 December 1995,Left-handed,Right-arm leg spin,Balochistan
Pakistan,2023,Mohammad Nawaz,21 March 1994,Left-handed,Slow left-arm orthodox,Northern
Pakistan,2023,Mohammad Rizwan (wk),1 June 1992,Right-handed,Right-arm medium,Khyber Pakhtunkhwa
Pakistan,2023,Mohammad Wasim Jr.,25 August 2001,Right-handed,Right-arm fast-medium,Khyber Pakhtunkhwa
Pakistan,2023,Salman Ali Agha,23 November 1993,Right-handed,Right-arm off spin,Southern Punjab
Pakistan,2023,Saud Shakeel,5 September 1995,Left-handed,Left-arm orthodox spin,Sindh
Pakistan,2023,Shadab Khan (vc),4 October 1998,Right-handed,Right-arm leg spin,Khyber Pakhtunkhwa
Pakistan,2023,Shaheen Afridi,6 April 2000,Left-handed,Left-arm fast,Balochistan
Pakistan,2023,Usama Mir,23 December 1995,Right-handed,Right-arm leg spin,Central Punjab
South Africa,2023,Aiden Markram,4 October 1994,Right-handed,Right-arm off spin,Titans
South Africa,2023,Andile Phehlukwayo,3 March 1996,Left-handed,Right-arm medium-fast,Dolphins
South Africa,2023,Anrich Nortje,16 November 1993,Right-handed,Right-arm fast,Warriors
South Africa,2023,David Miller,10 June 1989,Left-handed,Right-arm off spin,Dolphins
South Africa,2023,Gerald Coetzee,2 October 2000,Right-handed,Right-arm fast,Knights
South Africa,2023,Heinrich Klaasen (wk),30 July 1991,Right-handed,Right-arm off spin,Titans
South Africa,2023,Kagiso Rabada,25 May 1995,Left-handed,Right-arm fast,Lions
South Africa,2023,Keshav Maharaj (vc),7 February 1990,Right-handed,Slow left-arm orthodox,Dolphins
South Africa,2023,Lizaad Williams,1 October 1993,Left-handed,Right-arm medium-fast,Titans
South Africa,2023,Lungi Ngidi,29 March 1996,Right-handed,Right-arm fast-medium,Titans
South Africa,2023,Marco Jansen,1 May 2000,Right-handed,Left-arm fast-medium,Warriors
South Africa,2023,Quinton de Kock (wk),17 December 1992,Left-handed,Wicket-keeper,Titans
South Africa,2023,Rassie van der Dussen,7 February 1989,Right-handed,Right-arm leg spin,Lions
South Africa,2023,Reeza Hendricks,14 August 1989,Right-handed,Right-arm off break,Lions
South Africa,2023,Sisanda Magala,7 January 1991,Right-handed,Right-arm fast-medium,Lions
South Africa,2023,Tabraiz Shamsi,18 February 1990,Right-handed,Left-arm wrist spin,Titans
South Africa,2023,Temba Bavuma (c),17 May 1990,Right-handed,Right-arm medium,Lions
Sri Lanka,2023,Angelo Mathews,2 June 1987,Right-handed,Right-arm medium,Colts
Sri Lanka,2023,Chamika Karunaratne,29 May 1996,Right-handed,Right-arm medium-fast,Nondescripts
Sri Lanka,2023,Charith Asalanka,29 June 1997,Left-handed,Right-arm off spin,Galle
Sri Lanka,2023,Dasun Shanaka (c),9 September 1991,Right-handed,Right-arm medium,Sinhalese
Sri Lanka,2023,Dhananjaya de Silva,6 September 1991,Left-handed,Right-arm medium,Tamil Union
Sri Lanka,2023,Dilshan Madushanka,18 September 2000,Right-handed,Left-arm fast-medium,Colts
Sri Lanka,2023,Dimuth Karunaratne,21 April 1988,Right-handed,Right-arm off spin,Sinhalese
Sri Lanka,2023,Dunith Wellalage,9 January 2003,Left-handed,Slow left-arm orthodox,Colts
Sri Lanka,2023,Dushan Hemantha,24 May 1994,Right-handed,Right-arm leg spin,Badureliya
Sri Lanka,2023,Dushmantha Chameera,11 January 1992,Right-handed,Right-arm fast,Nondescripts
Sri Lanka,2023,Kasun Rajitha,1 June 1993,Right-handed,Right-arm medium-fast,Badureliya
Sri Lanka,2023,"Kusal Mendis (vc, wk)",2 February 1995,Right-handed,Right-arm leg spin,Bloomfield
Sri Lanka,2023,Kusal Perera,17 August 1990,Left-handed,Left-arm medium,Colts
Sri Lanka,2023,Lahiru Kumara,13 February 1997,Left-handed,Right-arm fast,Nondescripts
Sri Lanka,2023,Maheesh Theekshana,1 August 2000,Right-handed,Right-arm off spin,Colts
Sri Lanka,2023,Matheesha Pathirana,18 December 2002,Right-handed,Right-arm fast,Nondescripts
Sri Lanka,2023,Pathum Nissanka,18 May 1998,Right-handed,,Nondescripts
Sri Lanka,2023,Sadeera Samarawickrama,30 June 1995,Right-handed,Wicket-keeper,Tamil Union
