team,year,player_name,dob,batting_style,bowling_style,nationality
Afghanistan,2010,Nawroz Mangal,1984-07-15,Right-handed,Right-arm off break,Afghan
Afghanistan,2010,Asghar Afghan,1987-12-26,Right-handed,Medium seam,Afghan
Afghanistan,2010,Karim Sadiq,1984-01-05,Right-handed,,Afghan
Afghanistan,2010,Mohammad Shahzad,1987-01-10,Right-handed,Wicket-keeper,Afghan
Afghanistan,2010,Noor Ali Zadran,1988-07-10,Right-handed,Medium seam,Afghan
Afghanistan,2010,Raees Ahmadzai,,,,
Afghanistan,2010,Shabir Noori,1992-02-22,Right-handed,,Afghan
Afghanistan,2010,Shafiqullah,1989-08-07,Right-handed,,Afghan
Afghanistan,2010,Mohammad Nabi,1985-01-01,Right-handed,Off spin,Afghan
Afghanistan,2010,Samiullah Shinwari,1987-12-31,Right-handed,Leg spin,Afghan
Afghanistan,2010,Dawlat Ahmadzai,,,,
Afghanistan,2010,Hamid Hassan,1987-06-01,Right-handed,Fast seam,Afghan
Afghanistan,2010,Mirwais Ashraf,1988-09-04,Right-handed,Right-arm medium-fast,Afghan
Afghanistan,2010,Shapoor Zadran,1987-07-08,Left-handed,Fast seam,Afghan
Afghanistan,2010,Sayed Nasratullah,,,,
Afghanistan,2012,Nawroz Mangal,1984-07-15,Right-handed,Right-arm off break,Afghan
Afghanistan,2012,Asghar Afghan,1987-12-26,Right-handed,Medium seam,Afghan
Afghanistan,2012,Javed Ahmadi,1992-01-02,Right-handed,Off spin,Afghan
Afghanistan,2012,Karim Sadiq,1984-01-05,Right-handed,,Afghan
Afghanistan,2012,Mohammad Shahzad,1987-01-10,Right-handed,Wicket-keeper,Afghan
Afghanistan,2012,Najibullah Zadran,1993-02-28,Left-handed,Off spin,Afghan
Afghanistan,2012,Shafiqullah,1989-08-07,Right-handed,,Afghan
Afghanistan,2012,Gulbadin Naib,1991-03-16,Right-handed,Medium seam,Afghan
Afghanistan,2012,Mohammad Nabi,1985-01-01,Right-handed,Off spin,Afghan
Afghanistan,2012,Samiullah Shinwari,1987-12-31,Right-handed,Leg spin,Afghan
Afghanistan,2012,Dawlat Zadran,1988-03-19,Right-handed,Fast seam,Afghan
Afghanistan,2012,Hamid Hassan,1987-06-01,Right-handed,Fast seam,Afghan
Afghanistan,2012,Izatullah Dawlatzai,,Right-handed,,
Afghanistan,2012,Mohammad Nasim Baras,,,,
Afghanistan,2012,Shapoor Zadran,1987-07-08,Left-handed,Fast seam,Afghan
Afghanistan,2014,Asghar Afghan,1987-12-26,Right-handed,Medium seam,Afghan
Afghanistan,2014,Karim Sadiq,1984-01-05,Right-handed,,Afghan
Afghanistan,2014,Mohammad Shahzad,1987-01-10,Right-handed,Wicket-keeper,Afghan
Afghanistan,2014,Najeeb Tarakai,1991-02-02,Right-handed,Off spin,Afghan
Afghanistan,2014,Najibullah Zadran,1993-02-28,Left-handed,Off spin,Afghan
Afghanistan,2014,Nawroz Mangal,1984-07-15,Right-handed,Right-arm off break,Afghan
Afghanistan,2014,Shafiqullah,1989-08-07,Right-handed,,Afghan
Afghanistan,2014,Mohammad Nabi,1985-01-01,Right-handed,Off spin,Afghan
Afghanistan,2014,Amir Hamza,1991-08-15,Right-handed,,Afghan
Afghanistan,2014,Gulbadin Naib,1991-03-16,Right-handed,Medium seam,Afghan
Afghanistan,2014,Samiullah Shinwari,1987-12-31,Right-handed,Leg spin,Afghan
Afghanistan,2014,Aftab Alam,1992-11-30,Right-handed,Medium seam,Afghan
Afghanistan,2014,Dawlat Zadran,1988-03-19,Right-handed,Fast seam,Afghan
Afghanistan,2014,Mirwais Ashraf,1988-09-04,Right-handed,Right-arm medium-fast,Afghan
Afghanistan,2014,Shapoor Zadran,1987-07-08,Left-handed,Fast seam,Afghan
Afghanistan,2016,Asghar Afghan,1987-12-26,Right-handed,Medium seam,Afghan
Afghanistan,2016,Karim Sadiq,1984-01-05,Right-handed,,Afghan
Afghanistan,2016,Mohammad Shahzad,1987-01-10,Right-handed,Wicket-keeper,Afghan
Afghanistan,2016,Najibullah Zadran,1993-02-28,Left-handed,Off spin,Afghan
Afghanistan,2016,Noor Ali Zadran,1988-07-10,Right-handed,Medium seam,Afghan
Afghanistan,2016,Shafiqullah,1989-08-07,Right-handed,,Afghan
Afghanistan,2016,Usman Ghani,1996-11-20,Right-handed,,Afghan
Afghanistan,2016,Amir Hamza,1991-08-15,Right-handed,,Afghan
Afghanistan,2016,Gulbadin Naib,1991-03-16,Right-handed,Medium seam,Afghan
Afghanistan,2016,Mohammad Nabi,1985-01-01,Right-handed,Off spin,Afghan
Afghanistan,2016,Rashid Khan,1959-12-15,Right-handed,Right-arm leg spin,Pakistani
Afghanistan,2016,Samiullah Shinwari,1987-12-31,Right-handed,Leg spin,Afghan
Afghanistan,2016,Dawlat Zadran,1988-03-19,Right-handed,Fast seam,Afghan
Afghanistan,2016,Hamid Hassan,1987-06-01,Right-handed,Fast seam,Afghan
Afghanistan,2016,Shapoor Zadran,1987-07-08,Left-handed,Fast seam,Afghan
Afghanistan,2021,Hashmatullah Shahidi,1994-11-04,Left-handed,Off spin,Afghan
Afghanistan,2021,Hazratullah Zazai,1998-03-23,Left-handed,Orthodox spin,Afghan
Afghanistan,2021,Mohammad Shahzad,1987-01-10,Right-handed,Wicket-keeper,Afghan
Afghanistan,2021,Najibullah Zadran,1993-02-28,Left-handed,Off spin,Afghan
Afghanistan,2021,Rahmanullah Gurbaz,2001-11-28,Right-handed,Medium seam,Afghan
Afghanistan,2021,Usman Ghani,1996-11-20,Right-handed,,Afghan
Afghanistan,2021,Mohammad Nabi,1985-01-01,Right-handed,Off spin,Afghan
Afghanistan,2021,Gulbadin Naib,1991-03-16,Right-handed,Medium seam,Afghan
Afghanistan,2021,Karim Janat,1998-08-11,Right-handed,,Afghan
Afghanistan,2021,Rashid Khan,1959-12-15,Right-handed,Right-arm leg spin,Pakistani
Afghanistan,2021,Sharafuddin Ashraf,1995-01-10,Right-handed,Orthodox spin,Afghan
Afghanistan,2021,Fareed Ahmad,1994-08-10,Left-handed,,Afghan
Afghanistan,2021,Hamid Hassan,1987-06-01,Right-handed,Fast seam,Afghan
Afghanistan,2021,Mujeeb Ur Rahman,2001-03-28,Right-handed,Off spin,Afghan
Afghanistan,2021,Naveen-ul-Haq,1999-09-23,Right-handed,Medium seam,Afghan
Afghanistan,2022,Darwish Rasooli,1999-12-12,Right-handed,Right-arm off break,
Afghanistan,2022,Ibrahim Zadran,2001-12-12,Right-handed,Medium seam,Afghan
Afghanistan,2022,Najibullah Zadran,1993-02-28,Left-handed,Off spin,Afghan
Afghanistan,2022,Rahmanullah Gurbaz,2001-11-28,Right-handed,Medium seam,Afghan
Afghanistan,2022,Usman Ghani,1996-11-20,Right-handed,,Afghan
Afghanistan,2022,Mohammad Nabi,1985-01-01,Right-handed,Off spin,Afghan
Afghanistan,2022,Azmatullah Omarzai,2000-03-24,Right-handed,Right-arm medium-fast,
Afghanistan,2022,Gulbadin Naib,1991-03-16,Right-handed,Medium seam,Afghan
Afghanistan,2022,Rashid Khan,1959-12-15,Right-handed,Right-arm leg spin,Pakistani
Afghanistan,2022,Fareed Ahmad,1994-08-10,Left-handed,,Afghan
Afghanistan,2022,Fazalhaq Farooqi,2000-09-22,Right-handed,Left-arm fast-medium,
Afghanistan,2022,Mohammad Saleem,2002-09-09,Right-handed,Right-arm fast,
Afghanistan,2022,Mujeeb Ur Rahman,2001-03-28,Right-handed,Off spin,Afghan
Afghanistan,2022,Naveen-ul-Haq,1999-09-23,Right-handed,Medium seam,Afghan
Afghanistan,2022,Qais Ahmad,,,,
Afghanistan,2024,Rahmanullah Gurbaz,2001-11-28,Right-handed,Medium seam,Afghan
Afghanistan,2024,Hazratullah Zazai,1998-03-23,Left-handed,Orthodox spin,Afghan
Afghanistan,2024,Ibrahim Zadran,2001-12-12,Right-handed,Medium seam,Afghan
Afghanistan,2024,Mohammad Ishaq,1963-03-07,Right-handed,Right-arm medium,Pakistani
Afghanistan,2024,Najibullah Zadran,1993-02-28,Left-handed,Off spin,Afghan
Afghanistan,2024,Rashid Khan,1959-12-15,Right-handed,Right-arm leg spin,Pakistani
Afghanistan,2024,Azmatullah Omarzai,2000-03-24,Right-handed,Right-arm medium-fast,
Afghanistan,2024,Gulbadin Naib,1991-03-16,Right-handed,Medium seam,Afghan
Afghanistan,2024,Karim Janat,1998-08-11,Right-handed,,Afghan
Afghanistan,2024,Mohammad Nabi,1985-01-01,Right-handed,Off spin,Afghan
Afghanistan,2024,Nangeyalia Kharote,,,,
Afghanistan,2024,Fareed Ahmad,1994-08-10,Left-handed,,Afghan
Afghanistan,2024,Fazalhaq Farooqi,2000-09-22,Right-handed,Left-arm fast-medium,
Afghanistan,2024,Naveen-ul-Haq,1999-09-23,Right-handed,Medium seam,Afghan
Afghanistan,2024,Noor Ahmad,2005-01-03,Left-handed,Left-arm unorthodox spin,
Australia,2007,Adam Gilchrist,1971-11-14,Left-handed,Off spin,Australian
Australia,2007,Michael Clarke,1981-04-02,Right-handed,Orthodox spin,Australian
Australia,2007,Brad Haddin,1977-10-23,Right-handed,Wicket-keeper,Australian
Australia,2007,Matthew Hayden,1971-10-29,Left-handed,Medium seam,Australian
Australia,2007,Brad Hodge,1974-12-29,Left-handed,Right-arm off break,Australian
Australia,2007,Michael Hussey,1975-05-27,Left-handed,Medium seam,Australian
Australia,2007,Brad Hogg,1971-02-06,Left-handed,Slow left-arm wrist-spin,Australian
Australia,2007,Andrew Symonds,1975-06-09,Right-handed,Medium seam,Australian
Australia,2007,Nathan Bracken,1977-09-12,Right-handed,Fast seam,Australian
Australia,2007,Stuart Clark,1975-09-28,Right-handed,Right-arm fast-medium,Australian
Australia,2007,Ben Hilfenhaus,,,,
Australia,2007,Mitchell Johnson,1981-11-02,Left-handed,Fast seam,Australian
Australia,2007,Brett Lee,1976-11-08,Right-handed,Fast seam,Australian
Australia,2009,Ricky Ponting,1974-12-19,Right-handed,Medium seam,Australian
Australia,2009,Michael Clarke,1981-04-02,Right-handed,Orthodox spin,Australian
Australia,2009,Brad Haddin,1977-10-23,Right-handed,Wicket-keeper,Australian
Australia,2009,Michael Hussey,1975-05-27,Left-handed,Medium seam,Australian
Australia,2009,David Warner,1986-10-27,Left-handed,Leg spin,Australian
Australia,2009,Cameron White,1983-08-18,Left-handed,Right-arm leg break,Australian
Australia,2009,James Hopes,,,,
Australia,2009,David Hussey,1977-07-15,Left-handed,Right-arm off break,Australian
Australia,2009,Shane Watson,1981-06-17,Right-handed,Medium seam,Australian
Australia,2009,Nathan Bracken,1977-09-12,Right-handed,Fast seam,Australian
Australia,2009,Nathan Hauritz,1981-10-18,Right-handed,Right-arm off break,
Australia,2009,Ben Hilfenhaus,,,,
Australia,2009,Mitchell Johnson,1981-11-02,Left-handed,Fast seam,Australian
Australia,2009,Brett Lee,1976-11-08,Right-handed,Fast seam,Australian
Australia,2009,Peter Siddle,1984-11-25,Right-handed,Fast seam,Australian
Australia,2010,Michael Clarke,1981-04-02,Right-handed,Orthodox spin,Australian
Australia,2010,Brad Haddin,1977-10-23,Right-handed,Wicket-keeper,Australian
Australia,2010,Michael Hussey,1975-05-27,Left-handed,Medium seam,Australian
Australia,2010,Tim Paine,1984-12-08,Right-handed,Medium seam,Australian
Australia,2010,Steven Smith,1989-06-02,Right-handed,Leg spin,Australian
Australia,2010,David Warner,1986-10-27,Left-handed,Leg spin,Australian
Australia,2010,Cameron White,1983-08-18,Left-handed,Right-arm leg break,Australian
Australia,2010,Dan Christian,1983-05-04,Right-handed,Medium seam,Australian
Australia,2010,David Hussey,1977-07-15,Left-handed,Right-arm off break,Australian
Australia,2010,Shane Watson,1981-06-17,Right-handed,Medium seam,Australian
Australia,2010,Ryan Harris,,,,
Australia,2010,Nathan Hauritz,1981-10-18,Right-handed,Right-arm off break,
Australia,2010,Mitchell Johnson,1981-11-02,Left-handed,Fast seam,Australian
Australia,2010,Dirk Nannes,,,,
Australia,2010,Shaun Tait,1983-02-22,Left-handed,Right-arm fast,Australian
Australia,2012,George Bailey,1982-09-07,Left-handed,Right-arm medium,Australian
Australia,2012,Michael Hussey,1975-05-27,Left-handed,Medium seam,Australian
Australia,2012,Matthew Wade,1987-12-26,Left-handed,Medium seam,Australian
Australia,2012,David Warner,1986-10-27,Left-handed,Leg spin,Australian
Australia,2012,Cameron White,1983-08-18,Left-handed,Right-arm leg break,Australian
Australia,2012,Shane Watson,1981-06-17,Right-handed,Medium seam,Australian
Australia,2012,Dan Christian,1983-05-04,Right-handed,Medium seam,Australian
Australia,2012,Brad Hogg,1971-02-06,Left-handed,Slow left-arm wrist-spin,Australian
Australia,2012,David Hussey,1977-07-15,Left-handed,Right-arm off break,Australian
Australia,2012,Glenn Maxwell,1988-10-14,Right-handed,Off spin,Australian
Australia,2012,Pat Cummins,1993-05-08,Right-handed,Fast seam,Australian
Australia,2012,Xavier Doherty,1982-11-22,Right-handed,Slow left-arm orthodox,Australian
Australia,2012,Ben Hilfenhaus,,,,
Australia,2012,Clint McKay,1983-02-22,Right-handed,,Australian
Australia,2012,Mitchell Starc,1990-01-30,Left-handed,Fast seam,Australian
Australia,2014,George Bailey,1982-09-07,Left-handed,Right-arm medium,Australian
Australia,2014,Aaron Finch,1986-11-17,Right-handed,Orthodox spin,Australian
Australia,2014,Brad Haddin,1977-10-23,Right-handed,Wicket-keeper,Australian
Australia,2014,Brad Hodge,1974-12-29,Left-handed,Right-arm off break,Australian
Australia,2014,David Warner,1986-10-27,Left-handed,Leg spin,Australian
Australia,2014,Cameron White,1983-08-18,Left-handed,Right-arm leg break,Australian
Australia,2014,Dan Christian,1983-05-04,Right-handed,Medium seam,Australian
Australia,2014,Nathan Coulter-Nile,1987-10-11,Right-handed,Fast seam,Australian
Australia,2014,James Faulkner,1990-04-29,Right-handed,Left-arm fast-medium,Australian
Australia,2014,Brad Hogg,1971-02-06,Left-handed,Slow left-arm wrist-spin,Australian
Australia,2014,Glenn Maxwell,1988-10-14,Right-handed,Off spin,Australian
Australia,2014,Shane Watson,1981-06-17,Right-handed,Medium seam,Australian
Australia,2014,Doug Bollinger,1981-07-24,Left-handed,Left-arm fast-medium,
Australia,2014,James Muirhead,,,,
Australia,2014,Mitchell Starc,1990-01-30,Left-handed,Fast seam,Australian
Australia,2016,Steven Smith,1989-06-02,Right-handed,Leg spin,Australian
Australia,2016,David Warner,1986-10-27,Left-handed,Leg spin,Australian
Australia,2016,Aaron Finch,1986-11-17,Right-handed,Orthodox spin,Australian
Australia,2016,Usman Khawaja,1986-12-18,Left-handed,Medium seam,Australian
Australia,2016,Peter Nevill,,,,
Australia,2016,Nathan Coulter-Nile,1987-10-11,Right-handed,Fast seam,Australian
Australia,2016,James Faulkner,1990-04-29,Right-handed,Left-arm fast-medium,Australian
Australia,2016,John Hastings,1985-11-04,Right-handed,Right-arm fast-medium,Australian
Australia,2016,Mitchell Marsh,1991-10-20,Right-handed,Medium seam,Australian
Australia,2016,Glenn Maxwell,1988-10-14,Right-handed,Off spin,Australian
Australia,2016,Shane Watson,1981-06-17,Right-handed,Medium seam,Australian
Australia,2016,Ashton Agar,1993-10-14,Left-handed,Orthodox spin,Australian
Australia,2016,Josh Hazlewood,1991-01-08,Left-handed,Fast seam,Australian
Australia,2016,Andrew Tye,1986-12-12,Right-handed,Medium seam,Australian
Australia,2016,Adam Zampa,1992-03-31,Right-handed,Leg spin,Australian
Australia,2021,Aaron Finch,1986-11-17,Right-handed,Orthodox spin,Australian
Australia,2021,Josh Inglis,1995-03-04,Right-handed,Wicket-keeper,
Australia,2021,Steven Smith,1989-06-02,Right-handed,Leg spin,Australian
Australia,2021,Matthew Wade,1987-12-26,Left-handed,Medium seam,Australian
Australia,2021,David Warner,1986-10-27,Left-handed,Leg spin,Australian
Australia,2021,Dan Christian,1983-05-04,Right-handed,Medium seam,Australian
Australia,2021,Mitchell Marsh,1991-10-20,Right-handed,Medium seam,Australian
Australia,2021,Glenn Maxwell,1988-10-14,Right-handed,Off spin,Australian
Australia,2021,Daniel Sams,,,,
Australia,2021,Marcus Stoinis,1989-08-16,Right-handed,Medium seam,Australian
Australia,2021,Pat Cummins,1993-05-08,Right-handed,Fast seam,Australian
Australia,2021,Ashton Agar,1993-10-14,Left-handed,Orthodox spin,Australian
Australia,2021,Nathan Ellis,1994-09-22,Right-handed,Right-arm fast-medium,
Australia,2021,Josh Hazlewood,1991-01-08,Left-handed,Fast seam,Australian
Australia,2021,Kane Richardson,1991-02-12,Right-handed,Fast seam,Australian
Australia,2021,Mitchell Starc,1990-01-30,Left-handed,Fast seam,Australian
Australia,2021,Mitchell Swepson,,,,
Australia,2021,Adam Zampa,1992-03-31,Right-handed,Leg spin,Australian
Australia,2022,Aaron Finch,1986-11-17,Right-handed,Orthodox spin,Australian
Australia,2022,Tim David,1996-03-16,Right-handed,Right-arm off break,
Australia,2022,Steven Smith,1989-06-02,Right-handed,Leg spin,Australian
Australia,2022,Matthew Wade,1987-12-26,Left-handed,Medium seam,Australian
Australia,2022,David Warner,1986-10-27,Left-handed,Leg spin,Australian
Australia,2022,Cameron Green,1999-06-03,Right-handed,Fast seam,
Australia,2022,Mitchell Marsh,1991-10-20,Right-handed,Medium seam,Australian
Australia,2022,Glenn Maxwell,1988-10-14,Right-handed,Off spin,Australian
Australia,2022,Marcus Stoinis,1989-08-16,Right-handed,Medium seam,Australian
Australia,2022,Pat Cummins,1993-05-08,Right-handed,Fast seam,Australian
Australia,2022,Ashton Agar,1993-10-14,Left-handed,Orthodox spin,Australian
Australia,2022,Josh Hazlewood,1991-01-08,Left-handed,Fast seam,Australian
Australia,2022,Kane Richardson,1991-02-12,Right-handed,Fast seam,Australian
Australia,2022,Mitchell Starc,1990-01-30,Left-handed,Fast seam,Australian
Australia,2022,Adam Zampa,1992-03-31,Right-handed,Leg spin,Australian
Australia,2024,Tim David,1996-03-16,Right-handed,Right-arm off break,
Australia,2024,Travis Head,1993-12-29,Left-handed,Off spin,Australian
Australia,2024,Josh Inglis,1995-03-04,Right-handed,Wicket-keeper,
Australia,2024,Matthew Wade,1987-12-26,Left-handed,Medium seam,Australian
Australia,2024,David Warner,1986-10-27,Left-handed,Leg spin,Australian
Australia,2024,Mitchell Marsh,1991-10-20,Right-handed,Medium seam,Australian
Australia,2024,Cameron Green,1999-06-03,Right-handed,Fast seam,
Australia,2024,Glenn Maxwell,1988-10-14,Right-handed,Off spin,Australian
Australia,2024,Marcus Stoinis,1989-08-16,Right-handed,Medium seam,Australian
Australia,2024,Ashton Agar,1993-10-14,Left-handed,Orthodox spin,Australian
Australia,2024,Pat Cummins,1993-05-08,Right-handed,Fast seam,Australian
Australia,2024,Nathan Ellis,1994-09-22,Right-handed,Right-arm fast-medium,
Australia,2024,Josh Hazlewood,1991-01-08,Left-handed,Fast seam,Australian
Australia,2024,Mitchell Starc,1990-01-30,Left-handed,Fast seam,Australian
Australia,2024,Adam Zampa,1992-03-31,Right-handed,Leg spin,Australian
Bangladesh,2007,Mohammad Ashraful,1984-07-07,Right-handed,Right-arm leg break,Bangladeshi
Bangladesh,2007,Aftab Ahmed,1985-11-10,Right-handed,Right-arm medium,Bangladeshi
Bangladesh,2007,Zunaed Siddique,,,,
Bangladesh,2007,Mushfiqur Rahim,1987-05-09,Right-handed,Wicket-keeper,Bangladeshi
Bangladesh,2007,Nadif Chowdhury,,,,
Bangladesh,2007,Nazimuddin,,,,
Bangladesh,2007,Tamim Iqbal,1989-03-20,Left-handed,Right-arm off spin,Bangladeshi
Bangladesh,2007,Alok Kapali,1984-01-01,Right-handed,Right-arm leg break,Bangladeshi
Bangladesh,2007,Farhad Reza,1986-06-16,Right-handed,Right-arm fast-medium,
Bangladesh,2007,Mahmudullah,1986-02-04,Right-handed,Right-arm off break,BD
Bangladesh,2007,Shakib Al Hasan,1987-03-24,Left-handed,Orthodox spin,Bangladeshi
Bangladesh,2007,Ziaur Rahman,2012-08-16,Right-handed,,Bangladeshi
Bangladesh,2007,Mashrafe Mortaza,1983-10-05,Right-handed,Fast seam,Bangladeshi
Bangladesh,2007,Abdur Razzak,1982-06-15,Left-handed,Orthodox spin,Bangladeshi
Bangladesh,2007,Syed Rasel,1984-07-03,Right-handed,Left-arm medium-fast,Bangladeshi
Bangladesh,2009,Mohammad Ashraful,1984-07-07,Right-handed,Right-arm leg break,Bangladeshi
Bangladesh,2009,Zunaed Siddique,,,,
Bangladesh,2009,Mohammad Mithun,1991-03-02,Right-handed,,Bangladeshi
Bangladesh,2009,Mushfiqur Rahim,1987-05-09,Right-handed,Wicket-keeper,Bangladeshi
Bangladesh,2009,Raqibul Hasan,1987-10-08,Right-handed,Right-arm off break,Bangladeshi
Bangladesh,2009,Shamsur Rahman,1988-06-05,Right-handed,,Bangladeshi
Bangladesh,2009,Tamim Iqbal,1989-03-20,Left-handed,Right-arm off spin,Bangladeshi
Bangladesh,2009,Mahmudullah,1986-02-04,Right-handed,Right-arm off break,BD
Bangladesh,2009,Naeem Islam,1986-12-31,Right-handed,Right-arm off break,Bangladeshi
Bangladesh,2009,Shakib Al Hasan,1987-03-24,Left-handed,Orthodox spin,Bangladeshi
Bangladesh,2009,Abdur Razzak,1982-06-15,Left-handed,Orthodox spin,Bangladeshi
Bangladesh,2009,Mashrafe Mortaza,1983-10-05,Right-handed,Fast seam,Bangladeshi
Bangladesh,2009,Rubel Hossain,1990-01-01,Right-handed,Fast seam,Bangladeshi
Bangladesh,2009,Shahadat Hossain,1986-08-07,Right-handed,Right-arm fast-medium,Bangladeshi
Bangladesh,2009,Syed Rasel,1984-07-03,Right-handed,Left-arm medium-fast,Bangladeshi
Bangladesh,2010,Mushfiqur Rahim,1987-05-09,Right-handed,Wicket-keeper,Bangladeshi
Bangladesh,2010,Aftab Ahmed,1985-11-10,Right-handed,Right-arm medium,Bangladeshi
Bangladesh,2010,Imrul Kayes,1987-02-02,Left-handed,Orthodox spin,Bangladeshi
Bangladesh,2010,Jahurul Islam,2012-08-16,Right-handed,Wicket-keeper,Bangladeshi
Bangladesh,2010,Mohammad Ashraful,1984-07-07,Right-handed,Right-arm leg break,Bangladeshi
Bangladesh,2010,Tamim Iqbal,1989-03-20,Left-handed,Right-arm off spin,Bangladeshi
Bangladesh,2010,Shakib Al Hasan,1987-03-24,Left-handed,Orthodox spin,Bangladeshi
Bangladesh,2010,Mahmudullah,1986-02-04,Right-handed,Right-arm off break,BD
Bangladesh,2010,Naeem Islam,1986-12-31,Right-handed,Right-arm off break,Bangladeshi
Bangladesh,2010,Abdur Razzak,1982-06-15,Left-handed,Orthodox spin,Bangladeshi
Bangladesh,2010,Mashrafe Mortaza,1983-10-05,Right-handed,Fast seam,Bangladeshi
Bangladesh,2010,Rubel Hossain,1990-01-01,Right-handed,Fast seam,Bangladeshi
Bangladesh,2010,Shafiul Islam,1989-10-06,Right-handed,Fast seam,Bangladeshi
Bangladesh,2010,Sohrawordi Shuvo,,,,
Bangladesh,2010,Syed Rasel,1984-07-03,Right-handed,Left-arm medium-fast,Bangladeshi
Bangladesh,2012,Mushfiqur Rahim,1987-05-09,Right-handed,Wicket-keeper,Bangladeshi
Bangladesh,2012,Jahurul Islam,2012-08-16,Right-handed,Wicket-keeper,Bangladeshi
Bangladesh,2012,Zunaed Siddique,,,,
Bangladesh,2012,Mohammad Ashraful,1984-07-07,Right-handed,Right-arm leg break,Bangladeshi
Bangladesh,2012,Tamim Iqbal,1989-03-20,Left-handed,Right-arm off spin,Bangladeshi
Bangladesh,2012,Mahmudullah,1986-02-04,Right-handed,Right-arm off break,BD
Bangladesh,2012,Farhad Reza,1986-06-16,Right-handed,Right-arm fast-medium,
Bangladesh,2012,Nasir Hossain,1991-11-30,Right-handed,Right-arm off break,Bangladeshi
Bangladesh,2012,Shakib Al Hasan,1987-03-24,Left-handed,Orthodox spin,Bangladeshi
Bangladesh,2012,Ziaur Rahman,2012-08-16,Right-handed,,Bangladeshi
Bangladesh,2012,Abdur Razzak,1982-06-15,Left-handed,Orthodox spin,Bangladeshi
Bangladesh,2012,Abul Hasan,1992-08-05,Left-handed,Medium seam,Bangladeshi
Bangladesh,2012,Elias Sunny,,,,
Bangladesh,2012,Mashrafe Mortaza,1983-10-05,Right-handed,Fast seam,Bangladeshi
Bangladesh,2012,Shafiul Islam,1989-10-06,Right-handed,Fast seam,Bangladeshi
Bangladesh,2014,Mushfiqur Rahim,1987-05-09,Right-handed,Wicket-keeper,Bangladeshi
Bangladesh,2014,Anamul Haque,1993-12-16,Right-handed,Right-arm medium-fast,Bangladeshi
Bangladesh,2014,Mominul Haque,1991-09-29,Left-handed,Orthodox spin,Bangladeshi
Bangladesh,2014,Sabbir Rahman,1991-11-22,Right-handed,Leg spin,Bangladeshi
Bangladesh,2014,Shamsur Rahman,1988-06-05,Right-handed,,Bangladeshi
Bangladesh,2014,Tamim Iqbal,1989-03-20,Left-handed,Right-arm off spin,Bangladeshi
Bangladesh,2014,Farhad Reza,1986-06-16,Right-handed,Right-arm fast-medium,
Bangladesh,2014,Mahmudullah,1986-02-04,Right-handed,Right-arm off break,BD
Bangladesh,2014,Nasir Hossain,1991-11-30,Right-handed,Right-arm off break,Bangladeshi
Bangladesh,2014,Shakib Al Hasan,1987-03-24,Left-handed,Orthodox spin,Bangladeshi
Bangladesh,2014,Ziaur Rahman,2012-08-16,Right-handed,,Bangladeshi
Bangladesh,2014,Abdur Razzak,1982-06-15,Left-handed,Orthodox spin,Bangladeshi
Bangladesh,2014,Al-Amin Hossain,1990-01-01,Right-handed,Medium seam,Bangladeshi
Bangladesh,2014,Sohag Gazi,1991-08-05,Right-handed,,Bangladeshi
Bangladesh,2014,Taskin Ahmed,1995-04-03,Left-handed,Fast seam,BD
Bangladesh,2016,Mohammad Mithun,1991-03-02,Right-handed,,Bangladeshi
Bangladesh,2016,Mushfiqur Rahim,1987-05-09,Right-handed,Wicket-keeper,Bangladeshi
Bangladesh,2016,Nurul Hasan,1993-11-21,Right-handed,,Bangladeshi
Bangladesh,2016,Sabbir Rahman,1991-11-22,Right-handed,Leg spin,Bangladeshi
Bangladesh,2016,Tamim Iqbal,1989-03-20,Left-handed,Right-arm off spin,Bangladeshi
Bangladesh,2016,Shakib Al Hasan,1987-03-24,Left-handed,Orthodox spin,Bangladeshi
Bangladesh,2016,Mahmudullah,1986-02-04,Right-handed,Right-arm off break,BD
Bangladesh,2016,Nasir Hossain,1991-11-30,Right-handed,Right-arm off break,Bangladeshi
Bangladesh,2016,Shuvagata Hom,,,,
Bangladesh,2016,Soumya Sarkar,1993-02-25,Left-handed,Medium seam,Bangladeshi
Bangladesh,2016,Mashrafe Mortaza,1983-10-05,Right-handed,Fast seam,Bangladeshi
Bangladesh,2016,Abu Hider,1996-02-14,Right-handed,,Bangladeshi
Bangladesh,2016,Al-Amin Hossain,1990-01-01,Right-handed,Medium seam,Bangladeshi
Bangladesh,2016,Mustafizur Rahman,1995-09-06,Left-handed,Fast seam,Bangladeshi
Bangladesh,2016,Saqlain Sajib,,,,
Bangladesh,2021,Litton Das,1994-10-13,Right-handed,Right-arm off spin,Bangladeshi
Bangladesh,2021,Mohammad Naim,1999-08-22,Left-handed,,Bangladeshi
Bangladesh,2021,Mushfiqur Rahim,1987-05-09,Right-handed,Wicket-keeper,Bangladeshi
Bangladesh,2021,Nurul Hasan,1993-11-21,Right-handed,,Bangladeshi
Bangladesh,2021,Mahmudullah,1986-02-04,Right-handed,Right-arm off break,BD
Bangladesh,2021,Afif Hossain,1999-09-22,Left-handed,Off spin,Bangladeshi
Bangladesh,2021,Mahedi Hasan,1994-12-12,Right-handed,Off spin,Bangladeshi
Bangladesh,2021,Shakib Al Hasan,1987-03-24,Left-handed,Orthodox spin,Bangladeshi
Bangladesh,2021,Shamim Hossain,,,,
Bangladesh,2021,Soumya Sarkar,1993-02-25,Left-handed,Medium seam,Bangladeshi
Bangladesh,2021,Mustafizur Rahman,1995-09-06,Left-handed,Fast seam,Bangladeshi
Bangladesh,2021,Nasum Ahmed,1994-12-05,Left-handed,Left-arm orthodox spin,
Bangladesh,2021,Rubel Hossain,1990-01-01,Right-handed,Fast seam,Bangladeshi
Bangladesh,2021,Shoriful Islam,2001-06-03,Left-handed,Fast seam,Bangladeshi
Bangladesh,2021,Taskin Ahmed,1995-04-03,Left-handed,Fast seam,BD
Bangladesh,2022,Litton Das,1994-10-13,Right-handed,Right-arm off spin,Bangladeshi
Bangladesh,2022,Mosaddek Hossain,1995-12-10,Right-handed,Off spin,Bangladeshi
Bangladesh,2022,Najmul Hossain Shanto,1998-08-25,Left-handed,Off spin,Bangladeshi
Bangladesh,2022,Nurul Hasan,1993-11-21,Right-handed,,Bangladeshi
Bangladesh,2022,Yasir Ali,1996-03-06,Right-handed,,Bangladeshi
Bangladesh,2022,Shakib Al Hasan,1987-03-24,Left-handed,Orthodox spin,Bangladeshi
Bangladesh,2022,Afif Hossain,1999-09-22,Left-handed,Off spin,Bangladeshi
Bangladesh,2022,Mehidy Hasan Miraz,,,,
Bangladesh,2022,Soumya Sarkar,1993-02-25,Left-handed,Medium seam,Bangladeshi
Bangladesh,2022,Ebadot Hossain,,,,
Bangladesh,2022,Hasan Mahmud,1999-10-12,Right-handed,Medium seam,Bangladeshi
Bangladesh,2022,Mustafizur Rahman,1995-09-06,Left-handed,Fast seam,Bangladeshi
Bangladesh,2022,Nasum Ahmed,1994-12-05,Left-handed,Left-arm orthodox spin,
Bangladesh,2022,Shoriful Islam,2001-06-03,Left-handed,Fast seam,Bangladeshi
Bangladesh,2022,Taskin Ahmed,1995-04-03,Left-handed,Fast seam,BD
Bangladesh,2024,Najmul Hossain Shanto,1998-08-25,Left-handed,Off spin,Bangladeshi
Bangladesh,2024,Jaker Ali,1998-02-22,Right-handed,,
Bangladesh,2024,Litton Das,1994-10-13,Right-handed,Right-arm off spin,Bangladeshi
Bangladesh,2024,Tanzid Hasan,2000-12-01,Left-handed,,
Bangladesh,2024,Towhid Hridoy,2000-12-04,Right-handed,Right-arm off break,
Bangladesh,2024,Mahedi Hasan,1994-12-12,Right-handed,Off spin,Bangladeshi
Bangladesh,2024,Mahmudullah,1986-02-04,Right-handed,Right-arm off break,BD
Bangladesh,2024,Shakib Al Hasan,1987-03-24,Left-handed,Orthodox spin,Bangladeshi
Bangladesh,2024,Soumya Sarkar,1993-02-25,Left-handed,Medium seam,Bangladeshi
Bangladesh,2024,Taskin Ahmed,1995-04-03,Left-handed,Fast seam,BD
Bangladesh,2024,Mustafizur Rahman,1995-09-06,Left-handed,Fast seam,Bangladeshi
Bangladesh,2024,Rishad Hossain,2002-07-15,Right-handed,Right-arm leg break,
Bangladesh,2024,Shoriful Islam,2001-06-03,Left-handed,Fast seam,Bangladeshi
Bangladesh,2024,Tanvir Islam,1996-10-25,Left-handed,Slow left-arm orthodox,
Bangladesh,2024,Tanzim Hasan Sakib,2002-10-20,Right-handed,Right-arm fast-medium,
Canada,2024,Navneet Dhaliwal,1988-10-10,Right-handed,Right-arm medium,
Canada,2024,Aaron Johnson,1991-03-16,Right-handed,,CA
Canada,2024,Shreyas Movva,1993-09-04,Right-handed,,
Canada,2024,Ravinderpal Singh,1988-10-14,Right-handed,Right-arm medium,CA
Canada,2024,Saad Bin Zafar,1986-11-10,Left-handed,Slow left-arm orthodox,CA
Canada,2024,Dilpreet Bajwa,2001-01-04,Right-handed,Right-arm off break,
Canada,2024,Junaid Siddiqui,1987-10-30,Left-handed,,Bangladeshi
Canada,2024,Nicholas Kirton,1998-05-06,Left-handed,Medium seam,CA
Canada,2024,Pargat Singh,1992-04-13,Right-handed,,CA
Canada,2024,Rayyan Pathan,1991-12-06,Right-handed,Right-arm medium,
Canada,2024,Nikhil Dutta,1994-10-13,Right-handed,,CA
Canada,2024,Jeremy Gordon,1987-01-20,Right-handed,,CA
Canada,2024,Dilon Heyliger,1989-10-21,Right-handed,Right-arm medium fast,
Canada,2024,Rishiv Joshi,2000-10-04,Right-handed,Left-arm medium-fast,
Canada,2024,Kaleem Sana,1994-01-01,Right-handed,Left-arm medium fast,CA
England,2007,Kevin Pietersen,1980-06-27,Right-handed,Off spin,English
England,2007,Matt Prior,1982-02-26,Right-handed,Wicket-keeper,English
England,2007,Owais Shah,,,,
England,2007,Vikram Solanki,,,,
England,2007,Luke Wright,1985-03-07,Left-handed,Right-arm medium,English
England,2007,Paul Collingwood,1976-05-26,Right-handed,Medium seam,English
England,2007,Andrew Flintoff,1977-12-06,Right-handed,Fast seam,English
England,2007,Darren Maddy,,,,
England,2007,Dimitri Mascarenhas,,,,
England,2007,Chris Schofield,,,,
England,2007,James Anderson,1982-07-30,Left-handed,Fast seam,English
England,2007,Stuart Broad,1986-06-24,Left-handed,Fast seam,English
England,2007,James Kirtley,,,,
England,2007,Jeremy Snape,,,,
England,2007,Chris Tremlett,1981-09-02,Right-handed,,English
England,2009,James Foster,,,,
England,2009,Rob Key,,,,
England,2009,Eoin Morgan,1986-09-10,Left-handed,Medium seam,ENG
England,2009,Kevin Pietersen,1980-06-27,Right-handed,Off spin,English
England,2009,Owais Shah,,,,
England,2009,Luke Wright,1985-03-07,Left-handed,Right-arm medium,English
England,2009,Paul Collingwood,1976-05-26,Right-handed,Medium seam,English
England,2009,Ravi Bopara,1985-05-04,Right-handed,Right-arm medium,English
England,2009,Dimitri Mascarenhas,,,,
England,2009,Graham Napier,,,,
England,2009,James Anderson,1982-07-30,Left-handed,Fast seam,English
England,2009,Stuart Broad,1986-06-24,Left-handed,Fast seam,English
England,2009,Adil Rashid,1988-02-17,Right-handed,Leg spin,English
England,2009,Ryan Sidebottom,,,,
England,2009,Graeme Swann,1979-03-24,Right-handed,Off spin,English
England,2010,Craig Kieswetter,1987-11-28,Right-handed,Wicket-keeper,English
England,2010,Michael Lumb,1980-12-02,Right-handed,,English
England,2010,Eoin Morgan,1986-09-10,Left-handed,Medium seam,ENG
England,2010,Kevin Pietersen,1980-06-27,Right-handed,Off spin,English
England,2010,Luke Wright,1985-03-07,Left-handed,Right-arm medium,English
England,2010,Paul Collingwood,1976-05-26,Right-handed,Medium seam,English
England,2010,Ravi Bopara,1985-05-04,Right-handed,Right-arm medium,English
England,2010,Tim Bresnan,1985-02-28,Right-handed,Right-arm fast-medium,English
England,2010,James Tredwell,1982-02-27,Left-handed,Right-arm off break,English
England,2010,Michael Yardy,1980-11-27,Right-handed,,English
England,2010,James Anderson,1982-07-30,Left-handed,Fast seam,English
England,2010,Stuart Broad,1986-06-24,Left-handed,Fast seam,English
England,2010,Ajmal Shahzad,1985-07-27,Right-handed,Right-arm fast-medium,English
England,2010,Ryan Sidebottom,,,,
England,2010,Graeme Swann,1979-03-24,Right-handed,Off spin,English
England,2012,Jonny Bairstow,1989-09-26,Right-handed,Medium seam,English
England,2012,Jos Buttler,1990-09-08,Right-handed,Wicket-keeper,English
England,2012,Alex Hales,1989-01-03,Right-handed,Medium seam,English
England,2012,Craig Kieswetter,1987-11-28,Right-handed,Wicket-keeper,English
England,2012,Michael Lumb,1980-12-02,Right-handed,,English
England,2012,Eoin Morgan,1986-09-10,Left-handed,Medium seam,ENG
England,2012,Luke Wright,1985-03-07,Left-handed,Right-arm medium,English
England,2012,Ravi Bopara,1985-05-04,Right-handed,Right-arm medium,English
England,2012,Tim Bresnan,1985-02-28,Right-handed,Right-arm fast-medium,English
England,2012,Samit Patel,1984-11-30,Right-handed,,English
England,2012,Stuart Broad,1986-06-24,Left-handed,Fast seam,English
England,2012,Danny Briggs,,,,
England,2012,Jade Dernbach,1986-04-03,Right-handed,,English
England,2012,Steven Finn,1989-04-04,Right-handed,Right-arm fast,English
England,2012,Graeme Swann,1979-03-24,Right-handed,Off spin,English
England,2014,Eoin Morgan,1986-09-10,Left-handed,Medium seam,ENG
England,2014,Ian Bell,1982-04-11,Right-handed,Medium seam,English
England,2014,Jos Buttler,1990-09-08,Right-handed,Wicket-keeper,English
England,2014,Alex Hales,1989-01-03,Right-handed,Medium seam,English
England,2014,Craig Kieswetter,1987-11-28,Right-handed,Wicket-keeper,English
England,2014,Michael Lumb,1980-12-02,Right-handed,,English
England,2014,Moeen Ali,1987-06-18,Left-handed,Off spin,English
England,2014,Ravi Bopara,1985-05-04,Right-handed,Right-arm medium,English
England,2014,Tim Bresnan,1985-02-28,Right-handed,Right-arm fast-medium,English
England,2014,James Tredwell,1982-02-27,Left-handed,Right-arm off break,English
England,2014,Chris Woakes,1989-03-02,Right-handed,Fast seam,English
England,2014,Stuart Broad,1986-06-24,Left-handed,Fast seam,English
England,2014,Jade Dernbach,1986-04-03,Right-handed,,English
England,2014,Chris Jordan,1988-10-04,Right-handed,Fast seam,English
England,2014,Stephen Parry,1986-01-12,Right-handed,,English
England,2016,Eoin Morgan,1986-09-10,Left-handed,Medium seam,ENG
England,2016,Sam Billings,1991-06-15,Right-handed,,English
England,2016,Jos Buttler,1990-09-08,Right-handed,Wicket-keeper,English
England,2016,Alex Hales,1989-01-03,Right-handed,Medium seam,English
England,2016,Joe Root,1990-12-30,Right-handed,Off spin,English
England,2016,Jason Roy,1990-07-21,Right-handed,,English
England,2016,James Vince,1991-03-14,Right-handed,Medium seam,English
England,2016,Moeen Ali,1987-06-18,Left-handed,Off spin,English
England,2016,Liam Dawson,1990-03-01,Right-handed,Left-arm orthodox,English
England,2016,Ben Stokes,1991-06-04,Left-handed,Fast seam,English
England,2016,David Willey,1990-02-28,Left-handed,Fast seam,English
England,2016,Chris Jordan,1988-10-04,Right-handed,Fast seam,English
England,2016,Liam Plunkett,1985-04-06,Right-handed,Fast seam,English
England,2016,Adil Rashid,1988-02-17,Right-handed,Leg spin,English
England,2016,Reece Topley,1994-02-21,Right-handed,Left-arm fast-medium,English
England,2021,Eoin Morgan,1986-09-10,Left-handed,Medium seam,ENG
England,2021,Jonny Bairstow,1989-09-26,Right-handed,Medium seam,English
England,2021,Sam Billings,1991-06-15,Right-handed,,English
England,2021,Jos Buttler,1990-09-08,Right-handed,Wicket-keeper,English
England,2021,Dawid Malan,1987-09-03,Left-handed,Leg spin,English
England,2021,James Vince,1991-03-14,Right-handed,Medium seam,English
England,2021,Moeen Ali,1987-06-18,Left-handed,Off spin,English
England,2021,Tom Curran,1995-03-12,Right-handed,Fast seam,English
England,2021,Liam Livingstone,1993-08-04,Right-handed,Leg spin,English
England,2021,David Willey,1990-02-28,Left-handed,Fast seam,English
England,2021,Chris Woakes,1989-03-02,Right-handed,Fast seam,English
England,2021,Chris Jordan,1988-10-04,Right-handed,Fast seam,English
England,2021,Adil Rashid,1988-02-17,Right-handed,Leg spin,English
England,2021,Reece Topley,1994-02-21,Right-handed,Left-arm fast-medium,English
England,2021,Mark Wood,1990-01-11,Right-handed,Fast seam,English
England,2022,Jos Buttler,1990-09-08,Right-handed,Wicket-keeper,English
England,2022,Harry Brook,1999-02-22,Right-handed,Right-arm medium,
England,2022,Alex Hales,1989-01-03,Right-handed,Medium seam,English
England,2022,Dawid Malan,1987-09-03,Left-handed,Leg spin,English
England,2022,Phil Salt,1996-08-28,Right-handed,,
England,2022,Moeen Ali,1987-06-18,Left-handed,Off spin,English
England,2022,Sam Curran,1998-06-03,Left-handed,Medium seam,English
England,2022,Liam Livingstone,1993-08-04,Right-handed,Leg spin,English
England,2022,Ben Stokes,1991-06-04,Left-handed,Fast seam,English
England,2022,David Willey,1990-02-28,Left-handed,Fast seam,English
England,2022,Chris Woakes,1989-03-02,Right-handed,Fast seam,English
England,2022,Chris Jordan,1988-10-04,Right-handed,Fast seam,English
England,2022,Tymal Mills,,,,
England,2022,Adil Rashid,1988-02-17,Right-handed,Leg spin,English
England,2022,Mark Wood,1990-01-11,Right-handed,Fast seam,English
England,2024,Jos Buttler,1990-09-08,Right-handed,Wicket-keeper,English
England,2024,Jonny Bairstow,1989-09-26,Right-handed,Medium seam,English
England,2024,Harry Brook,1999-02-22,Right-handed,Right-arm medium,
England,2024,Ben Duckett,1994-10-17,Left-handed,,English
England,2024,Phil Salt,1996-08-28,Right-handed,,
England,2024,Moeen Ali,1987-06-18,Left-handed,Off spin,English
England,2024,Sam Curran,1998-06-03,Left-handed,Medium seam,English
England,2024,Will Jacks,1998-11-21,Right-handed,Right-arm off spin,
England,2024,Liam Livingstone,1993-08-04,Right-handed,Leg spin,English
England,2024,Jofra Archer,1995-04-01,Right-handed,Fast seam,English
England,2024,Tom Hartley,1999-05-03,Left-handed,Slow left-arm orthodox,
England,2024,Chris Jordan,1988-10-04,Right-handed,Fast seam,English
England,2024,Adil Rashid,1988-02-17,Right-handed,Leg spin,English
England,2024,Reece Topley,1994-02-21,Right-handed,Left-arm fast-medium,English
England,2024,Mark Wood,1990-01-11,Right-handed,Fast seam,English
Hong Kong,2014,Jamie Atkinson,1990-08-13,Right-handed,,Hong Konger
Hong Kong,2014,Waqas Barkat,1990-02-17,Right-handed,,Hong Konger
Hong Kong,2014,Babar Hayat,1992-01-05,Right-handed,,Hong Konger
Hong Kong,2014,Kinchit Shah,1995-12-09,Left-handed,,Hong Konger
Hong Kong,2014,Aizaz Khan,1993-03-21,Right-handed,,Hong Konger
Hong Kong,2014,Mark Chapman,1994-06-27,Left-handed,Orthodox spin,New Zealander
Hong Kong,2014,Irfan Ahmed,,,,
Hong Kong,2014,Roy Lamsam,,,,
Hong Kong,2014,Munir Dar,,,,
Hong Kong,2014,Najeeb Amar,,,,
Hong Kong,2014,Nizakat Khan,1992-07-08,Right-handed,,Hong Konger
Hong Kong,2014,Tanwir Afzal,1988-06-12,Right-handed,,Hong Konger
Hong Kong,2014,Ehsan Nawaz,1995-03-21,Right-handed,,Hong Konger
Hong Kong,2014,Haseeb Amjad,,,,
Hong Kong,2014,Nadeem Ahmed,1987-09-28,Right-handed,,Hong Konger
Hong Kong,2016,Waqas Khan,1999-10-10,Right-handed,,Hong Konger
Hong Kong,2016,Anshy Rath,1997-11-05,Left-handed,Orthodox spin,Hong Konger
Hong Kong,2016,Jamie Atkinson,1990-08-13,Right-handed,,Hong Konger
Hong Kong,2016,Babar Hayat,1992-01-05,Right-handed,,Hong Konger
Hong Kong,2016,Ryan Campbell,,,,
Hong Kong,2016,Christopher Carter,1997-09-09,Right-handed,,Hong Konger
Hong Kong,2016,Kinchit Shah,1995-12-09,Left-handed,,Hong Konger
Hong Kong,2016,Waqas Barkat,1990-02-17,Right-handed,,Hong Konger
Hong Kong,2016,Tanwir Afzal,1988-06-12,Right-handed,,Hong Konger
Hong Kong,2016,Aizaz Khan,1993-03-21,Right-handed,,Hong Konger
Hong Kong,2016,Mark Chapman,1994-06-27,Left-handed,Orthodox spin,New Zealander
Hong Kong,2016,Nizakat Khan,1992-07-08,Right-handed,,Hong Konger
Hong Kong,2016,Haseeb Amjad,,,,
Hong Kong,2016,Adil Mehmood,,,,
Hong Kong,2016,Nadeem Ahmed,1987-09-28,Right-handed,,Hong Konger
India,2007,MS Dhoni,1981-07-07,Right-handed,Medium seam,Indian
India,2007,Yuvraj Singh,1981-12-12,Left-handed,Orthodox spin,Indian
India,2007,Gautam Gambhir,1981-10-14,Left-handed,Leg spin,Indian
India,2007,Dinesh Karthik,1985-06-01,Right-handed,Off spin,Indian
India,2007,Virender Sehwag,1978-10-20,Right-handed,Off spin,Indian
India,2007,Rohit Sharma,1987-04-30,Right-handed,Off spin,Indian
India,2007,Robin Uthappa,1985-11-11,Right-handed,Right-arm medium,Indian
India,2007,Piyush Chawla,1988-12-24,Left-handed,Leg spin,Indian
India,2007,Joginder Sharma,,,,
India,2007,Yusuf Pathan,1982-11-17,Right-handed,Right-arm off break,Indian
India,2007,Irfan Pathan,1984-10-27,Left-handed,Left-arm fast-medium,
India,2007,Ajit Agarkar,1977-12-04,Right-handed,Fast seam,Indian
India,2007,Harbhajan Singh,1980-07-03,Right-handed,Off spin,Indian
India,2007,RP Singh,,,,
India,2007,Sreesanth,,,,
India,2009,MS Dhoni,1981-07-07,Right-handed,Medium seam,Indian
India,2009,Yuvraj Singh,1981-12-12,Left-handed,Orthodox spin,Indian
India,2009,Gautam Gambhir,1981-10-14,Left-handed,Leg spin,Indian
India,2009,Dinesh Karthik,1985-06-01,Right-handed,Off spin,Indian
India,2009,Suresh Raina,1986-11-27,Left-handed,Off spin,Indian
India,2009,Rohit Sharma,1987-04-30,Right-handed,Off spin,Indian
India,2009,Ravindra Jadeja,1988-12-06,Left-handed,Orthodox spin,Indian
India,2009,Yusuf Pathan,1982-11-17,Right-handed,Right-arm off break,Indian
India,2009,Irfan Pathan,1984-10-27,Left-handed,Left-arm fast-medium,
India,2009,Harbhajan Singh,1980-07-03,Right-handed,Off spin,Indian
India,2009,Zaheer Khan,1978-10-07,Right-handed,Fast seam,Indian
India,2009,Praveen Kumar,,,,
India,2009,Pragyan Ojha,,,,
India,2009,Ishant Sharma,1988-09-02,Right-handed,Fast seam,Indian
India,2009,RP Singh,,,,
India,2010,MS Dhoni,1981-07-07,Right-handed,Medium seam,Indian
India,2010,Gautam Gambhir,1981-10-14,Left-handed,Leg spin,Indian
India,2010,Dinesh Karthik,1985-06-01,Right-handed,Off spin,Indian
India,2010,Suresh Raina,1986-11-27,Left-handed,Off spin,Indian
India,2010,Rohit Sharma,1987-04-30,Right-handed,Off spin,Indian
India,2010,Murali Vijay,1984-04-01,Left-handed,,Indian
India,2010,Yuvraj Singh,1981-12-12,Left-handed,Orthodox spin,Indian
India,2010,Piyush Chawla,1988-12-24,Left-handed,Leg spin,Indian
India,2010,Ravindra Jadeja,1988-12-06,Left-handed,Orthodox spin,Indian
India,2010,Yusuf Pathan,1982-11-17,Right-handed,Right-arm off break,Indian
India,2010,Harbhajan Singh,1980-07-03,Right-handed,Off spin,Indian
India,2010,Zaheer Khan,1978-10-07,Right-handed,Fast seam,Indian
India,2010,Ashish Nehra,1979-04-29,Right-handed,Medium seam,Indian
India,2010,Vinay Kumar,1984-02-12,Right-handed,,Indian
India,2010,Umesh Yadav,1987-10-25,Right-handed,Fast seam,Indian
India,2012,MS Dhoni,1981-07-07,Right-handed,Medium seam,Indian
India,2012,Gautam Gambhir,1981-10-14,Left-handed,Leg spin,Indian
India,2012,Virat Kohli,1988-11-05,Right-handed,Medium seam,Indian
India,2012,Suresh Raina,1986-11-27,Left-handed,Off spin,Indian
India,2012,Virender Sehwag,1978-10-20,Right-handed,Off spin,Indian
India,2012,Rohit Sharma,1987-04-30,Right-handed,Off spin,Indian
India,2012,Manoj Tiwary,1985-11-14,Right-handed,,Indian
India,2012,Yuvraj Singh,1981-12-12,Left-handed,Orthodox spin,Indian
India,2012,Ravichandran Ashwin,1986-09-17,Right-handed,Off spin,Indian
India,2012,Piyush Chawla,1988-12-24,Left-handed,Leg spin,Indian
India,2012,Irfan Pathan,1984-10-27,Left-handed,Left-arm fast-medium,
India,2012,Lakshmipathy Balaji,,,,
India,2012,Ashok Dinda,1984-03-25,Right-handed,,Indian
India,2012,Harbhajan Singh,1980-07-03,Right-handed,Off spin,Indian
India,2012,Zaheer Khan,1978-10-07,Right-handed,Fast seam,Indian
India,2014,MS Dhoni,1981-07-07,Right-handed,Medium seam,Indian
India,2014,Shikhar Dhawan,1985-12-05,Left-handed,Off spin,Indian
India,2014,Virat Kohli,1988-11-05,Right-handed,Medium seam,Indian
India,2014,Ajinkya Rahane,1988-06-06,Right-handed,Medium seam,Indian
India,2014,Suresh Raina,1986-11-27,Left-handed,Off spin,Indian
India,2014,Rohit Sharma,1987-04-30,Right-handed,Off spin,Indian
India,2014,Yuvraj Singh,1981-12-12,Left-handed,Orthodox spin,Indian
India,2014,Ravichandran Ashwin,1986-09-17,Right-handed,Off spin,Indian
India,2014,Stuart Binny,1984-06-03,Right-handed,Right-arm medium,Indian
India,2014,Ravindra Jadeja,1988-12-06,Left-handed,Orthodox spin,Indian
India,2014,Varun Aaron,1989-10-29,Right-handed,,Indian
India,2014,Bhuvneshwar Kumar,1990-02-05,Right-handed,Medium seam,Indian
India,2014,Amit Mishra,1982-11-24,Right-handed,Leg spin,Indian
India,2014,Mohammed Shami,1990-09-03,Right-handed,Fast seam,Indian
India,2014,Mohit Sharma,1991-12-19,Right-handed,Right-arm medium-fast,Indian
India,2016,MS Dhoni,1981-07-07,Right-handed,Medium seam,Indian
India,2016,Shikhar Dhawan,1985-12-05,Left-handed,Off spin,Indian
India,2016,Virat Kohli,1988-11-05,Right-handed,Medium seam,Indian
India,2016,Manish Pandey,1989-09-10,Right-handed,Medium seam,Indian
India,2016,Ajinkya Rahane,1988-06-06,Right-handed,Medium seam,Indian
India,2016,Suresh Raina,1986-11-27,Left-handed,Off spin,Indian
India,2016,Rohit Sharma,1987-04-30,Right-handed,Off spin,Indian
India,2016,Ravichandran Ashwin,1986-09-17,Right-handed,Off spin,Indian
India,2016,Ravindra Jadeja,1988-12-06,Left-handed,Orthodox spin,Indian
India,2016,Hardik Pandya,1993-10-11,Right-handed,Medium seam,Indian
India,2016,Jasprit Bumrah,1993-12-06,Right-handed,Fast seam,Indian
India,2016,Harbhajan Singh,1980-07-03,Right-handed,Off spin,Indian
India,2016,Mohammed Shami,1990-09-03,Right-handed,Fast seam,Indian
India,2016,Pawan Negi,,,,
India,2016,Ashish Nehra,1979-04-29,Right-handed,Medium seam,Indian
India,2021,Virat Kohli,1988-11-05,Right-handed,Medium seam,Indian
India,2021,Ishan Kishan,1998-07-18,Left-handed,,Indian
India,2021,Rishabh Pant,1997-10-04,Left-handed,Right-arm medium,IN
India,2021,KL Rahul,1992-04-18,Right-handed,Right-arm medium,Indian
India,2021,Rohit Sharma,1987-04-30,Right-handed,Off spin,Indian
India,2021,Suryakumar Yadav,1990-09-14,Right-handed,Right-arm off break,Indian
India,2021,Ravichandran Ashwin,1986-09-17,Right-handed,Off spin,Indian
India,2021,Ravindra Jadeja,1988-12-06,Left-handed,Orthodox spin,Indian
India,2021,Hardik Pandya,1993-10-11,Right-handed,Medium seam,Indian
India,2021,Jasprit Bumrah,1993-12-06,Right-handed,Fast seam,Indian
India,2021,Rahul Chahar,1999-08-04,Right-handed,Leg spin,Indian
India,2021,Bhuvneshwar Kumar,1990-02-05,Right-handed,Medium seam,Indian
India,2021,Mohammed Shami,1990-09-03,Right-handed,Fast seam,Indian
India,2021,Shardul Thakur,1991-10-16,Right-handed,Medium seam,Indian
India,2021,Varun Chakravarthy,,,,
India,2022,Rohit Sharma,1987-04-30,Right-handed,Off spin,Indian
India,2022,KL Rahul,1992-04-18,Right-handed,Right-arm medium,Indian
India,2022,Dinesh Karthik,1985-06-01,Right-handed,Off spin,Indian
India,2022,Virat Kohli,1988-11-05,Right-handed,Medium seam,Indian
India,2022,Rishabh Pant,1997-10-04,Left-handed,Right-arm medium,IN
India,2022,Suryakumar Yadav,1990-09-14,Right-handed,Right-arm off break,Indian
India,2022,Ravichandran Ashwin,1986-09-17,Right-handed,Off spin,Indian
India,2022,Deepak Hooda,,,,
India,2022,Hardik Pandya,1993-10-11,Right-handed,Medium seam,Indian
India,2022,Axar Patel,1994-01-20,Left-handed,Orthodox spin,Indian
India,2022,Arshdeep Singh,1999-02-05,Left-handed,Left-arm medium-fast,
India,2022,Yuzvendra Chahal,1990-07-23,Right-handed,Leg spin,Indian
India,2022,Bhuvneshwar Kumar,1990-02-05,Right-handed,Medium seam,Indian
India,2022,Mohammed Shami,1990-09-03,Right-handed,Fast seam,Indian
India,2022,Harshal Patel,,,,
India,2024,Rohit Sharma,1987-04-30,Right-handed,Off spin,Indian
India,2024,Yashasvi Jaiswal,2001-12-28,Left-handed,Right-arm leg break,
India,2024,Virat Kohli,1988-11-05,Right-handed,Medium seam,Indian
India,2024,Rishabh Pant,1997-10-04,Left-handed,Right-arm medium,IN
India,2024,Sanju Samson,1994-11-11,Right-handed,Right-arm off break,Indian
India,2024,Suryakumar Yadav,1990-09-14,Right-handed,Right-arm off break,Indian
India,2024,Hardik Pandya,1993-10-11,Right-handed,Medium seam,Indian
India,2024,Shivam Dube,1993-06-26,Left-handed,Medium seam,Indian
India,2024,Ravindra Jadeja,1988-12-06,Left-handed,Orthodox spin,Indian
India,2024,Axar Patel,1994-01-20,Left-handed,Orthodox spin,Indian
India,2024,Arshdeep Singh,1999-02-05,Left-handed,Left-arm medium-fast,
India,2024,Jasprit Bumrah,1993-12-06,Right-handed,Fast seam,Indian
India,2024,Yuzvendra Chahal,1990-07-23,Right-handed,Leg spin,Indian
India,2024,Kuldeep Yadav,1994-12-14,Left-handed,Unorthodox spin,Indian
India,2024,Mohammed Siraj,1994-03-13,Right-handed,Medium seam,Indian
Kenya,2007,Tanmay Mishra,1986-12-22,Right-handed,Right-arm fast-medium,Kenyan
Kenya,2007,Alex Obanda,1987-12-25,Right-handed,,Kenyan
Kenya,2007,David Obuya,1979-08-14,Right-handed,Wicket-keeper,Kenyan
Kenya,2007,Morris Ouma,1982-11-08,Right-handed,Wicket-keeper,Kenyan
Kenya,2007,Steve Tikolo,1971-06-25,Right-handed,,Kenyan
Kenya,2007,Collins Obuya,1981-07-27,Right-handed,Right-arm leg break,Kenyan
Kenya,2007,Thomas Odoyo,1978-05-12,Right-handed,Medium seam,Kenyan
Kenya,2007,Tony Suji,1976-02-05,Right-handed,Right-arm medium,Kenyan
Kenya,2007,Rajesh Bhudia,1984-11-22,Right-handed,Right-arm medium,
Kenya,2007,Jimmy Kamande,1978-12-12,Right-handed,Right-arm off spin/fast-medium,Kenyan
Kenya,2007,Nehemiah Odhiambo,1983-08-07,Right-handed,Right-arm medium-fast,Kenyan
Kenya,2007,Peter Ongondo,1977-02-10,Right-handed,Right-arm medium,Kenyan
Kenya,2007,Lameck Onyango,1973-09-22,Right-handed,Right-arm medium,
Kenya,2007,Elijah Otieno,1988-01-03,Right-handed,Right-arm medium-fast,Kenyan
Kenya,2007,Hiren Varaiya,1984-04-09,Right-handed,Slow left-arm orthodox,Kenyan
Ireland,2009,William Porterfield,1984-09-06,Left-handed,Off spin,Irish
Ireland,2009,Niall O'Brien,1981-11-08,Left-handed,Wicket-keeper,Irish
Ireland,2009,Gary Wilson,1986-02-05,Right-handed,Wicket-keeper,Irish
Ireland,2009,Andre Botha,1975-09-12,Right-handed,Right-arm medium,South African
Ireland,2009,Kyle McCallan,1975-08-27,Right-handed,Right-arm off break,Irish
Ireland,2009,John Mooney,1982-02-10,Left-handed,Right-arm medium,Irish
Ireland,2009,Kevin O'Brien,1984-03-04,Right-handed,Medium seam,Irish
Ireland,2009,Paul Stirling,1990-09-03,Right-handed,Off spin,Irish
Ireland,2009,Andrew White,1980-07-03,Right-handed,Right-arm off break,Irish
Ireland,2009,Peter Connell,,,,
Ireland,2009,Alex Cusack,1980-10-29,Right-handed,Right-arm medium,Irish
Ireland,2009,Trent Johnston,1974-04-29,Right-handed,Right-arm fast-medium,Irish
Ireland,2009,Boyd Rankin,1984-07-05,Left-handed,Fast seam,Irish
Ireland,2009,Regan West,,,,
Ireland,2009,Jeremy Bray,1973-11-30,Right-handed,,Australian
Ireland,2010,William Porterfield,1984-09-06,Left-handed,Off spin,Irish
Ireland,2010,Niall O'Brien,1981-11-08,Left-handed,Wicket-keeper,Irish
Ireland,2010,Gary Wilson,1986-02-05,Right-handed,Wicket-keeper,Irish
Ireland,2010,Andre Botha,1975-09-12,Right-handed,Right-arm medium,South African
Ireland,2010,George Dockrell,1992-07-22,Right-handed,Orthodox spin,Irish
Ireland,2010,Nigel Jones,1985-11-22,Right-handed,Right-arm off break,
Ireland,2010,John Mooney,1982-02-10,Left-handed,Right-arm medium,Irish
Ireland,2010,Kevin O'Brien,1984-03-04,Right-handed,Medium seam,Irish
Ireland,2010,Paul Stirling,1990-09-03,Right-handed,Off spin,Irish
Ireland,2010,Andrew White,1980-07-03,Right-handed,Right-arm off break,Irish
Ireland,2010,Peter Connell,,,,
Ireland,2010,Alex Cusack,1980-10-29,Right-handed,Right-arm medium,Irish
Ireland,2010,Trent Johnston,1974-04-29,Right-handed,Right-arm fast-medium,Irish
Ireland,2010,Gary Kidd,,,,
Ireland,2010,Boyd Rankin,1984-07-05,Left-handed,Fast seam,Irish
Ireland,2012,William Porterfield,1984-09-06,Left-handed,Off spin,Irish
Ireland,2012,Ed Joyce,1978-09-22,Left-handed,Right-arm medium,Irish
Ireland,2012,Niall O'Brien,1981-11-08,Left-handed,Wicket-keeper,Irish
Ireland,2012,Gary Wilson,1986-02-05,Right-handed,Wicket-keeper,Irish
Ireland,2012,George Dockrell,1992-07-22,Right-handed,Orthodox spin,Irish
Ireland,2012,Nigel Jones,1985-11-22,Right-handed,Right-arm off break,
Ireland,2012,Kevin O'Brien,1984-03-04,Right-handed,Medium seam,Irish
Ireland,2012,Paul Stirling,1990-09-03,Right-handed,Off spin,Irish
Ireland,2012,Andrew White,1980-07-03,Right-handed,Right-arm off break,Irish
Ireland,2012,Alex Cusack,1980-10-29,Right-handed,Right-arm medium,Irish
Ireland,2012,Trent Johnston,1974-04-29,Right-handed,Right-arm fast-medium,Irish
Ireland,2012,Tim Murtagh,1981-08-02,Left-handed,Right-arm fast-medium,Irish
Ireland,2012,Boyd Rankin,1984-07-05,Left-handed,Fast seam,Irish
Ireland,2012,Max Sorensen,1985-11-18,Right-handed,,Irish
Ireland,2012,Stuart Thompson,1991-08-15,Left-handed,Medium seam,Irish
Ireland,2014,William Porterfield,1984-09-06,Left-handed,Off spin,Irish
Ireland,2014,Ed Joyce,1978-09-22,Left-handed,Right-arm medium,Irish
Ireland,2014,Niall O'Brien,1981-11-08,Left-handed,Wicket-keeper,Irish
Ireland,2014,Andrew Poynter,,,,
Ireland,2014,James Shannon,,,,
Ireland,2014,Gary Wilson,1986-02-05,Right-handed,Wicket-keeper,Irish
Ireland,2014,George Dockrell,1992-07-22,Right-handed,Orthodox spin,Irish
Ireland,2014,Andy McBrine,1993-04-30,Right-handed,Off spin,Irish
Ireland,2014,Kevin O'Brien,1984-03-04,Right-handed,Medium seam,Irish
Ireland,2014,Paul Stirling,1990-09-03,Right-handed,Off spin,Irish
Ireland,2014,Alex Cusack,1980-10-29,Right-handed,Right-arm medium,Irish
Ireland,2014,Tim Murtagh,1981-08-02,Left-handed,Right-arm fast-medium,Irish
Ireland,2014,Max Sorensen,1985-11-18,Right-handed,,Irish
Ireland,2014,Stuart Thompson,1991-08-15,Left-handed,Medium seam,Irish
Ireland,2014,Craig Young,1990-04-04,Right-handed,Fast seam,Irish
Ireland,2016,William Porterfield,1984-09-06,Left-handed,Off spin,Irish
Ireland,2016,Andy Balbirnie,,Right-handed,,
Ireland,2016,Niall O'Brien,1981-11-08,Left-handed,Wicket-keeper,Irish
Ireland,2016,Stuart Poynter,1990-10-18,Right-handed,,Irish
Ireland,2016,Andrew Poynter,,,,
Ireland,2016,Gary Wilson,1986-02-05,Right-handed,Wicket-keeper,Irish
Ireland,2016,George Dockrell,1992-07-22,Right-handed,Orthodox spin,Irish
Ireland,2016,Andy McBrine,1993-04-30,Right-handed,Off spin,Irish
Ireland,2016,Kevin O'Brien,1984-03-04,Right-handed,Medium seam,Irish
Ireland,2016,Paul Stirling,1990-09-03,Right-handed,Off spin,Irish
Ireland,2016,Tim Murtagh,1981-08-02,Left-handed,Right-arm fast-medium,Irish
Ireland,2016,Boyd Rankin,1984-07-05,Left-handed,Fast seam,Irish
Ireland,2016,Max Sorensen,1985-11-18,Right-handed,,Irish
Ireland,2016,Stuart Thompson,1991-08-15,Left-handed,Medium seam,Irish
Ireland,2016,Craig Young,1990-04-04,Right-handed,Fast seam,Irish
Ireland,2021,Andy Balbirnie,,Right-handed,,
Ireland,2021,Neil Rock,2000-09-24,Left-handed,,
Ireland,2021,Harry Tector,1999-11-06,Right-handed,Right-arm off break,Irish
Ireland,2021,Lorcan Tucker,1996-09-10,Right-handed,,Irish
Ireland,2021,Mark Adair,1996-03-27,Right-handed,Fast seam,Irish
Ireland,2021,Curtis Campher,1999-04-20,Right-handed,Medium seam,Irish
Ireland,2021,Gareth Delany,1997-04-28,Right-handed,Leg spin,Irish
Ireland,2021,George Dockrell,1992-07-22,Right-handed,Orthodox spin,Irish
Ireland,2021,Andy McBrine,1993-04-30,Right-handed,Off spin,Irish
Ireland,2021,Kevin O'Brien,1984-03-04,Right-handed,Medium seam,Irish
Ireland,2021,Simi Singh,1987-02-04,Right-handed,Off spin,Irish
Ireland,2021,Paul Stirling,1990-09-03,Right-handed,Off spin,Irish
Ireland,2021,Josh Little,1999-11-01,Right-handed,Fast seam,Irish
Ireland,2021,Ben White,1998-08-29,Right-handed,Right-arm leg break,
Ireland,2021,Craig Young,1990-04-04,Right-handed,Fast seam,Irish
Ireland,2022,Andy Balbirnie,,Right-handed,,
Ireland,2022,Stephen Doheny,,,,
Ireland,2022,Harry Tector,1999-11-06,Right-handed,Right-arm off break,Irish
Ireland,2022,Lorcan Tucker,1996-09-10,Right-handed,,Irish
Ireland,2022,Paul Stirling,1990-09-03,Right-handed,Off spin,Irish
Ireland,2022,Mark Adair,1996-03-27,Right-handed,Fast seam,Irish
Ireland,2022,Curtis Campher,1999-04-20,Right-handed,Medium seam,Irish
Ireland,2022,Gareth Delany,1997-04-28,Right-handed,Leg spin,Irish
Ireland,2022,George Dockrell,1992-07-22,Right-handed,Orthodox spin,Irish
Ireland,2022,Fionn Hand,,,,
Ireland,2022,Simi Singh,1987-02-04,Right-handed,Off spin,Irish
Ireland,2022,Graham Hume,1990-11-23,Left-handed,Right-arm medium-fast,
Ireland,2022,Josh Little,1999-11-01,Right-handed,Fast seam,Irish
Ireland,2022,Barry McCarthy,1992-09-13,Right-handed,Medium seam,Irish
Ireland,2022,Conor Olphert,,,,
Ireland,2024,Ross Adair,1994-04-21,Right-handed,Slow left-arm orthodox,
Ireland,2024,Andy Balbirnie,,Right-handed,,
Ireland,2024,Neil Rock,2000-09-24,Left-handed,,
Ireland,2024,Harry Tector,1999-11-06,Right-handed,Right-arm off break,Irish
Ireland,2024,Lorcan Tucker,1996-09-10,Right-handed,,Irish
Ireland,2024,Paul Stirling,1990-09-03,Right-handed,Off spin,Irish
Ireland,2024,Mark Adair,1996-03-27,Right-handed,Fast seam,Irish
Ireland,2024,Curtis Campher,1999-04-20,Right-handed,Medium seam,Irish
Ireland,2024,Gareth Delany,1997-04-28,Right-handed,Leg spin,Irish
Ireland,2024,George Dockrell,1992-07-22,Right-handed,Orthodox spin,Irish
Ireland,2024,Graham Hume,1990-11-23,Left-handed,Right-arm medium-fast,
Ireland,2024,Josh Little,1999-11-01,Right-handed,Fast seam,Irish
Ireland,2024,Barry McCarthy,1992-09-13,Right-handed,Medium seam,Irish
Ireland,2024,Ben White,1998-08-29,Right-handed,Right-arm leg break,
Ireland,2024,Craig Young,1990-04-04,Right-handed,Fast seam,Irish
Namibia,2021,Stephan Baard,1992-04-29,Right-handed,Medium seam,Namibian
Namibia,2021,Karl Birkenstock,1996-03-27,Left-handed,Fast seam,Namibian
Namibia,2021,Michau du Preez,1996-01-03,Right-handed,,Namibian
Namibia,2021,Zane Green,1996-10-11,Left-handed,,Namibian
Namibia,2021,Craig Williams,1984-02-25,Right-handed,Medium seam,Namibian
Namibia,2021,Pikky Ya France,1990-04-23,Right-handed,Off spin,Namibian
Namibia,2021,Gerhard Erasmus,1995-04-11,Right-handed,Off spin,Namibian
Namibia,2021,JJ Smit,1995-11-10,Right-handed,Medium seam,Namibian
Namibia,2021,Jan Frylinck,1994-04-06,Left-handed,Fast seam,Namibian
Namibia,2021,Jan Nicol Loftie-Eaton,,,,
Namibia,2021,Michael van Lingen,1997-10-24,Left-handed,Medium seam,Namibian
Namibia,2021,David Wiese,1985-05-18,Right-handed,Medium seam,Namibian
Namibia,2021,Bernard Scholtz,1990-10-03,Right-handed,Orthodox spin,Namibian
Namibia,2021,Ben Shikongo,2000-05-08,Right-handed,,Namibian
Namibia,2021,Ruben Trumpelmann,1998-02-01,Right-handed,Fast seam,Namibian
Namibia,2022,Stephan Baard,1992-04-29,Right-handed,Medium seam,Namibian
Namibia,2022,Karl Birkenstock,1996-03-27,Left-handed,Fast seam,Namibian
Namibia,2022,Zane Green,1996-10-11,Left-handed,,Namibian
Namibia,2022,Divan la Cock,,,,
Namibia,2022,Lo-handre Louwrens,,,,
Namibia,2022,Pikky Ya France,1990-04-23,Right-handed,Off spin,Namibian
Namibia,2022,Gerhard Erasmus,1995-04-11,Right-handed,Off spin,Namibian
Namibia,2022,Jan Frylinck,1994-04-06,Left-handed,Fast seam,Namibian
Namibia,2022,Jan Nicol Loftie-Eaton,,,,
Namibia,2022,JJ Smit,1995-11-10,Right-handed,Medium seam,Namibian
Namibia,2022,Michael van Lingen,1997-10-24,Left-handed,Medium seam,Namibian
Namibia,2022,David Wiese,1985-05-18,Right-handed,Medium seam,Namibian
Namibia,2022,Tangeni Lungameni,1992-04-17,Left-handed,Left-arm medium,
Namibia,2022,Bernard Scholtz,1990-10-03,Right-handed,Orthodox spin,Namibian
Namibia,2022,Ben Shikongo,2000-05-08,Right-handed,,Namibian
Namibia,2022,Ruben Trumpelmann,1998-02-01,Right-handed,Fast seam,Namibian
Namibia,2024,Nikolaas Davin,,,,
Namibia,2024,Zane Green,1996-10-11,Left-handed,,Namibian
Namibia,2024,JP Kotze,1994-04-23,Left-handed,,Namibian
Namibia,2024,Malan Kruger,1995-08-12,Right-handed,,
Namibia,2024,Dylan Leicher,2004-03-03,Right-handed,Right-arm medium,
Namibia,2024,Gerhard Erasmus,1995-04-11,Right-handed,Off spin,Namibian
Namibia,2024,JJ Smit,1995-11-10,Right-handed,Medium seam,Namibian
Namibia,2024,Jan Frylinck,1994-04-06,Left-handed,Fast seam,Namibian
Namibia,2024,Michael van Lingen,1997-10-24,Left-handed,Medium seam,Namibian
Namibia,2024,David Wiese,1985-05-18,Right-handed,Medium seam,Namibian
Namibia,2024,Peter-Daniel Blignaut,2005-10-21,Right-handed,Slow left-arm orthodox,
Namibia,2024,Jack Brassell,2005-03-31,Right-handed,Right-arm medium,
Namibia,2024,Tangeni Lungameni,1992-04-17,Left-handed,Left-arm medium,
Namibia,2024,Bernard Scholtz,1990-10-03,Right-handed,Orthodox spin,Namibian
Namibia,2024,Ben Shikongo,2000-05-08,Right-handed,,Namibian
Namibia,2024,Ruben Trumpelmann,1998-02-01,Right-handed,Fast seam,Namibian
Nepal,2014,Pradeep Airee,1992-09-01,Right-handed,,Nepalese
Nepal,2014,Binod Bhandari,1990-01-25,Right-handed,,Nepalese
Nepal,2014,Naresh Budayair,,,,
Nepal,2014,Subash Khakurel,1993-04-07,Right-handed,,Nepalese
Nepal,2014,Gyanendra Malla,1990-09-16,Right-handed,,Nepalese
Nepal,2014,Anil Mandal,,,,
Nepal,2014,Sagar Pun,1993-03-01,Right-handed,,Nepalese
Nepal,2014,Sharad Vesawkar,1988-10-06,Right-handed,Off spin,Nepalese
Nepal,2014,Paras Khadka,1987-10-24,Right-handed,Medium seam,Nepalese
Nepal,2014,Sompal Kami,1996-02-02,Right-handed,Right-arm medium-fast,Nepalese
Nepal,2014,Amrit Bhattarai,,,,
Nepal,2014,Shakti Gauchan,1984-04-22,Right-handed,,Nepalese
Nepal,2014,Jitendra Mukhiya,,,,
Nepal,2014,Basant Regmi,1986-04-06,Left-handed,,Nepalese
Nepal,2014,Rahul Vishwakarma,,,,
Nepal,2024,Aasif Sheikh,2001-01-22,Right-handed,,NP
Nepal,2024,Dipendra Singh Airee,2000-01-24,Right-handed,Medium seam,Nepalese
Nepal,2024,Kushal Bhurtel,1997-01-22,Right-handed,Medium seam,NP
Nepal,2024,Sundeep Jora,2001-10-20,Right-handed,,Nepalese
Nepal,2024,Anil Sah,1998-11-17,Right-handed,Off spin,Nepalese
Nepal,2024,Rohit Paudel,2002-09-02,Right-handed,Medium seam,Nepalese
Nepal,2024,Gulsan Jha,,Left-handed,,
Nepal,2024,Karan KC,1991-10-10,Right-handed,Fast seam,Nepalese
Nepal,2024,Kushal Malla,2004-03-05,Left-handed,Orthodox spin,Nepalese
Nepal,2024,Sompal Kami,1996-02-02,Right-handed,Right-arm medium-fast,Nepalese
Nepal,2024,Kamal Airee,,,,
Nepal,2024,Abinash Bohara,1997-07-30,Right-handed,Medium seam,Nepalese
Nepal,2024,Sagar Dhakal,2001-12-14,Right-handed,,
Nepal,2024,Sandeep Lamichhane,2000-08-14,Right-handed,Leg spin,Nepalese
Nepal,2024,Lalit Rajbanshi,1999-02-27,Right-handed,Orthodox spin,Nepalese
Netherlands,2009,Jeroen Smits,1972-06-21,Right-handed,Wicket-keeper,Dutch
Netherlands,2009,Tom de Grooth,1979-05-14,Right-handed,,Dutch
Netherlands,2009,Tim Gruijters,,,,
Netherlands,2009,Alexei Kervezee,1989-09-11,Right-handed,Right-arm medium,Namibian
Netherlands,2009,Darron Reekers,1973-05-26,Right-handed,Right-arm medium,New Zealander
Netherlands,2009,Eric Szwarczynski,1983-02-13,Right-handed,Right-arm medium,Dutch
Netherlands,2009,Bas Zuiderent,1977-03-03,Right-handed,Right-arm medium,
Netherlands,2009,Peter Borren,1983-08-21,Right-handed,Right-arm medium,Dutch
Netherlands,2009,Mudassar Bukhari,1983-12-26,Right-handed,Right-arm medium-fast,Dutch
Netherlands,2009,Pieter Seelaar,1987-07-02,Right-handed,Slow left-arm orthodox,Dutch
Netherlands,2009,Ryan ten Doeschate,1980-06-30,Left-handed,Right-arm medium-fast,Dutch
Netherlands,2009,Daan van Bunge,1982-10-19,Right-handed,Right-arm leg break,Dutch
Netherlands,2009,Maurits Jonkman,,,,
Netherlands,2009,Dirk Nannes,,,,
Netherlands,2009,Edgar Schiferli,1976-05-17,Right-handed,Right-arm fast-medium,Dutch
Netherlands,2014,Wesley Barresi,1984-05-03,Right-handed,Right-arm off spin,Dutch
Netherlands,2014,Tom Cooper,1986-11-26,Right-handed,Right-arm leg break,Australian
Netherlands,2014,Ben Cooper,1992-02-10,Left-handed,,Dutch
Netherlands,2014,Tom Heggelman,,,,
Netherlands,2014,Stephan Myburgh,1984-02-28,Left-handed,,Dutch
Netherlands,2014,Michael Swart,1982-10-01,Right-handed,,Dutch
Netherlands,2014,Eric Szwarczynski,1983-02-13,Right-handed,Right-arm medium,Dutch
Netherlands,2014,Peter Borren,1983-08-21,Right-handed,Right-arm medium,Dutch
Netherlands,2014,Mudassar Bukhari,1983-12-26,Right-handed,Right-arm medium-fast,Dutch
Netherlands,2014,Michael Rippon,1991-09-14,Right-handed,,Dutch
Netherlands,2014,Pieter Seelaar,1987-07-02,Right-handed,Slow left-arm orthodox,Dutch
Netherlands,2014,Ahsan Malik,1989-08-28,Right-handed,,Dutch
Netherlands,2014,Vivian Kingma,1994-10-23,Right-handed,,Dutch
Netherlands,2014,Logan van Beek,1990-09-07,Right-handed,Right-arm medium-fast,Dutch
Netherlands,2014,Timm van der Gugten,1991-02-25,Right-handed,Right-arm medium fast,Dutch
Netherlands,2016,Wesley Barresi,1984-05-03,Right-handed,Right-arm off spin,Dutch
Netherlands,2016,Tom Cooper,1986-11-26,Right-handed,Right-arm leg break,Australian
Netherlands,2016,Ben Cooper,1992-02-10,Left-handed,,Dutch
Netherlands,2016,Stephan Myburgh,1984-02-28,Left-handed,,Dutch
Netherlands,2016,Max O'Dowd,1994-03-04,Right-handed,Off spin,Dutch
Netherlands,2016,Peter Borren,1983-08-21,Right-handed,Right-arm medium,Dutch
Netherlands,2016,Mudassar Bukhari,1983-12-26,Right-handed,Right-arm medium-fast,Dutch
Netherlands,2016,Michael Rippon,1991-09-14,Right-handed,,Dutch
Netherlands,2016,Pieter Seelaar,1987-07-02,Right-handed,Slow left-arm orthodox,Dutch
Netherlands,2016,Roelof van der Merwe,1984-12-31,Right-handed,Slow left-arm orthodox,Dutch
Netherlands,2016,Ahsan Malik,1989-08-28,Right-handed,,Dutch
Netherlands,2016,Vivian Kingma,1994-10-23,Right-handed,,Dutch
Netherlands,2016,Logan van Beek,1990-09-07,Right-handed,Right-arm medium-fast,Dutch
Netherlands,2016,Timm van der Gugten,1991-02-25,Right-handed,Right-arm medium fast,Dutch
Netherlands,2016,Paul van Meekeren,1989-08-29,Right-handed,Right-arm fast-medium,Dutch
Netherlands,2021,Ben Cooper,1992-02-10,Left-handed,,Dutch
Netherlands,2021,Scott Edwards,1996-08-23,Right-handed,Wicket-keeper,Dutch
Netherlands,2021,Stephan Myburgh,1984-02-28,Left-handed,,Dutch
Netherlands,2021,Max O'Dowd,1994-03-04,Right-handed,Off spin,Dutch
Netherlands,2021,Pieter Seelaar,1987-07-02,Right-handed,Slow left-arm orthodox,Dutch
Netherlands,2021,Colin Ackermann,1991-04-04,Right-handed,Right-arm off spin,Dutch
Netherlands,2021,Bas de Leede,1999-11-15,Right-handed,Medium seam,Dutch
Netherlands,2021,Ryan ten Doeschate,1980-06-30,Left-handed,Right-arm medium-fast,Dutch
Netherlands,2021,Roelof van der Merwe,1984-12-31,Right-handed,Slow left-arm orthodox,Dutch
Netherlands,2021,Philippe Boissevain,2000-10-18,Right-handed,Leg spin,Dutch
Netherlands,2021,Brandon Glover,1997-04-03,Right-handed,Fast seam,Dutch
Netherlands,2021,Fred Klaassen,1992-11-13,Right-handed,Medium seam,Dutch
Netherlands,2021,Logan van Beek,1990-09-07,Right-handed,Right-arm medium-fast,Dutch
Netherlands,2021,Timm van der Gugten,1991-02-25,Right-handed,Right-arm medium fast,Dutch
Netherlands,2021,Paul van Meekeren,1989-08-29,Right-handed,Right-arm fast-medium,Dutch
Netherlands,2022,Scott Edwards,1996-08-23,Right-handed,Wicket-keeper,Dutch
Netherlands,2022,Tom Cooper,1986-11-26,Right-handed,Right-arm leg break,Australian
Netherlands,2022,Stephan Myburgh,1984-02-28,Left-handed,,Dutch
Netherlands,2022,Max O'Dowd,1994-03-04,Right-handed,Off spin,Dutch
Netherlands,2022,Vikramjit Singh,2003-01-09,Left-handed,Right-arm medium,
Netherlands,2022,Colin Ackermann,1991-04-04,Right-handed,Right-arm off spin,Dutch
Netherlands,2022,Bas de Leede,1999-11-15,Right-handed,Medium seam,Dutch
Netherlands,2022,Teja Nidamanuru,1994-08-22,Right-handed,Right-arm off break,
Netherlands,2022,Tim Pringle,2002-08-29,Right-handed,Slow left-arm orthodox,
Netherlands,2022,Roelof van der Merwe,1984-12-31,Right-handed,Slow left-arm orthodox,Dutch
Netherlands,2022,Brandon Glover,1997-04-03,Right-handed,Fast seam,Dutch
Netherlands,2022,Fred Klaassen,1992-11-13,Right-handed,Medium seam,Dutch
Netherlands,2022,Shariz Ahmad,2003-04-21,Left-handed,Right-arm leg spin,
Netherlands,2022,Logan van Beek,1990-09-07,Right-handed,Right-arm medium-fast,Dutch
Netherlands,2022,Timm van der Gugten,1991-02-25,Right-handed,Right-arm medium fast,Dutch
Netherlands,2022,Paul van Meekeren,1989-08-29,Right-handed,Right-arm fast-medium,Dutch
Netherlands,2024,Scott Edwards,1996-08-23,Right-handed,Wicket-keeper,Dutch
Netherlands,2024,Wesley Barresi,1984-05-03,Right-handed,Right-arm off spin,Dutch
Netherlands,2024,Michael Levitt,2003-06-19,Right-handed,Right-arm medium,
Netherlands,2024,Max O'Dowd,1994-03-04,Right-handed,Off spin,Dutch
Netherlands,2024,Vikramjit Singh,2003-01-09,Left-handed,Right-arm medium,
Netherlands,2024,Bas de Leede,1999-11-15,Right-handed,Medium seam,Dutch
Netherlands,2024,Sybrand Engelbrecht,1988-09-15,Right-handed,Right-arm off break,
Netherlands,2024,Teja Nidamanuru,1994-08-22,Right-handed,Right-arm off break,
Netherlands,2024,Tim Pringle,2002-08-29,Right-handed,Slow left-arm orthodox,
Netherlands,2024,Saqib Zulfiqar,1997-03-28,Right-handed,Orthodox spin,Dutch
Netherlands,2024,Aryan Dutt,2003-05-12,Right-handed,Off spin,Dutch
Netherlands,2024,Vivian Kingma,1994-10-23,Right-handed,,Dutch
Netherlands,2024,Kyle Klein,2001-07-03,Right-handed,Right-arm medium-fast,
Netherlands,2024,Logan van Beek,1990-09-07,Right-handed,Right-arm medium-fast,Dutch
Netherlands,2024,Paul van Meekeren,1989-08-29,Right-handed,Right-arm fast-medium,Dutch
New Zealand,2007,Peter Fulton,1979-02-01,Right-handed,Right-arm medium,New Zealander
New Zealand,2007,Gareth Hopkins,,,,
New Zealand,2007,Brendon McCullum,1981-09-27,Right-handed,Medium seam,New Zealander
New Zealand,2007,Craig McMillan,1976-09-13,Right-handed,Medium seam,New Zealander
New Zealand,2007,Ross Taylor,1984-03-08,Right-handed,Off spin,New Zealander
New Zealand,2007,Lou Vincent,1978-11-11,Right-handed,Right-arm medium,New Zealander
New Zealand,2007,Daniel Vettori,1979-01-27,Left-handed,Orthodox spin,New Zealander
New Zealand,2007,Jacob Oram,1978-07-28,Left-handed,Fast seam,New Zealander
New Zealand,2007,Scott Styris,1975-07-10,Right-handed,Medium seam,New Zealander
New Zealand,2007,Shane Bond,1975-06-07,Right-handed,Fast seam,New Zealander
New Zealand,2007,Mark Gillespie,1979-10-17,Right-handed,Right-arm fast-medium,New Zealander
New Zealand,2007,Chris Martin,1979-12-10,Right-handed,Right-arm fast-medium,
New Zealand,2007,Nathan McCullum,1980-09-01,Right-handed,Right-arm off break,New Zealander
New Zealand,2007,Jeetan Patel,1980-05-07,Right-handed,Right-arm off break,New Zealander
New Zealand,2007,Bradley Scott,,,,
New Zealand,2009,Neil Broom,1983-11-20,Right-handed,,New Zealander
New Zealand,2009,Brendon Diamanti,,,,
New Zealand,2009,Martin Guptill,1986-09-30,Right-handed,Off spin,New Zealander
New Zealand,2009,Brendon McCullum,1981-09-27,Right-handed,Medium seam,New Zealander
New Zealand,2009,Peter McGlashan,,,,
New Zealand,2009,Aaron Redmond,,,,
New Zealand,2009,Ross Taylor,1984-03-08,Right-handed,Off spin,New Zealander
New Zealand,2009,Daniel Vettori,1979-01-27,Left-handed,Orthodox spin,New Zealander
New Zealand,2009,James Franklin,1980-11-07,Right-handed,Left-arm fast-medium,New Zealander
New Zealand,2009,Jacob Oram,1978-07-28,Left-handed,Fast seam,New Zealander
New Zealand,2009,Scott Styris,1975-07-10,Right-handed,Medium seam,New Zealander
New Zealand,2009,Ian Butler,,,,
New Zealand,2009,Nathan McCullum,1980-09-01,Right-handed,Right-arm off break,New Zealander
New Zealand,2009,Kyle Mills,1979-03-15,Right-handed,Fast seam,New Zealander
New Zealand,2009,Iain O'Brien,,,,
New Zealand,2010,Martin Guptill,1986-09-30,Right-handed,Off spin,New Zealander
New Zealand,2010,Gareth Hopkins,,,,
New Zealand,2010,Brendon McCullum,1981-09-27,Right-handed,Medium seam,New Zealander
New Zealand,2010,Rob Nicol,1983-05-28,Right-handed,,New Zealander
New Zealand,2010,Aaron Redmond,,,,
New Zealand,2010,Ross Taylor,1984-03-08,Right-handed,Off spin,New Zealander
New Zealand,2010,Daniel Vettori,1979-01-27,Left-handed,Orthodox spin,New Zealander
New Zealand,2010,Jacob Oram,1978-07-28,Left-handed,Fast seam,New Zealander
New Zealand,2010,Jesse Ryder,1984-08-06,Left-handed,Right-arm medium,New Zealander
New Zealand,2010,Scott Styris,1975-07-10,Right-handed,Medium seam,New Zealander
New Zealand,2010,Shane Bond,1975-06-07,Right-handed,Fast seam,New Zealander
New Zealand,2010,Ian Butler,,,,
New Zealand,2010,Nathan McCullum,1980-09-01,Right-handed,Right-arm off break,New Zealander
New Zealand,2010,Kyle Mills,1979-03-15,Right-handed,Fast seam,New Zealander
New Zealand,2010,Tim Southee,1988-12-11,Right-handed,Medium seam,New Zealander
New Zealand,2012,Ross Taylor,1984-03-08,Right-handed,Off spin,New Zealander
New Zealand,2012,Martin Guptill,1986-09-30,Right-handed,Off spin,New Zealander
New Zealand,2012,Brendon McCullum,1981-09-27,Right-handed,Medium seam,New Zealander
New Zealand,2012,Rob Nicol,1983-05-28,Right-handed,,New Zealander
New Zealand,2012,BJ Watling,1985-07-09,Right-handed,,New Zealander
New Zealand,2012,Kane Williamson,1990-08-08,Right-handed,Off spin,New Zealander
New Zealand,2012,James Franklin,1980-11-07,Right-handed,Left-arm fast-medium,New Zealander
New Zealand,2012,Jacob Oram,1978-07-28,Left-handed,Fast seam,New Zealander
New Zealand,2012,Daniel Vettori,1979-01-27,Left-handed,Orthodox spin,New Zealander
New Zealand,2012,Doug Bracewell,1990-09-28,Left-handed,,New Zealander
New Zealand,2012,Ronnie Hira,,,,
New Zealand,2012,Nathan McCullum,1980-09-01,Right-handed,Right-arm off break,New Zealander
New Zealand,2012,Kyle Mills,1979-03-15,Right-handed,Fast seam,New Zealander
New Zealand,2012,Adam Milne,1992-04-13,Right-handed,Fast seam,New Zealander
New Zealand,2012,Tim Southee,1988-12-11,Right-handed,Medium seam,New Zealander
New Zealand,2014,Brendon McCullum,1981-09-27,Right-handed,Medium seam,New Zealander
New Zealand,2014,Anton Devcich,1985-09-26,Left-handed,,New Zealander
New Zealand,2014,Martin Guptill,1986-09-30,Right-handed,Off spin,New Zealander
New Zealand,2014,Colin Munro,1987-03-11,Left-handed,Medium seam,New Zealander
New Zealand,2014,Luke Ronchi,1981-04-23,Right-handed,Wicket-keeper,New Zealander
New Zealand,2014,Ross Taylor,1984-03-08,Right-handed,Off spin,New Zealander
New Zealand,2014,Kane Williamson,1990-08-08,Right-handed,Off spin,New Zealander
New Zealand,2014,Corey Anderson,1990-12-13,Left-handed,Left-arm medium,New Zealander
New Zealand,2014,James Neesham,1990-09-17,Left-handed,Right-arm medium-fast,
New Zealand,2014,Trent Boult,1989-07-22,Right-handed,Fast seam,New Zealander
New Zealand,2014,Ronnie Hira,,,,
New Zealand,2014,Mitchell McClenaghan,1986-06-11,Left-handed,Left-arm fast-medium,New Zealander
New Zealand,2014,Nathan McCullum,1980-09-01,Right-handed,Right-arm off break,New Zealander
New Zealand,2014,Kyle Mills,1979-03-15,Right-handed,Fast seam,New Zealander
New Zealand,2014,Tim Southee,1988-12-11,Right-handed,Medium seam,New Zealander
New Zealand,2016,Kane Williamson,1990-08-08,Right-handed,Off spin,New Zealander
New Zealand,2016,Martin Guptill,1986-09-30,Right-handed,Off spin,New Zealander
New Zealand,2016,Colin Munro,1987-03-11,Left-handed,Medium seam,New Zealander
New Zealand,2016,Henry Nicholls,1991-11-15,Left-handed,Off spin,New Zealander
New Zealand,2016,Luke Ronchi,1981-04-23,Right-handed,Wicket-keeper,New Zealander
New Zealand,2016,Ross Taylor,1984-03-08,Right-handed,Off spin,New Zealander
New Zealand,2016,Corey Anderson,1990-12-13,Left-handed,Left-arm medium,New Zealander
New Zealand,2016,Grant Elliott,1979-03-21,Right-handed,Right-arm medium,New Zealander
New Zealand,2016,Mitchell Santner,1992-02-05,Left-handed,Orthodox spin,New Zealander
New Zealand,2016,Trent Boult,1989-07-22,Right-handed,Fast seam,New Zealander
New Zealand,2016,Mitchell McClenaghan,1986-06-11,Left-handed,Left-arm fast-medium,New Zealander
New Zealand,2016,Nathan McCullum,1980-09-01,Right-handed,Right-arm off break,New Zealander
New Zealand,2016,Adam Milne,1992-04-13,Right-handed,Fast seam,New Zealander
New Zealand,2016,Ish Sodhi,1992-10-31,Right-handed,Leg spin,New Zealander
New Zealand,2016,Tim Southee,1988-12-11,Right-handed,Medium seam,New Zealander
New Zealand,2021,Kane Williamson,1990-08-08,Right-handed,Off spin,New Zealander
New Zealand,2021,Devon Conway,1991-07-08,Left-handed,Medium seam,New Zealander
New Zealand,2021,Martin Guptill,1986-09-30,Right-handed,Off spin,New Zealander
New Zealand,2021,Tim Seifert,1994-12-14,Right-handed,,New Zealander
New Zealand,2021,Mark Chapman,1994-06-27,Left-handed,Slow left-arm orthodox,
New Zealand,2021,Daryl Mitchell,1983-11-25,Right-handed,Medium seam,English
New Zealand,2021,James Neesham,1990-09-17,Left-handed,Right-arm medium-fast,
New Zealand,2021,Glenn Phillips,1996-12-06,Right-handed,Right-arm off spin,
New Zealand,2021,Mitchell Santner,1992-02-05,Left-handed,Orthodox spin,New Zealander
New Zealand,2021,Todd Astle,1986-09-24,Right-handed,Leg spin,New Zealander
New Zealand,2021,Trent Boult,1989-07-22,Right-handed,Fast seam,New Zealander
New Zealand,2021,Kyle Jamieson,1994-12-30,Right-handed,Medium seam,New Zealander
New Zealand,2021,Adam Milne,1992-04-13,Right-handed,Fast seam,New Zealander
New Zealand,2021,Ish Sodhi,1992-10-31,Right-handed,Leg spin,New Zealander
New Zealand,2021,Tim Southee,1988-12-11,Right-handed,Medium seam,New Zealander
New Zealand,2022,Kane Williamson,1990-08-08,Right-handed,Off spin,New Zealander
New Zealand,2022,Finn Allen,1999-04-22,Right-handed,Right-arm off spin,
New Zealand,2022,Devon Conway,1991-07-08,Left-handed,Medium seam,New Zealander
New Zealand,2022,Martin Guptill,1986-09-30,Right-handed,Off spin,New Zealander
New Zealand,2022,Michael Bracewell,1991-02-14,Left-handed,Right-arm off spin,
New Zealand,2022,Mark Chapman,1994-06-27,Left-handed,Slow left-arm orthodox,
New Zealand,2022,Daryl Mitchell,1983-11-25,Right-handed,Medium seam,English
New Zealand,2022,James Neesham,1990-09-17,Left-handed,Right-arm medium-fast,
New Zealand,2022,Glenn Phillips,1996-12-06,Right-handed,Right-arm off spin,
New Zealand,2022,Mitchell Santner,1992-02-05,Left-handed,Orthodox spin,New Zealander
New Zealand,2022,Trent Boult,1989-07-22,Right-handed,Fast seam,New Zealander
New Zealand,2022,Lockie Ferguson,1991-06-13,Right-handed,Fast seam,New Zealander
New Zealand,2022,Adam Milne,1992-04-13,Right-handed,Fast seam,New Zealander
New Zealand,2022,Ish Sodhi,1992-10-31,Right-handed,Leg spin,New Zealander
New Zealand,2022,Tim Southee,1988-12-11,Right-handed,Medium seam,New Zealander
New Zealand,2024,Kane Williamson,1990-08-08,Right-handed,Off spin,New Zealander
New Zealand,2024,Finn Allen,1999-04-22,Right-handed,Right-arm off spin,
New Zealand,2024,Devon Conway,1991-07-08,Left-handed,Medium seam,New Zealander
New Zealand,2024,Michael Bracewell,1991-02-14,Left-handed,Right-arm off spin,
New Zealand,2024,Mark Chapman,1994-06-27,Left-handed,Slow left-arm orthodox,
New Zealand,2024,Daryl Mitchell,1983-11-25,Right-handed,Medium seam,English
New Zealand,2024,James Neesham,1990-09-17,Left-handed,Right-arm medium-fast,
New Zealand,2024,Glenn Phillips,1996-12-06,Right-handed,Right-arm off spin,
New Zealand,2024,Rachin Ravindra,1999-11-18,Left-handed,Slow left-arm orthodox,
New Zealand,2024,Mitchell Santner,1992-02-05,Left-handed,Orthodox spin,New Zealander
New Zealand,2024,Trent Boult,1989-07-22,Right-handed,Fast seam,New Zealander
New Zealand,2024,Lockie Ferguson,1991-06-13,Right-handed,Fast seam,New Zealander
New Zealand,2024,Matt Henry,1991-12-14,Right-handed,Fast seam,New Zealander
New Zealand,2024,Ish Sodhi,1992-10-31,Right-handed,Leg spin,New Zealander
New Zealand,2024,Tim Southee,1988-12-11,Right-handed,Medium seam,New Zealander
Oman,2016,Sultan Ahmed,1977-06-18,Right-handed,,Omani
Oman,2016,Aamir Kaleem,1981-11-20,Left-handed,Orthodox spin,Omani
Oman,2016,Amir Ali,,,,
Oman,2016,Jatinder Singh,1989-03-05,Right-handed,Off spin,Omani
Oman,2016,Khawar Ali,1985-12-20,Right-handed,Leg spin,Omani
Oman,2016,Mehran Khan,1987-04-13,Right-handed,Right-arm medium-fast,
Oman,2016,Vaibhav Wategaonkar,,,,
Oman,2016,Zeeshan Maqsood,1987-10-24,Left-handed,Orthodox spin,Omani
Oman,2016,Zeeshan Siddiqui,,,,
Oman,2016,Ajay Lalcheta,1983-10-22,Left-handed,Orthodox spin,Omani
Oman,2016,Munis Ansari,,,,
Oman,2016,Bilal Khan,1987-04-10,Right-handed,,Pakistani
Oman,2016,Rajeshkumar Ranpura,,,,
Oman,2016,Sufyan Mehmood,1991-10-21,Left-handed,Right-arm medium,
Oman,2016,Adnan Ilyas,,,,
Oman,2021,Zeeshan Maqsood,1987-10-24,Left-handed,Orthodox spin,Omani
Oman,2021,Aqib Ilyas,1992-09-05,Right-handed,Off spin,Omani
Oman,2021,Jatinder Singh,1989-03-05,Right-handed,Off spin,Omani
Oman,2021,Khawar Ali,1985-12-20,Right-handed,Leg spin,Omani
Oman,2021,Naseem Khushi,1982-08-11,Right-handed,,Omani
Oman,2021,Kashyap Prajapati,1995-10-11,Right-handed,,
Oman,2021,Suraj Kumar,1988-11-29,Right-handed,,Omani
Oman,2021,Ayaan Khan,,Left-handed,,
Oman,2021,Mohammad Nadeem,1982-09-04,Right-handed,Medium seam,Omani
Oman,2021,Sandeep Goud,1991-11-08,Right-handed,Medium seam,Omani
Oman,2021,Bilal Khan,1987-04-10,Right-handed,,Pakistani
Oman,2021,Nestor Dhamba,,,,
Oman,2021,Fayyaz Butt,1993-08-17,Right-handed,Medium seam,Omani
Oman,2021,Kaleemullah,1990-12-24,Right-handed,Medium seam,Omani
Oman,2021,Sufyan Mehmood,1991-10-21,Left-handed,Right-arm medium,
Oman,2024,Aqib Ilyas,1992-09-05,Right-handed,Off spin,Omani
Oman,2024,Pratik Athavale,1997-04-20,Right-handed,Right-arm off break,
Oman,2024,Khalid Kail,1996-10-13,Right-handed,,
Oman,2024,Mehran Khan,1987-04-13,Right-handed,Right-arm medium-fast,
Oman,2024,Naseem Khushi,1982-08-11,Right-handed,,Omani
Oman,2024,Kashyap Prajapati,1995-10-11,Right-handed,,
Oman,2024,Shoaib Khan,,Right-handed,,
Oman,2024,Zeeshan Maqsood,1987-10-24,Left-handed,Orthodox spin,Omani
Oman,2024,Ayaan Khan,,Left-handed,,
Oman,2024,Mohammad Nadeem,1982-09-04,Right-handed,Medium seam,Omani
Oman,2024,Bilal Khan,1987-04-10,Right-handed,,Pakistani
Oman,2024,Fayyaz Butt,1993-08-17,Right-handed,Medium seam,Omani
Oman,2024,Kaleemullah,1990-12-24,Right-handed,Medium seam,Omani
Oman,2024,Rafiullah,1996-08-16,Right-handed,Right-arm medium,
Oman,2024,Shakeel Ahmed,1988-02-04,Left-handed,Slow left-arm orthodox,
Pakistan,2007,Fawad Alam,1985-10-08,Left-handed,,Pakistani
Pakistan,2007,Imran Nazir,1981-12-16,Right-handed,Right-arm leg break,Pakistani
Pakistan,2007,Kamran Akmal,1982-01-13,Right-handed,Wicket-keeper,Pakistani
Pakistan,2007,Misbah-ul-Haq,1974-05-28,Right-handed,Leg spin,Pakistani
Pakistan,2007,Salman Butt,,,,
Pakistan,2007,Younis Khan,1977-11-29,Right-handed,Medium seam,Pakistani
Pakistan,2007,Shoaib Malik,1982-02-01,Right-handed,Off spin,Pakistani
Pakistan,2007,Mohammad Hafeez,1980-10-17,Right-handed,Off spin,Pakistani
Pakistan,2007,Shahid Afridi,1980-03-01,Right-handed,Leg spin,Pakistani
Pakistan,2007,Yasir Arafat,1982-03-12,Right-handed,Right-arm medium,
Pakistan,2007,Abdur Rehman,1980-03-01,Left-handed,Slow left-arm orthodox,Pakistani
Pakistan,2007,Iftikhar Anjum,1980-12-01,Right-handed,Right-arm medium,
Pakistan,2007,Mohammad Asif,2012-04-30,Right-handed,,
Pakistan,2007,Sohail Tanvir,1984-12-12,Right-handed,,Pakistani
Pakistan,2007,Umar Gul,1984-04-14,Right-handed,Fast seam,Pakistani
Pakistan,2009,Younis Khan,1977-11-29,Right-handed,Medium seam,Pakistani
Pakistan,2009,Ahmed Shehzad,1991-11-23,Right-handed,Right-arm off break,Pakistani
Pakistan,2009,Fawad Alam,1985-10-08,Left-handed,,Pakistani
Pakistan,2009,Kamran Akmal,1982-01-13,Right-handed,Wicket-keeper,Pakistani
Pakistan,2009,Misbah-ul-Haq,1974-05-28,Right-handed,Leg spin,Pakistani
Pakistan,2009,Salman Butt,,,,
Pakistan,2009,Shahzaib Hasan,,,,
Pakistan,2009,Abdul Razzaq,1979-12-02,Right-handed,Fast seam,Pakistani
Pakistan,2009,Shahid Afridi,1980-03-01,Right-handed,Leg spin,Pakistani
Pakistan,2009,Shoaib Malik,1982-02-01,Right-handed,Off spin,Pakistani
Pakistan,2009,Iftikhar Anjum,1980-12-01,Right-handed,Right-arm medium,
Pakistan,2009,Mohammad Amir,1992-04-13,Left-handed,Fast seam,Pakistani
Pakistan,2009,Saeed Ajmal,1977-10-14,Right-handed,Off spin,Pakistani
Pakistan,2009,Sohail Tanvir,1984-12-12,Right-handed,,Pakistani
Pakistan,2009,Umar Gul,1984-04-14,Right-handed,Fast seam,Pakistani
Pakistan,2010,Fawad Alam,1985-10-08,Left-handed,,Pakistani
Pakistan,2010,Hammad Azam,1991-03-16,Right-handed,,Pakistani
Pakistan,2010,Kamran Akmal,1982-01-13,Right-handed,Wicket-keeper,Pakistani
Pakistan,2010,Khalid Latif,,,,
Pakistan,2010,Misbah-ul-Haq,1974-05-28,Right-handed,Leg spin,Pakistani
Pakistan,2010,Salman Butt,,,,
Pakistan,2010,Umar Akmal,1990-05-26,Right-handed,Off spin,Pakistani
Pakistan,2010,Shahid Afridi,1980-03-01,Right-handed,Leg spin,Pakistani
Pakistan,2010,Abdul Razzaq,1979-12-02,Right-handed,Fast seam,Pakistani
Pakistan,2010,Mohammad Hafeez,1980-10-17,Right-handed,Off spin,Pakistani
Pakistan,2010,Abdur Rehman,1980-03-01,Left-handed,Slow left-arm orthodox,Pakistani
Pakistan,2010,Mohammad Amir,1992-04-13,Left-handed,Fast seam,Pakistani
Pakistan,2010,Mohammad Asif,2012-04-30,Right-handed,,
Pakistan,2010,Mohammad Sami,1981-02-24,Right-handed,Right-arm fast,Pakistani
Pakistan,2010,Saeed Ajmal,1977-10-14,Right-handed,Off spin,Pakistani
Pakistan,2012,Asad Shafiq,1986-01-28,Right-handed,Off spin,Pakistani
Pakistan,2012,Imran Nazir,1981-12-16,Right-handed,Right-arm leg break,Pakistani
Pakistan,2012,Kamran Akmal,1982-01-13,Right-handed,Wicket-keeper,Pakistani
Pakistan,2012,Nasir Jamshed,1989-12-06,Left-handed,,Pakistani
Pakistan,2012,Umar Akmal,1990-05-26,Right-handed,Off spin,Pakistani
Pakistan,2012,Mohammad Hafeez,1980-10-17,Right-handed,Off spin,Pakistani
Pakistan,2012,Abdul Razzaq,1979-12-02,Right-handed,Fast seam,Pakistani
Pakistan,2012,Shahid Afridi,1980-03-01,Right-handed,Leg spin,Pakistani
Pakistan,2012,Shoaib Malik,1982-02-01,Right-handed,Off spin,Pakistani
Pakistan,2012,Yasir Arafat,1982-03-12,Right-handed,Right-arm medium,
Pakistan,2012,Mohammad Sami,1981-02-24,Right-handed,Right-arm fast,Pakistani
Pakistan,2012,Raza Hasan,1974-12-19,Right-handed,,Pakistani
Pakistan,2012,Saeed Ajmal,1977-10-14,Right-handed,Off spin,Pakistani
Pakistan,2012,Sohail Tanvir,1984-12-12,Right-handed,,Pakistani
Pakistan,2012,Umar Gul,1984-04-14,Right-handed,Fast seam,Pakistani
Pakistan,2014,Ahmed Shehzad,1991-11-23,Right-handed,Right-arm off break,Pakistani
Pakistan,2014,Kamran Akmal,1982-01-13,Right-handed,Wicket-keeper,Pakistani
Pakistan,2014,Sharjeel Khan,1989-08-14,Left-handed,,Pakistani
Pakistan,2014,Sohaib Maqsood,1987-04-15,Right-handed,Right-arm off break,Pakistani
Pakistan,2014,Umar Akmal,1990-05-26,Right-handed,Off spin,Pakistani
Pakistan,2014,Mohammad Hafeez,1980-10-17,Right-handed,Off spin,Pakistani
Pakistan,2014,Shahid Afridi,1980-03-01,Right-handed,Leg spin,Pakistani
Pakistan,2014,Shoaib Malik,1982-02-01,Right-handed,Off spin,Pakistani
Pakistan,2014,Bilawal Bhatti,1991-09-17,Right-handed,,Pakistani
Pakistan,2014,Junaid Khan,1989-12-24,Right-handed,Fast seam,Pakistani
Pakistan,2014,Mohammad Talha,1988-10-15,Right-handed,,Pakistani
Pakistan,2014,Saeed Ajmal,1977-10-14,Right-handed,Off spin,Pakistani
Pakistan,2014,Sohail Tanvir,1984-12-12,Right-handed,,Pakistani
Pakistan,2014,Umar Gul,1984-04-14,Right-handed,Fast seam,Pakistani
Pakistan,2014,Zulfiqar Babar,1978-12-10,Right-handed,,Pakistani
Pakistan,2016,Ahmed Shehzad,1991-11-23,Right-handed,Right-arm off break,Pakistani
Pakistan,2016,Khalid Latif,,,,
Pakistan,2016,Sarfaraz Ahmed,1987-05-22,Right-handed,Off spin,Pakistani
Pakistan,2016,Sharjeel Khan,1989-08-14,Left-handed,,Pakistani
Pakistan,2016,Umar Akmal,1990-05-26,Right-handed,Off spin,Pakistani
Pakistan,2016,Shahid Afridi,1980-03-01,Right-handed,Leg spin,Pakistani
Pakistan,2016,Imad Wasim,1988-12-18,Left-handed,Orthodox spin,Pakistani
Pakistan,2016,Mohammad Hafeez,1980-10-17,Right-handed,Off spin,Pakistani
Pakistan,2016,Mohammad Nawaz,1994-03-21,Left-handed,Orthodox spin,Pakistani
Pakistan,2016,Shoaib Malik,1982-02-01,Right-handed,Off spin,Pakistani
Pakistan,2016,Anwar Ali,1987-11-25,Right-handed,,Pakistani
Pakistan,2016,Mohammad Amir,1992-04-13,Left-handed,Fast seam,Pakistani
Pakistan,2016,Mohammad Irfan,1982-06-06,Right-handed,Left-arm fast-medium,Pakistani
Pakistan,2016,Mohammad Sami,1981-02-24,Right-handed,Right-arm fast,Pakistani
Pakistan,2016,Wahab Riaz,1985-06-28,Right-handed,Fast seam,Pakistani
Pakistan,2021,Babar Azam,1994-10-15,Right-handed,Off spin,Pakistani
Pakistan,2021,Asif Ali,1991-10-01,Right-handed,Medium seam,Pakistani
Pakistan,2021,Fakhar Zaman,1990-04-10,Left-handed,Orthodox spin,Pakistani
Pakistan,2021,Haider Ali,2000-10-02,Right-handed,Medium seam,Pakistani
Pakistan,2021,Mohammad Rizwan,1992-06-01,Right-handed,Right-arm medium,Pakistani
Pakistan,2021,Sarfaraz Ahmed,1987-05-22,Right-handed,Off spin,Pakistani
Pakistan,2021,Shadab Khan,1998-10-04,Right-handed,Leg spin,Pakistani
Pakistan,2021,Imad Wasim,1988-12-18,Left-handed,Orthodox spin,Pakistani
Pakistan,2021,Mohammad Hafeez,1980-10-17,Right-handed,Off spin,Pakistani
Pakistan,2021,Mohammad Nawaz,1994-03-21,Left-handed,Orthodox spin,Pakistani
Pakistan,2021,Mohammad Wasim,2001-08-25,Right-handed,Medium seam,PK
Pakistan,2021,Shoaib Malik,1982-02-01,Right-handed,Off spin,Pakistani
Pakistan,2021,Haris Rauf,1993-11-07,Right-handed,Fast seam,Pakistani
Pakistan,2021,Hasan Ali,1994-07-02,Right-handed,Medium seam,Pakistani
Pakistan,2021,Shaheen Shah Afridi,,,,
Pakistan,2022,Babar Azam,1994-10-15,Right-handed,Off spin,Pakistani
Pakistan,2022,Asif Ali,1991-10-01,Right-handed,Medium seam,Pakistani
Pakistan,2022,Haider Ali,2000-10-02,Right-handed,Medium seam,Pakistani
Pakistan,2022,Iftikhar Ahmed,1990-09-03,Right-handed,Off spin,Pakistani
Pakistan,2022,Khushdil Shah,1995-02-07,Left-handed,,Pakistani
Pakistan,2022,Mohammad Haris,,,,
Pakistan,2022,Mohammad Rizwan,1992-06-01,Right-handed,Right-arm medium,Pakistani
Pakistan,2022,Shan Masood,1989-10-14,Left-handed,Medium seam,Pakistani
Pakistan,2022,Mohammad Nawaz,1994-03-21,Left-handed,Orthodox spin,Pakistani
Pakistan,2022,Mohammad Wasim,2001-08-25,Right-handed,Medium seam,PK
Pakistan,2022,Shadab Khan,1998-10-04,Right-handed,Leg spin,Pakistani
Pakistan,2022,Haris Rauf,1993-11-07,Right-handed,Fast seam,Pakistani
Pakistan,2022,Mohammad Hasnain,2000-04-05,Right-handed,Fast seam,Pakistani
Pakistan,2022,Naseem Shah,2003-02-15,Right-handed,Right-arm fast,
Pakistan,2022,Shaheen Shah Afridi,,,,
Pakistan,2024,Babar Azam,1994-10-15,Right-handed,Off spin,Pakistani
Pakistan,2024,Azam Khan,1998-08-10,Right-handed,,
Pakistan,2024,Fakhar Zaman,1990-04-10,Left-handed,Orthodox spin,Pakistani
Pakistan,2024,Iftikhar Ahmed,1990-09-03,Right-handed,Off spin,Pakistani
Pakistan,2024,Mohammad Rizwan,1992-06-01,Right-handed,Right-arm medium,Pakistani
Pakistan,2024,Saim Ayub,2002-05-24,Left-handed,Right-arm off break,
Pakistan,2024,Usman Khan,1995-05-10,Right-handed,Right-arm off break,
Pakistan,2024,Imad Wasim,1988-12-18,Left-handed,Orthodox spin,Pakistani
Pakistan,2024,Shadab Khan,1998-10-04,Right-handed,Leg spin,Pakistani
Pakistan,2024,Abbas Afridi,2001-05-04,Right-handed,Right-arm medium-fast,
Pakistan,2024,Abrar Ahmed,1998-09-11,Right-handed,Right-arm leg break,
Pakistan,2024,Haris Rauf,1993-11-07,Right-handed,Fast seam,Pakistani
Pakistan,2024,Mohammad Amir,1992-04-13,Left-handed,Fast seam,Pakistani
Pakistan,2024,Naseem Shah,2003-02-15,Right-handed,Right-arm fast,
Pakistan,2024,Shaheen Shah Afridi,,,,
Papua New Guinea,2021,Assad Vala,1987-08-05,Left-handed,Off spin,Papuan
Papua New Guinea,2021,Simon Atai,1999-09-19,Left-handed,,PG
Papua New Guinea,2021,Sese Bau,1992-06-23,Left-handed,Medium seam,Papuan
Papua New Guinea,2021,Kiplin Doriga,1995-10-18,Right-handed,,Papuan
Papua New Guinea,2021,Hiri Hiri,1995-05-01,Right-handed,,PG
Papua New Guinea,2021,Lega Siaka,1992-12-21,Right-handed,Fast seam,Papuan
Papua New Guinea,2021,Tony Ura,1989-10-15,Right-handed,,Papuan
Papua New Guinea,2021,Charles Amini,1992-04-14,Left-handed,Leg spin,Papuan
Papua New Guinea,2021,Jason Kila,1990-01-15,Left-handed,Orthodox spin,Papuan
Papua New Guinea,2021,Gaudi Toka,1994-06-17,Left-handed,Medium seam,Papuan
Papua New Guinea,2021,Kabua Morea,1993-09-30,Right-handed,Medium seam,PG
Papua New Guinea,2021,Nosaina Pokana,1996-04-12,Right-handed,Fast seam,Papuan
Papua New Guinea,2021,Damien Ravu,1994-05-03,Right-handed,Medium seam,Papuan
Papua New Guinea,2021,Chad Soper,1991-11-19,Right-handed,Medium seam,Papuan
Papua New Guinea,2021,Norman Vanua,1993-12-02,Right-handed,Medium seam,Papuan
Papua New Guinea,2024,Assad Vala,1987-08-05,Left-handed,Off spin,Papuan
Papua New Guinea,2024,Sese Bau,1992-06-23,Left-handed,Medium seam,Papuan
Papua New Guinea,2024,Kiplin Doriga,1995-10-18,Right-handed,,Papuan
Papua New Guinea,2024,Hiri Hiri,1995-05-01,Right-handed,,PG
Papua New Guinea,2024,Lega Siaka,1992-12-21,Right-handed,Fast seam,Papuan
Papua New Guinea,2024,Tony Ura,1989-10-15,Right-handed,,Papuan
Papua New Guinea,2024,Hila Vare,2001-08-10,Left-handed,,
Papua New Guinea,2024,Charles Amini,1992-04-14,Left-handed,Leg spin,Papuan
Papua New Guinea,2024,Jack Gardner,2000-12-23,Right-handed,Right-arm medium,
Papua New Guinea,2024,Semo Kamea,2001-08-21,Left-handed,Left-arm fast,
Papua New Guinea,2024,John Kariko,2004-01-16,Left-handed,Slow left-arm orthodox,
Papua New Guinea,2024,Kabua Morea,1993-09-30,Right-handed,Medium seam,PG
Papua New Guinea,2024,Alei Nao,1993-12-09,Right-handed,Medium seam,Papuan
Papua New Guinea,2024,Chad Soper,1991-11-19,Right-handed,Medium seam,Papuan
Papua New Guinea,2024,Norman Vanua,1993-12-02,Right-handed,Medium seam,Papuan
Scotland,2007,Ryan Watson,1976-11-12,Right-handed,Right-arm medium-fast,Zimbabwean
Scotland,2007,Gavin Hamilton,1974-09-16,Right-handed,Right-arm medium-fast,Scottish
Scotland,2007,Gregor Maiden,,,,
Scotland,2007,Neil McCallum,1977-11-22,Right-handed,,Scottish
Scotland,2007,Navdeep Poonia,1986-05-11,Right-handed,Right-arm medium-fast,Scottish
Scotland,2007,Qasim Sheikh,,,,
Scotland,2007,Colin Smith,1972-09-27,Right-handed,Wicket-keeper,Scottish
Scotland,2007,Fraser Watts,1979-06-05,Right-handed,,English
Scotland,2007,John Blain,1979-01-04,Right-handed,Right-arm fast-medium,Scottish
Scotland,2007,Dougie Brown,1969-10-29,Right-handed,Right-arm fast-medium,Scottish
Scotland,2007,Gordon Drummond,,,,
Scotland,2007,Majid Haq,1983-02-11,Left-handed,Right-arm off break,Scottish
Scotland,2007,Dewald Nel,1980-06-06,Right-handed,Right-arm medium-fast,Scottish
Scotland,2007,Craig Wright,1974-04-28,Right-handed,Right-arm medium,Scottish
Scotland,2007,Ross Lyons,1984-12-08,Left-handed,Slow left-arm orthodox,
Scotland,2009,Gavin Hamilton,1974-09-16,Right-handed,Right-arm medium-fast,Scottish
Scotland,2009,Richie Berrington,1987-04-03,Right-handed,Right-arm medium,SCO
Scotland,2009,Kyle Coetzer,1984-04-14,Right-handed,Medium seam,Scottish
Scotland,2009,Calum MacLeod,1988-11-15,Right-handed,Medium seam,Scottish
Scotland,2009,Neil McCallum,1977-11-22,Right-handed,,Scottish
Scotland,2009,Navdeep Poonia,1986-05-11,Right-handed,Right-arm medium-fast,Scottish
Scotland,2009,Colin Smith,1972-09-27,Right-handed,Wicket-keeper,Scottish
Scotland,2009,Ryan Watson,1976-11-12,Right-handed,Right-arm medium-fast,Zimbabwean
Scotland,2009,Fraser Watts,1979-06-05,Right-handed,,English
Scotland,2009,Gordon Drummond,,,,
Scotland,2009,Majid Haq,1983-02-11,Left-handed,Right-arm off break,Scottish
Scotland,2009,Dewald Nel,1980-06-06,Right-handed,Right-arm medium-fast,Scottish
Scotland,2009,Glenn Rogers,1977-04-12,Right-handed,Slow left-arm orthodox,Australian
Scotland,2009,Jan Stander,,,,
Scotland,2009,Craig Wright,1974-04-28,Right-handed,Right-arm medium,Scottish
Scotland,2016,Preston Mommsen,1987-10-14,Right-handed,Right-arm off break,Scottish
Scotland,2016,Kyle Coetzer,1984-04-14,Right-handed,Medium seam,Scottish
Scotland,2016,Richie Berrington,1987-04-03,Right-handed,Right-arm medium,SCO
Scotland,2016,Matthew Cross,1992-10-15,Right-handed,Wicket-keeper,SCO
Scotland,2016,Matt Machan,1991-02-15,Left-handed,Right-arm off break,Scottish
Scotland,2016,Calum MacLeod,1988-11-15,Right-handed,Medium seam,Scottish
Scotland,2016,George Munsey,1993-02-21,Left-handed,Medium seam,Scottish
Scotland,2016,Con de Lange,1981-02-11,Right-handed,,Scottish
Scotland,2016,Michael Leask,1990-10-29,Right-handed,Off spin,Scottish
Scotland,2016,Rob Taylor,1989-12-21,Left-handed,Right-arm medium,Scottish
Scotland,2016,Josh Davey,1990-08-03,Right-handed,Medium seam,Scottish
Scotland,2016,Alasdair Evans,1989-01-12,Right-handed,Medium seam,Scottish
Scotland,2016,Gavin Main,1995-02-28,Right-handed,Fast seam,Scottish
Scotland,2016,Safyaan Sharif,1991-05-24,Right-handed,Medium seam,Scottish
Scotland,2016,Mark Watt,1996-07-29,Left-handed,Orthodox spin,Scottish
Scotland,2021,Kyle Coetzer,1984-04-14,Right-handed,Medium seam,Scottish
Scotland,2021,Richie Berrington,1987-04-03,Right-handed,Right-arm medium,SCO
Scotland,2021,Matthew Cross,1992-10-15,Right-handed,Wicket-keeper,SCO
Scotland,2021,Michael Jones,1998-01-05,Right-handed,Off spin,Scottish
Scotland,2021,Calum MacLeod,1988-11-15,Right-handed,Medium seam,Scottish
Scotland,2021,George Munsey,1993-02-21,Left-handed,Medium seam,Scottish
Scotland,2021,Craig Wallace,1990-06-27,Right-handed,,Scottish
Scotland,2021,Dylan Budge,1995-09-11,Right-handed,Medium seam,Scottish
Scotland,2021,Michael Leask,1990-10-29,Right-handed,Off spin,Scottish
Scotland,2021,Alasdair Evans,1989-01-12,Right-handed,Medium seam,Scottish
Scotland,2021,Chris Greaves,1990-10-12,Right-handed,Right-arm leg break,
Scotland,2021,Hamza Tahir,1995-11-09,Right-handed,Orthodox spin,Scottish
Scotland,2021,Safyaan Sharif,1991-05-24,Right-handed,Medium seam,Scottish
Scotland,2021,Mark Watt,1996-07-29,Left-handed,Orthodox spin,Scottish
Scotland,2021,Brad Wheal,1996-08-28,Right-handed,Fast seam,Scottish
Scotland,2022,Richie Berrington,1987-04-03,Right-handed,Right-arm medium,SCO
Scotland,2022,Matthew Cross,1992-10-15,Right-handed,Wicket-keeper,SCO
Scotland,2022,Michael Jones,1998-01-05,Right-handed,Off spin,Scottish
Scotland,2022,Calum MacLeod,1988-11-15,Right-handed,Medium seam,Scottish
Scotland,2022,George Munsey,1993-02-21,Left-handed,Medium seam,Scottish
Scotland,2022,Craig Wallace,1990-06-27,Right-handed,,Scottish
Scotland,2022,Michael Leask,1990-10-29,Right-handed,Off spin,Scottish
Scotland,2022,Brandon McMullen,1999-10-18,Right-handed,Right-arm fast-medium,
Scotland,2022,Josh Davey,1990-08-03,Right-handed,Medium seam,Scottish
Scotland,2022,Chris Greaves,1990-10-12,Right-handed,Right-arm leg break,
Scotland,2022,Hamza Tahir,1995-11-09,Right-handed,Orthodox spin,Scottish
Scotland,2022,Safyaan Sharif,1991-05-24,Right-handed,Medium seam,Scottish
Scotland,2022,Chris Sole,1994-02-27,Right-handed,,Scottish
Scotland,2022,Mark Watt,1996-07-29,Left-handed,Orthodox spin,Scottish
Scotland,2022,Brad Wheal,1996-08-28,Right-handed,Fast seam,Scottish
Scotland,2024,Richie Berrington,1987-04-03,Right-handed,Right-arm medium,SCO
Scotland,2024,Matthew Cross,1992-10-15,Right-handed,Wicket-keeper,SCO
Scotland,2024,Ollie Hairs,,,,
Scotland,2024,Michael Jones,1998-01-05,Right-handed,Off spin,Scottish
Scotland,2024,George Munsey,1993-02-21,Left-handed,Medium seam,Scottish
Scotland,2024,Charlie Tear,2004-06-12,Right-handed,,
Scotland,2024,Michael Leask,1990-10-29,Right-handed,Off spin,Scottish
Scotland,2024,Brandon McMullen,1999-10-18,Right-handed,Right-arm fast-medium,
Scotland,2024,Brad Currie,1998-11-08,Right-handed,Left-arm medium-fast,
Scotland,2024,Chris Greaves,1990-10-12,Right-handed,Right-arm leg break,
Scotland,2024,Jack Jarvis,2003-05-29,Right-handed,Right-arm medium-fast,
Scotland,2024,Safyaan Sharif,1991-05-24,Right-handed,Medium seam,Scottish
Scotland,2024,Chris Sole,1994-02-27,Right-handed,,Scottish
Scotland,2024,Mark Watt,1996-07-29,Left-handed,Orthodox spin,Scottish
Scotland,2024,Brad Wheal,1996-08-28,Right-handed,Fast seam,Scottish
South Africa,2007,Graeme Smith,1981-02-01,Left-handed,Off spin,South African
South Africa,2007,Gulam Bodi,,,,
South Africa,2007,Mark Boucher,1976-12-03,Right-handed,Medium seam,South African
South Africa,2007,AB de Villiers,1984-02-17,Right-handed,Medium seam,South African
South Africa,2007,Herschelle Gibbs,1974-02-23,Right-handed,Leg spin,South African
South Africa,2007,Jean-Paul Duminy,,,,
South Africa,2007,Justin Kemp,1977-10-02,Right-handed,Fast seam,South African
South Africa,2007,Albie Morkel,1981-06-10,Left-handed,,South African
South Africa,2007,Vernon Philander,1985-06-24,Right-handed,Fast seam,South African
South Africa,2007,Shaun Pollock,1973-07-16,Right-handed,Fast seam,South African
South Africa,2007,Johan van der Wath,,,,
South Africa,2007,Morne Morkel,1984-10-06,Left-handed,Fast seam,South African
South Africa,2007,Andre Nel,1977-07-15,Right-handed,Right-arm fast-medium,South African
South Africa,2007,Makhaya Ntini,1977-07-06,Right-handed,Fast seam,South African
South Africa,2007,Thandi Tshabalala,,,,
South Africa,2009,Graeme Smith,1981-02-01,Left-handed,Off spin,South African
South Africa,2009,Mark Boucher,1976-12-03,Right-handed,Medium seam,South African
South Africa,2009,AB de Villiers,1984-02-17,Right-handed,Medium seam,South African
South Africa,2009,Herschelle Gibbs,1974-02-23,Right-handed,Leg spin,South African
South Africa,2009,Johan Botha,1982-05-02,Left-handed,Right-arm off break,South African
South Africa,2009,Jean-Paul Duminy,,,,
South Africa,2009,Jacques Kallis,1975-10-16,Right-handed,Fast seam,South African
South Africa,2009,Albie Morkel,1981-06-10,Left-handed,,South African
South Africa,2009,Justin Ontong,,,,
South Africa,2009,Roelof van der Merwe,1984-12-31,Right-handed,Slow left-arm orthodox,
South Africa,2009,Yusuf Abdulla,,,,
South Africa,2009,Morne Morkel,1984-10-06,Left-handed,Fast seam,South African
South Africa,2009,Wayne Parnell,1989-07-30,Left-handed,Left-arm fast-medium,South African
South Africa,2009,Robin Peterson,1979-08-04,Right-handed,Slow left-arm orthodox,South African
South Africa,2009,Dale Steyn,1983-06-27,Right-handed,Fast seam,South African
South Africa,2010,Graeme Smith,1981-02-01,Left-handed,Off spin,South African
South Africa,2010,Loots Bosman,1977-04-14,Right-handed,Right-arm medium,South African
South Africa,2010,Mark Boucher,1976-12-03,Right-handed,Medium seam,South African
South Africa,2010,AB de Villiers,1984-02-17,Right-handed,Medium seam,South African
South Africa,2010,Herschelle Gibbs,1974-02-23,Right-handed,Leg spin,South African
South Africa,2010,Jacques Kallis,1975-10-16,Right-handed,Fast seam,South African
South Africa,2010,Johan Botha,1982-05-02,Left-handed,Right-arm off break,South African
South Africa,2010,Jean-Paul Duminy,,,,
South Africa,2010,Albie Morkel,1981-06-10,Left-handed,,South African
South Africa,2010,Roelof van der Merwe,1984-12-31,Right-handed,Slow left-arm orthodox,
South Africa,2010,Rory Kleinveldt,1983-03-15,Right-handed,,South African
South Africa,2010,Charl Langeveldt,1974-12-17,Left-handed,Right-arm fast-medium,South African
South Africa,2010,Morne Morkel,1984-10-06,Left-handed,Fast seam,South African
South Africa,2010,Dale Steyn,1983-06-27,Right-handed,Fast seam,South African
South Africa,2010,Rusty Theron,1985-07-24,Right-handed,Fast seam,
South Africa,2012,AB de Villiers,1984-02-17,Right-handed,Medium seam,South African
South Africa,2012,Hashim Amla,1983-03-31,Right-handed,Medium seam,South African
South Africa,2012,Faf du Plessis,1984-07-13,Right-handed,Leg spin,South African
South Africa,2012,Richard Levi,,,,
South Africa,2012,Farhaan Behardien,1983-10-09,Right-handed,Right-arm medium,South African
South Africa,2012,Johan Botha,1982-05-02,Left-handed,Right-arm off break,South African
South Africa,2012,Jean-Paul Duminy,,,,
South Africa,2012,Jacques Kallis,1975-10-16,Right-handed,Fast seam,South African
South Africa,2012,Albie Morkel,1981-06-10,Left-handed,,South African
South Africa,2012,Justin Ontong,,,,
South Africa,2012,Morne Morkel,1984-10-06,Left-handed,Fast seam,South African
South Africa,2012,Wayne Parnell,1989-07-30,Left-handed,Left-arm fast-medium,South African
South Africa,2012,Robin Peterson,1979-08-04,Right-handed,Slow left-arm orthodox,South African
South Africa,2012,Dale Steyn,1983-06-27,Right-handed,Fast seam,South African
South Africa,2012,Lonwabo Tsotsobe,1984-03-07,Right-handed,Left-arm fast-medium,South African
South Africa,2014,Faf du Plessis,1984-07-13,Right-handed,Leg spin,South African
South Africa,2014,Hashim Amla,1983-03-31,Right-handed,Medium seam,South African
South Africa,2014,Quinton de Kock,1992-12-17,Left-handed,Wicket-keeper,South African
South Africa,2014,AB de Villiers,1984-02-17,Right-handed,Medium seam,South African
South Africa,2014,David Miller,1989-06-10,Left-handed,Off spin,South African
South Africa,2014,Farhaan Behardien,1983-10-09,Right-handed,Right-arm medium,South African
South Africa,2014,Jean-Paul Duminy,,,,
South Africa,2014,Albie Morkel,1981-06-10,Left-handed,,South African
South Africa,2014,Beuran Hendricks,1990-06-08,Left-handed,Fast seam,South African
South Africa,2014,Imran Tahir,1979-03-27,Right-handed,Leg spin,South African
South Africa,2014,Morne Morkel,1984-10-06,Left-handed,Fast seam,South African
South Africa,2014,Wayne Parnell,1989-07-30,Left-handed,Left-arm fast-medium,South African
South Africa,2014,Aaron Phangiso,1984-01-21,Right-handed,Slow left-arm orthodox,South African
South Africa,2014,Dale Steyn,1983-06-27,Right-handed,Fast seam,South African
South Africa,2014,Lonwabo Tsotsobe,1984-03-07,Right-handed,Left-arm fast-medium,South African
South Africa,2016,Faf du Plessis,1984-07-13,Right-handed,Leg spin,South African
South Africa,2016,Hashim Amla,1983-03-31,Right-handed,Medium seam,South African
South Africa,2016,Quinton de Kock,1992-12-17,Left-handed,Wicket-keeper,South African
South Africa,2016,AB de Villiers,1984-02-17,Right-handed,Medium seam,South African
South Africa,2016,David Miller,1989-06-10,Left-handed,Off spin,South African
South Africa,2016,Rilee Rossouw,1989-10-09,Left-handed,,South African
South Africa,2016,Farhaan Behardien,1983-10-09,Right-handed,Right-arm medium,South African
South Africa,2016,Jean-Paul Duminy,,,,
South Africa,2016,Chris Morris,1987-04-30,Right-handed,Fast seam,South African
South Africa,2016,David Wiese,,Right-handed,Medium seam,
South Africa,2016,Kyle Abbott,1987-06-18,Right-handed,Right-arm fast-medium,South African
South Africa,2016,Imran Tahir,1979-03-27,Right-handed,Leg spin,South African
South Africa,2016,Aaron Phangiso,1984-01-21,Right-handed,Slow left-arm orthodox,South African
South Africa,2016,Kagiso Rabada,1995-05-25,Left-handed,Fast seam,South African
South Africa,2016,Dale Steyn,1983-06-27,Right-handed,Fast seam,South African
South Africa,2021,Temba Bavuma,1990-05-17,Right-handed,Medium seam,South African
South Africa,2021,Quinton de Kock,1992-12-17,Left-handed,Wicket-keeper,South African
South Africa,2021,Reeza Hendricks,1989-08-14,Right-handed,Off spin,South African
South Africa,2021,Heinrich Klaasen,1991-07-30,Right-handed,Right-arm off spin,South African
South Africa,2021,Aiden Markram,1994-10-04,Right-handed,Off spin,South African
South Africa,2021,David Miller,1989-06-10,Left-handed,Off spin,South African
South Africa,2021,Rassie van der Dussen,1989-02-07,Right-handed,Leg spin,South African
South Africa,2021,Wiaan Mulder,1998-02-19,Right-handed,Medium seam,South African
South Africa,2021,Dwaine Pretorius,1989-03-29,Right-handed,Medium seam,South African
South Africa,2021,Bjorn Fortuin,1994-10-21,Right-handed,Orthodox spin,South African
South Africa,2021,Keshav Maharaj,1990-02-07,Right-handed,Orthodox spin,South African
South Africa,2021,Lungi Ngidi,1996-03-29,Right-handed,Fast seam,South African
South Africa,2021,Anrich Nortje,1993-11-16,Right-handed,Fast seam,South African
South Africa,2021,Kagiso Rabada,1995-05-25,Left-handed,Fast seam,South African
South Africa,2021,Tabraiz Shamsi,1990-02-18,Right-handed,Unorthodox spin,South African
South Africa,2022,Temba Bavuma,1990-05-17,Right-handed,Medium seam,South African
South Africa,2022,Quinton de Kock,1992-12-17,Left-handed,Wicket-keeper,South African
South Africa,2022,Reeza Hendricks,1989-08-14,Right-handed,Off spin,South African
South Africa,2022,Heinrich Klaasen,1991-07-30,Right-handed,Right-arm off spin,South African
South Africa,2022,Aiden Markram,1994-10-04,Right-handed,Off spin,South African
South Africa,2022,David Miller,1989-06-10,Left-handed,Off spin,South African
South Africa,2022,Rilee Rossouw,1989-10-09,Left-handed,,South African
South Africa,2022,Tristan Stubbs,2000-08-14,Right-handed,Right-arm off spin,
South Africa,2022,Keshav Maharaj,1990-02-07,Right-handed,Orthodox spin,South African
South Africa,2022,Lungi Ngidi,1996-03-29,Right-handed,Fast seam,South African
South Africa,2022,Anrich Nortje,1993-11-16,Right-handed,Fast seam,South African
South Africa,2022,Wayne Parnell,1989-07-30,Left-handed,Left-arm fast-medium,South African
South Africa,2022,Kagiso Rabada,1995-05-25,Left-handed,Fast seam,South African
South Africa,2022,Tabraiz Shamsi,1990-02-18,Right-handed,Unorthodox spin,South African
South Africa,2024,Aiden Markram,1994-10-04,Right-handed,Off spin,South African
South Africa,2024,Quinton de Kock,1992-12-17,Left-handed,Wicket-keeper,South African
South Africa,2024,Reeza Hendricks,1989-08-14,Right-handed,Off spin,South African
South Africa,2024,Heinrich Klaasen,1991-07-30,Right-handed,Right-arm off spin,South African
South Africa,2024,David Miller,1989-06-10,Left-handed,Off spin,South African
South Africa,2024,Ryan Rickelton,1996-07-11,Left-handed,Slow left-arm orthodox,
South Africa,2024,Tristan Stubbs,2000-08-14,Right-handed,Right-arm off spin,
South Africa,2024,Marco Jansen,2000-05-01,Right-handed,Left-arm fast,
South Africa,2024,Ottneil Baartman,,,,
South Africa,2024,Gerald Coetzee,2000-10-02,Right-handed,Right-arm fast,
South Africa,2024,Bjorn Fortuin,1994-10-21,Right-handed,Orthodox spin,South African
South Africa,2024,Keshav Maharaj,1990-02-07,Right-handed,Orthodox spin,South African
South Africa,2024,Anrich Nortje,1993-11-16,Right-handed,Fast seam,South African
South Africa,2024,Kagiso Rabada,1995-05-25,Left-handed,Fast seam,South African
South Africa,2024,Tabraiz Shamsi,1990-02-18,Right-handed,Unorthodox spin,South African
Sri Lanka,2007,Mahela Jayawardene,1977-05-27,Right-handed,Medium seam,Sri Lankan
Sri Lanka,2007,Kumar Sangakkara,1977-10-27,Left-handed,Off spin,Sri Lankan
Sri Lanka,2007,Chamara Silva,,Right-handed,Right-arm leg break,
Sri Lanka,2007,Upul Tharanga,1985-02-02,Left-handed,,Sri Lankan
Sri Lanka,2007,Tillakaratne Dilshan,1976-10-14,Right-handed,Off spin,Sri Lankan
Sri Lanka,2007,Hasantha Fernando,,,,
Sri Lanka,2007,Sanath Jayasuriya,1969-06-30,Left-handed,Orthodox spin,Sri Lankan
Sri Lanka,2007,Kaushal Lokuarachchi,,,,
Sri Lanka,2007,Farveez Maharoof,1984-09-07,Right-handed,Fast seam,Sri Lankan
Sri Lanka,2007,Jehan Mubarak,2012-09-06,Left-handed,Right-arm off break,Sri Lankan
Sri Lanka,2007,Dilruwan Perera,1982-07-22,Right-handed,Off spin,Sri Lankan
Sri Lanka,2007,Gayan Wijekoon,,,,
Sri Lanka,2007,Dilhara Fernando,1979-07-19,Right-handed,Fast seam,Sri Lankan
Sri Lanka,2007,Lasith Malinga,1983-08-28,Right-handed,Fast seam,Sri Lankan
Sri Lanka,2007,Chaminda Vaas,1974-01-27,Left-handed,Fast seam,Sri Lankan
Sri Lanka,2009,Kumar Sangakkara,1977-10-27,Left-handed,Off spin,Sri Lankan
Sri Lanka,2009,Mahela Jayawardene,1977-05-27,Right-handed,Medium seam,Sri Lankan
Sri Lanka,2009,Chamara Silva,,Right-handed,Right-arm leg break,
Sri Lanka,2009,Tillakaratne Dilshan,1976-10-14,Right-handed,Off spin,Sri Lankan
Sri Lanka,2009,Sanath Jayasuriya,1969-06-30,Left-handed,Orthodox spin,Sri Lankan
Sri Lanka,2009,Farveez Maharoof,1984-09-07,Right-handed,Fast seam,Sri Lankan
Sri Lanka,2009,Angelo Mathews,1987-06-02,Right-handed,Medium seam,Sri Lankan
Sri Lanka,2009,Jehan Mubarak,2012-09-06,Left-handed,Right-arm off break,Sri Lankan
Sri Lanka,2009,Isuru Udana,1988-02-17,Right-handed,Medium seam,Sri Lankan
Sri Lanka,2009,Muthiah Muralidaran,,,,
Sri Lanka,2009,Nuwan Kulasekara,1982-07-22,Right-handed,Fast seam,Sri Lankan
Sri Lanka,2009,Lasith Malinga,1983-08-28,Right-handed,Fast seam,Sri Lankan
Sri Lanka,2009,Ajantha Mendis,1985-03-11,Right-handed,Off spin,Sri Lankan
Sri Lanka,2009,Thilan Thushara,,,,
Sri Lanka,2009,Indika de Saram,,,,
Sri Lanka,2010,Kumar Sangakkara,1977-10-27,Left-handed,Off spin,Sri Lankan
Sri Lanka,2010,Dinesh Chandimal,1989-11-18,Right-handed,Off spin,Sri Lankan
Sri Lanka,2010,Mahela Jayawardene,1977-05-27,Right-handed,Medium seam,Sri Lankan
Sri Lanka,2010,Chamara Kapugedera,1987-02-24,Right-handed,Right-arm medium,Sri Lankan
Sri Lanka,2010,Tillakaratne Dilshan,1976-10-14,Right-handed,Off spin,Sri Lankan
Sri Lanka,2010,Chinthaka Jayasinghe,,,,
Sri Lanka,2010,Sanath Jayasuriya,1969-06-30,Left-handed,Orthodox spin,Sri Lankan
Sri Lanka,2010,Angelo Mathews,1987-06-02,Right-handed,Medium seam,Sri Lankan
Sri Lanka,2010,Thisara Perera,1989-04-03,Left-handed,Medium seam,Sri Lankan
Sri Lanka,2010,Nuwan Kulasekara,1982-07-22,Right-handed,Fast seam,Sri Lankan
Sri Lanka,2010,Lasith Malinga,1983-08-28,Right-handed,Fast seam,Sri Lankan
Sri Lanka,2010,Ajantha Mendis,1985-03-11,Right-handed,Off spin,Sri Lankan
Sri Lanka,2010,Suraj Randiv,1985-01-30,Left-handed,Right-arm off break,Sri Lankan
Sri Lanka,2010,Thilan Thushara,,,,
Sri Lanka,2010,Chanaka Welegedara,,,,
Sri Lanka,2012,Mahela Jayawardene,1977-05-27,Right-handed,Medium seam,Sri Lankan
Sri Lanka,2012,Dinesh Chandimal,1989-11-18,Right-handed,Off spin,Sri Lankan
Sri Lanka,2012,Dilshan Munaweera,1989-04-24,Right-handed,,Sri Lankan
Sri Lanka,2012,Kumar Sangakkara,1977-10-27,Left-handed,Off spin,Sri Lankan
Sri Lanka,2012,Lahiru Thirimanne,1989-08-09,Left-handed,Medium seam,Sri Lankan
Sri Lanka,2012,Angelo Mathews,1987-06-02,Right-handed,Medium seam,Sri Lankan
Sri Lanka,2012,Akila Dananjaya,1993-10-04,Left-handed,Off spin,Sri Lankan
Sri Lanka,2012,Tillakaratne Dilshan,1976-10-14,Right-handed,Off spin,Sri Lankan
Sri Lanka,2012,Jeevan Mendis,1983-01-15,Left-handed,Leg spin,Sri Lankan
Sri Lanka,2012,Thisara Perera,1989-04-03,Left-handed,Medium seam,Sri Lankan
Sri Lanka,2012,Shaminda Eranga,1986-06-23,Right-handed,,Sri Lankan
Sri Lanka,2012,Rangana Herath,1978-03-19,Left-handed,Orthodox spin,Sri Lankan
Sri Lanka,2012,Nuwan Kulasekara,1982-07-22,Right-handed,Fast seam,Sri Lankan
Sri Lanka,2012,Lasith Malinga,1983-08-28,Right-handed,Fast seam,Sri Lankan
Sri Lanka,2012,Ajantha Mendis,1985-03-11,Right-handed,Off spin,Sri Lankan
Sri Lanka,2014,Dinesh Chandimal,1989-11-18,Right-handed,Off spin,Sri Lankan
Sri Lanka,2014,Mahela Jayawardene,1977-05-27,Right-handed,Medium seam,Sri Lankan
Sri Lanka,2014,Kusal Perera,1990-08-17,Left-handed,Left-arm medium,Sri Lankan
Sri Lanka,2014,Kumar Sangakkara,1977-10-27,Left-handed,Off spin,Sri Lankan
Sri Lanka,2014,Lahiru Thirimanne,1989-08-09,Left-handed,Medium seam,Sri Lankan
Sri Lanka,2014,Tillakaratne Dilshan,1976-10-14,Right-handed,Off spin,Sri Lankan
Sri Lanka,2014,Angelo Mathews,1987-06-02,Right-handed,Medium seam,Sri Lankan
Sri Lanka,2014,Thisara Perera,1989-04-03,Left-handed,Medium seam,Sri Lankan
Sri Lanka,2014,Seekkuge Prasanna,1985-06-27,Right-handed,,Sri Lankan
Sri Lanka,2014,Lasith Malinga,1983-08-28,Right-handed,Fast seam,Sri Lankan
Sri Lanka,2014,Rangana Herath,1978-03-19,Left-handed,Orthodox spin,Sri Lankan
Sri Lanka,2014,Nuwan Kulasekara,1982-07-22,Right-handed,Fast seam,Sri Lankan
Sri Lanka,2014,Suranga Lakmal,1987-03-10,Right-handed,Fast seam,Sri Lankan
Sri Lanka,2014,Ajantha Mendis,1985-03-11,Right-handed,Off spin,Sri Lankan
Sri Lanka,2014,Sachithra Senanayake,1985-02-09,Right-handed,Right-arm off break,Sri Lankan
Sri Lanka,2016,Dinesh Chandimal,1989-11-18,Right-handed,Off spin,Sri Lankan
Sri Lanka,2016,Chamara Kapugedera,1987-02-24,Right-handed,Right-arm medium,Sri Lankan
Sri Lanka,2016,Lahiru Thirimanne,1989-08-09,Left-handed,Medium seam,Sri Lankan
Sri Lanka,2016,Angelo Mathews,1987-06-02,Right-handed,Medium seam,Sri Lankan
Sri Lanka,2016,Tillakaratne Dilshan,1976-10-14,Right-handed,Off spin,Sri Lankan
Sri Lanka,2016,Shehan Jayasuriya,1991-09-12,Left-handed,Off spin,Sri Lankan
Sri Lanka,2016,Thisara Perera,1989-04-03,Left-handed,Medium seam,Sri Lankan
Sri Lanka,2016,Dasun Shanaka,1991-09-09,Right-handed,Medium seam,Sri Lankan
Sri Lanka,2016,Milinda Siriwardana,1985-12-04,Left-handed,Orthodox spin,Sri Lankan
Sri Lanka,2016,Dushmantha Chameera,1992-01-11,Right-handed,Right-arm fast,Sri Lankan
Sri Lanka,2016,Rangana Herath,1978-03-19,Left-handed,Orthodox spin,Sri Lankan
Sri Lanka,2016,Nuwan Kulasekara,1982-07-22,Right-handed,Fast seam,Sri Lankan
Sri Lanka,2016,Suranga Lakmal,1987-03-10,Right-handed,Fast seam,Sri Lankan
Sri Lanka,2016,Sachithra Senanayake,1985-02-09,Right-handed,Right-arm off break,Sri Lankan
Sri Lanka,2016,Jeffrey Vandersay,1990-02-05,Right-handed,Leg spin,Sri Lankan
Sri Lanka,2021,Dinesh Chandimal,1989-11-18,Right-handed,Off spin,Sri Lankan
Sri Lanka,2021,Avishka Fernando,1998-04-05,Right-handed,Medium seam,Sri Lankan
Sri Lanka,2021,Pathum Nissanka,1998-05-18,Right-handed,,Sri Lankan
Sri Lanka,2021,Kusal Perera,1990-08-17,Left-handed,Left-arm medium,Sri Lankan
Sri Lanka,2021,Bhanuka Rajapaksa,1991-10-24,Left-handed,,Sri Lankan
Sri Lanka,2021,Dasun Shanaka,1991-09-09,Right-handed,Medium seam,Sri Lankan
Sri Lanka,2021,Charith Asalanka,1997-06-29,Left-handed,Right-arm off spin,Sri Lankan
Sri Lanka,2021,Akila Dananjaya,1993-10-04,Left-handed,Off spin,Sri Lankan
Sri Lanka,2021,Dhananjaya de Silva,1991-09-06,Right-handed,Off spin,Sri Lankan
Sri Lanka,2021,Chamika Karunaratne,1996-05-29,Right-handed,Medium seam,Sri Lankan
Sri Lanka,2021,Dushmantha Chameera,1992-01-11,Right-handed,Right-arm fast,Sri Lankan
Sri Lanka,2021,Binura Fernando,1995-07-12,Right-handed,,Sri Lankan
Sri Lanka,2021,Lahiru Kumara,1997-02-13,Left-handed,Fast seam,Sri Lankan
Sri Lanka,2021,Maheesh Theekshana,2000-08-01,Right-handed,Right-arm off spin,Sri Lankan
Sri Lanka,2022,Ashen Bandara,1998-11-23,Right-handed,Leg spin,Sri Lankan
Sri Lanka,2022,Kusal Mendis,1995-02-02,Right-handed,Leg spin,Sri Lankan
Sri Lanka,2022,Pathum Nissanka,1998-05-18,Right-handed,,Sri Lankan
Sri Lanka,2022,Bhanuka Rajapaksa,1991-10-24,Left-handed,,Sri Lankan
Sri Lanka,2022,Dasun Shanaka,1991-09-09,Right-handed,Medium seam,Sri Lankan
Sri Lanka,2022,Charith Asalanka,1997-06-29,Left-handed,Right-arm off spin,Sri Lankan
Sri Lanka,2022,Dhananjaya de Silva,1991-09-06,Right-handed,Off spin,Sri Lankan
Sri Lanka,2022,Chamika Karunaratne,1996-05-29,Right-handed,Medium seam,Sri Lankan
Sri Lanka,2022,Asitha Fernando,1997-07-31,Right-handed,,Sri Lankan
Sri Lanka,2022,Lahiru Kumara,1997-02-13,Left-handed,Fast seam,Sri Lankan
Sri Lanka,2022,Kasun Rajitha,1993-06-01,Right-handed,Medium seam,Sri Lankan
Sri Lanka,2022,Maheesh Theekshana,2000-08-01,Right-handed,Right-arm off spin,Sri Lankan
Sri Lanka,2022,Jeffrey Vandersay,1990-02-05,Right-handed,Leg spin,Sri Lankan
Sri Lanka,2024,Kusal Mendis,1995-02-02,Right-handed,Leg spin,Sri Lankan
Sri Lanka,2024,Pathum Nissanka,1998-05-18,Right-handed,,Sri Lankan
Sri Lanka,2024,Sadeera Samarawickrama,1995-08-30,Right-handed,Wicket-keeper,Sri Lankan
Sri Lanka,2024,Wanindu Hasaranga,1997-07-29,Right-handed,Leg spin,Sri Lankan
Sri Lanka,2024,Charith Asalanka,1997-06-29,Left-handed,Right-arm off spin,Sri Lankan
Sri Lanka,2024,Dhananjaya de Silva,1991-09-06,Right-handed,Off spin,Sri Lankan
Sri Lanka,2024,Angelo Mathews,1987-06-02,Right-handed,Medium seam,Sri Lankan
Sri Lanka,2024,Kamindu Mendis,1998-09-30,Left-handed,Off spin,Sri Lankan
Sri Lanka,2024,Dasun Shanaka,1991-09-09,Right-handed,Medium seam,Sri Lankan
Sri Lanka,2024,Dushmantha Chameera,1992-01-11,Right-handed,Right-arm fast,Sri Lankan
Sri Lanka,2024,Dilshan Madushanka,2000-09-18,Right-handed,Left-arm fast-medium,
Sri Lanka,2024,Matheesha Pathirana,2002-12-18,Right-handed,Right-arm fast,
Sri Lanka,2024,Maheesh Theekshana,2000-08-01,Right-handed,Right-arm off spin,Sri Lankan
Sri Lanka,2024,Nuwan Thushara,1994-08-06,Right-handed,Right-arm fast-medium,
Sri Lanka,2024,Dunith Wellalage,2003-01-09,Left-handed,Slow left-arm orthodox,
United Arab Emirates,2014,Khurram Khan,1971-06-21,Left-handed,Slow left-arm orthodox,Emirati
United Arab Emirates,2014,Amjad Ali,1979-09-25,Left-handed,Left-arm medium,Emirati
United Arab Emirates,2014,Faizan Asif,,,,
United Arab Emirates,2014,Swapnil Patil,1985-04-15,Right-handed,Wicket-keeper,Emirati
United Arab Emirates,2014,Rohan Mustafa,1988-10-07,Left-handed,Off spin,Emirati
United Arab Emirates,2014,Shaiman Anwar,1979-03-15,Right-handed,Leg spin,Emirati
United Arab Emirates,2014,Vikrant Shetty,,,,
United Arab Emirates,2014,Amjad Javed,1980-07-05,Right-handed,Right-arm medium-fast,Emirati
United Arab Emirates,2014,Ahmed Raza,1988-10-10,Right-handed,Orthodox spin,Emirati
United Arab Emirates,2014,Manjula Guruge,1981-02-14,Right-handed,Left-arm medium,Emirati
United Arab Emirates,2014,Kamran Shazad,1980-08-25,Right-handed,Right-arm medium,Emirati
United Arab Emirates,2014,Sharif Asadullah,,,,
United Arab Emirates,2014,Shadeep Silva,,,,
United Arab Emirates,2014,Moaaz Qazi,,,,
United Arab Emirates,2014,Rohit Singh,,,,
United Arab Emirates,2022,CP Rizwan,1988-04-19,Right-handed,Leg spin,Emirati
United Arab Emirates,2022,Vriitya Aravind,2002-06-11,Right-handed,,Emirati
United Arab Emirates,2022,Basil Hameed,,Right-handed,Medium seam,
United Arab Emirates,2022,Chirag Suri,1995-02-18,Right-handed,Off spin,Emirati
United Arab Emirates,2022,Muhammad Waseem,,,,
United Arab Emirates,2022,Alishan Sharafu,2003-01-10,Right-handed,Medium seam,Emirati
United Arab Emirates,2022,Aayan Afzal Khan,,,,
United Arab Emirates,2022,Fahad Nawaz,2000-01-15,Right-handed,Orthodox spin,Emirati
United Arab Emirates,2022,Kashif Daud,,Right-handed,Medium seam,
United Arab Emirates,2022,Ahmed Raza,1988-10-10,Right-handed,Orthodox spin,Emirati
United Arab Emirates,2022,Aryan Lakra,,,,
United Arab Emirates,2022,Junaid Siddique,1987-10-30,Left-handed,,Bangladeshi
United Arab Emirates,2022,Karthik Meiyappan,,,,
United Arab Emirates,2022,Sabir Ali,,,,
United Arab Emirates,2022,Zahoor Khan,1989-05-25,Right-handed,Medium seam,Emirati
Uganda,2024,Fred Achelam,2001-01-27,Right-handed,,
Uganda,2024,Roger Mukasa,1989-05-22,Right-handed,Right-arm off break,
Uganda,2024,Robinson Obuya,2000-12-12,Right-handed,,
Uganda,2024,Ronak Patel,1988-08-18,Right-handed,Slow left-arm orthodox,
Uganda,2024,Simon Ssesazi,1996-06-06,Left-handed,Right-arm slow,
Uganda,2024,Riazat Ali Shah,1998-02-20,Right-handed,Right-arm medium,
Uganda,2024,Dinesh Nakrani,1991-09-21,Left-handed,Left-arm medium,
Uganda,2024,Frank Nsubuga,1980-08-20,Right-handed,Slow left-arm orthodox,
Uganda,2024,Alpesh Ramjani,1994-09-24,Left-handed,Slow left-arm orthodox,
Uganda,2024,Kenneth Waiswa,1998-11-11,Right-handed,Right-arm medium,
Uganda,2024,Brian Masaba,1991-09-22,Right-handed,Right-arm fast-medium,
Uganda,2024,Bilal Hassan,1990-04-15,Right-handed,Right-arm medium-fast,
Uganda,2024,Cosmas Kyewuta,2001-12-28,Right-handed,Right-arm medium,
Uganda,2024,Juma Miyagi,2003-04-05,Right-handed,Right-arm medium,
Uganda,2024,Henry Ssenyondo,1993-08-12,Right-handed,Slow left-arm orthodox,
United States of America,2024,Monank Patel,1993-05-01,Right-handed,,American
United States of America,2024,Aaron Jones,1994-10-19,Right-handed,Leg spin,American
United States of America,2024,Andries Gous,1994-11-24,Right-handed,,
United States of America,2024,Nitish Kumar,1994-05-21,Right-handed,Right-arm medium,Canadian
United States of America,2024,Shayan Jahangir,1994-12-24,Right-handed,Right-arm fast-medium,
United States of America,2024,Steven Taylor,1993-11-09,Left-handed,Off spin,American
United States of America,2024,Corey Anderson,,Left-handed,Left-arm medium,
United States of America,2024,Harmeet Singh,,,,
United States of America,2024,Milind Kumar,1991-02-15,Right-handed,Right-arm off break,
United States of America,2024,Nisarg Patel,1988-04-20,Right-handed,Orthodox spin,American
United States of America,2024,Shadley van Schalkwyk,1988-07-05,Left-handed,Right-arm medium,
United States of America,2024,Ali Khan,,Right-handed,,
United States of America,2024,Jasdeep Singh,1993-02-10,Right-handed,Medium seam,American
United States of America,2024,Nosthush Kenjige,1991-03-02,Right-handed,Orthodox spin,American
United States of America,2024,Saurabh Netravalkar,1991-10-16,Right-handed,Fast seam,
West Indies,2007,Ramnaresh Sarwan,1980-06-23,Right-handed,Leg spin,West Indian
West Indies,2007,Shivnarine Chanderpaul,1974-08-16,Left-handed,Leg spin,West Indian
West Indies,2007,Narsingh Deonarine,1983-08-16,Right-handed,,West Indian
West Indies,2007,Runako Morton,,,,
West Indies,2007,Denesh Ramdin,1985-03-13,Right-handed,Wicket-keeper,West Indian
West Indies,2007,Marlon Samuels,1981-02-05,Right-handed,Off spin,West Indian
West Indies,2007,Devon Smith,1981-10-21,Left-handed,Right-arm off break,West Indian
West Indies,2007,Dwayne Bravo,1983-10-07,Right-handed,Medium seam,West Indian
West Indies,2007,Chris Gayle,1979-09-21,Left-handed,Off spin,West Indian
West Indies,2007,Daren Sammy,1983-12-20,Right-handed,,West Indian
West Indies,2007,Dwayne Smith,1983-04-12,Right-handed,Right-arm medium,West Indian
West Indies,2007,Pedro Collins,1976-08-12,Right-handed,Left-arm fast-medium,Barbados
West Indies,2007,Fidel Edwards,,,,
West Indies,2007,Daren Powell,1978-04-15,Right-handed,Right-arm fast-medium,Jamaican
West Indies,2007,Ravi Rampaul,1984-10-15,Right-handed,Fast seam,West Indian
West Indies,2009,Denesh Ramdin,1985-03-13,Right-handed,Wicket-keeper,West Indian
West Indies,2009,Shivnarine Chanderpaul,1974-08-16,Left-handed,Leg spin,West Indian
West Indies,2009,Andre Fletcher,1987-11-28,Right-handed,,West Indian
West Indies,2009,Xavier Marshall,1986-03-27,Right-handed,Off spin,American
West Indies,2009,Ramnaresh Sarwan,1980-06-23,Right-handed,Leg spin,West Indian
West Indies,2009,Lendl Simmons,1985-01-25,Right-handed,Right-arm medium-fast,West Indian
West Indies,2009,Chris Gayle,1979-09-21,Left-handed,Off spin,West Indian
West Indies,2009,Dwayne Bravo,1983-10-07,Right-handed,Medium seam,West Indian
West Indies,2009,Kieron Pollard,1987-05-12,Right-handed,Medium seam,West Indian
West Indies,2009,Daren Sammy,1983-12-20,Right-handed,,West Indian
West Indies,2009,Lionel Baker,,,,
West Indies,2009,Sulieman Benn,1981-07-22,Left-handed,Slow left-arm orthodox,West Indian
West Indies,2009,Fidel Edwards,,,,
West Indies,2009,Jerome Taylor,1984-06-22,Right-handed,Fast seam,West Indian
West Indies,2009,David Bernard,,,,
West Indies,2010,Shivnarine Chanderpaul,1974-08-16,Left-handed,Leg spin,West Indian
West Indies,2010,Narsingh Deonarine,1983-08-16,Right-handed,,West Indian
West Indies,2010,Andre Fletcher,1987-11-28,Right-handed,,West Indian
West Indies,2010,Wavell Hinds,1976-09-07,Right-handed,Right-arm medium,Jamaican
West Indies,2010,Denesh Ramdin,1985-03-13,Right-handed,Wicket-keeper,West Indian
West Indies,2010,Ramnaresh Sarwan,1980-06-23,Right-handed,Leg spin,West Indian
West Indies,2010,Chris Gayle,1979-09-21,Left-handed,Off spin,West Indian
West Indies,2010,Dwayne Bravo,1983-10-07,Right-handed,Medium seam,West Indian
West Indies,2010,Kieron Pollard,1987-05-12,Right-handed,Medium seam,West Indian
West Indies,2010,Daren Sammy,1983-12-20,Right-handed,,West Indian
West Indies,2010,Sulieman Benn,1981-07-22,Left-handed,Slow left-arm orthodox,West Indian
West Indies,2010,Nikita Miller,1982-05-16,Right-handed,Slow left-arm orthodox,West Indian
West Indies,2010,Ravi Rampaul,1984-10-15,Right-handed,Fast seam,West Indian
West Indies,2010,Kemar Roach,1988-06-30,Right-handed,Fast seam,West Indian
West Indies,2010,Jerome Taylor,1984-06-22,Right-handed,Fast seam,West Indian
West Indies,2012,Darren Bravo,1989-02-06,Left-handed,Medium seam,West Indian
West Indies,2012,Johnson Charles,1989-01-14,Right-handed,Left-arm orthodox,West Indian
West Indies,2012,Denesh Ramdin,1985-03-13,Right-handed,Wicket-keeper,West Indian
West Indies,2012,Marlon Samuels,1981-02-05,Right-handed,Off spin,West Indian
West Indies,2012,Lendl Simmons,1985-01-25,Right-handed,Right-arm medium-fast,West Indian
West Indies,2012,Daren Sammy,1983-12-20,Right-handed,,West Indian
West Indies,2012,Dwayne Bravo,1983-10-07,Right-handed,Medium seam,West Indian
West Indies,2012,Chris Gayle,1979-09-21,Left-handed,Off spin,West Indian
West Indies,2012,Sunil Narine,1988-05-26,Left-handed,Off spin,West Indian
West Indies,2012,Kieron Pollard,1987-05-12,Right-handed,Medium seam,West Indian
West Indies,2012,Andre Russell,1988-04-29,Right-handed,Fast seam,West Indian
West Indies,2012,Dwayne Smith,1983-04-12,Right-handed,Right-arm medium,West Indian
West Indies,2012,Samuel Badree,,,,
West Indies,2012,Fidel Edwards,,,,
West Indies,2012,Ravi Rampaul,1984-10-15,Right-handed,Fast seam,West Indian
West Indies,2014,Johnson Charles,1989-01-14,Right-handed,Left-arm orthodox,West Indian
West Indies,2014,Andre Fletcher,1987-11-28,Right-handed,,West Indian
West Indies,2014,Denesh Ramdin,1985-03-13,Right-handed,Wicket-keeper,West Indian
West Indies,2014,Marlon Samuels,1981-02-05,Right-handed,Off spin,West Indian
West Indies,2014,Lendl Simmons,1985-01-25,Right-handed,Right-arm medium-fast,West Indian
West Indies,2014,Daren Sammy,1983-12-20,Right-handed,,West Indian
West Indies,2014,Dwayne Bravo,1983-10-07,Right-handed,Medium seam,West Indian
West Indies,2014,Chris Gayle,1979-09-21,Left-handed,Off spin,West Indian
West Indies,2014,Sunil Narine,1988-05-26,Left-handed,Off spin,West Indian
West Indies,2014,Andre Russell,1988-04-29,Right-handed,Fast seam,West Indian
West Indies,2014,Dwayne Smith,1983-04-12,Right-handed,Right-arm medium,West Indian
West Indies,2014,Samuel Badree,,,,
West Indies,2014,Sheldon Cottrell,1989-08-19,Right-handed,Fast seam,West Indian
West Indies,2014,Ravi Rampaul,1984-10-15,Right-handed,Fast seam,West Indian
West Indies,2014,Krishmar Santokie,,,,
West Indies,2016,Johnson Charles,1989-01-14,Right-handed,Left-arm orthodox,West Indian
West Indies,2016,Evin Lewis,1991-12-27,Left-handed,Right-arm medium,West Indian
West Indies,2016,Denesh Ramdin,1985-03-13,Right-handed,Wicket-keeper,West Indian
West Indies,2016,Marlon Samuels,1981-02-05,Right-handed,Off spin,West Indian
West Indies,2016,Lendl Simmons,1985-01-25,Right-handed,Right-arm medium-fast,West Indian
West Indies,2016,Daren Sammy,1983-12-20,Right-handed,,West Indian
West Indies,2016,Carlos Brathwaite,1988-07-18,Right-handed,Medium seam,West Indian
West Indies,2016,Dwayne Bravo,1983-10-07,Right-handed,Medium seam,West Indian
West Indies,2016,Chris Gayle,1979-09-21,Left-handed,Off spin,West Indian
West Indies,2016,Jason Holder,1991-11-05,Right-handed,Medium seam,West Indian
West Indies,2016,Andre Russell,1988-04-29,Right-handed,Fast seam,West Indian
West Indies,2016,Samuel Badree,,,,
West Indies,2016,Sulieman Benn,1981-07-22,Left-handed,Slow left-arm orthodox,West Indian
West Indies,2016,Ashley Nurse,1988-12-22,Right-handed,Off spin,West Indian
West Indies,2016,Jerome Taylor,1984-06-22,Right-handed,Fast seam,West Indian
West Indies,2021,Nicholas Pooran,1995-10-02,Left-handed,,West Indian
West Indies,2021,Andre Fletcher,1987-11-28,Right-handed,,West Indian
West Indies,2021,Shimron Hetmyer,1996-12-26,Left-handed,Right-arm leg spin,West Indian
West Indies,2021,Evin Lewis,1991-12-27,Left-handed,Right-arm medium,West Indian
West Indies,2021,Lendl Simmons,1985-01-25,Right-handed,Right-arm medium-fast,West Indian
West Indies,2021,Kieron Pollard,1987-05-12,Right-handed,Medium seam,West Indian
West Indies,2021,Dwayne Bravo,1983-10-07,Right-handed,Medium seam,West Indian
West Indies,2021,Roston Chase,1992-03-22,Right-handed,Off spin,West Indian
West Indies,2021,Chris Gayle,1979-09-21,Left-handed,Off spin,West Indian
West Indies,2021,Jason Holder,1991-11-05,Right-handed,Medium seam,West Indian
West Indies,2021,Andre Russell,1988-04-29,Right-handed,Fast seam,West Indian
West Indies,2021,Akeal Hosein,1993-04-25,Left-handed,Orthodox spin,West Indian
West Indies,2021,Ravi Rampaul,1984-10-15,Right-handed,Fast seam,West Indian
West Indies,2021,Oshane Thomas,1997-02-18,Left-handed,Fast seam,West Indian
West Indies,2021,Hayden Walsh,1992-04-23,Left-handed,Leg spin,West Indian
West Indies,2022,Nicholas Pooran,1995-10-02,Left-handed,,West Indian
West Indies,2022,Rovman Powell,1993-07-23,Right-handed,Medium seam,West Indian
West Indies,2022,Shamarh Brooks,1988-10-01,Right-handed,,West Indian
West Indies,2022,Johnson Charles,1989-01-14,Right-handed,Left-arm orthodox,West Indian
West Indies,2022,Brandon King,1994-12-16,Right-handed,,West Indian
West Indies,2022,Evin Lewis,1991-12-27,Left-handed,Right-arm medium,West Indian
West Indies,2022,Jason Holder,1991-11-05,Right-handed,Medium seam,West Indian
West Indies,2022,Kyle Mayers,1992-09-08,Left-handed,,West Indian
West Indies,2022,Raymon Reifer,1991-05-11,Left-handed,Medium seam,West Indian
West Indies,2022,Odean Smith,1996-11-01,Right-handed,Medium seam,West Indian
West Indies,2022,Yannic Cariah,,,,
West Indies,2022,Sheldon Cottrell,1989-08-19,Right-handed,Fast seam,West Indian
West Indies,2022,Akeal Hosein,1993-04-25,Left-handed,Orthodox spin,West Indian
West Indies,2022,Alzarri Joseph,1996-11-20,Right-handed,Fast seam,West Indian
West Indies,2022,Obed McCoy,1997-01-04,Right-handed,,West Indian
West Indies,2024,Rovman Powell,1993-07-23,Right-handed,Medium seam,West Indian
West Indies,2024,Johnson Charles,1989-01-14,Right-handed,Left-arm orthodox,West Indian
West Indies,2024,Shimron Hetmyer,1996-12-26,Left-handed,Right-arm leg spin,West Indian
West Indies,2024,Shai Hope,1993-11-10,Right-handed,,West Indian
West Indies,2024,Nicholas Pooran,1995-10-02,Left-handed,,West Indian
West Indies,2024,Sherfane Rutherford,1998-08-15,Left-handed,Right-arm medium-fast,
West Indies,2024,Roston Chase,1992-03-22,Right-handed,Off spin,West Indian
West Indies,2024,Kyle Mayers,1992-09-08,Left-handed,,West Indian
West Indies,2024,Andre Russell,1988-04-29,Right-handed,Fast seam,West Indian
West Indies,2024,Romario Shepherd,1994-11-26,Right-handed,Medium seam,West Indian
West Indies,2024,Alzarri Joseph,1996-11-20,Right-handed,Fast seam,West Indian
West Indies,2024,Akeal Hosein,1993-04-25,Left-handed,Orthodox spin,West Indian
West Indies,2024,Shamar Joseph,1999-08-31,Left-handed,Right-arm fast,
West Indies,2024,Obed McCoy,1997-01-04,Right-handed,,West Indian
West Indies,2024,Gudakesh Motie,1995-03-29,Left-handed,Slow left-arm orthodox,
Zimbabwe,2007,Chamu Chibhabha,1986-09-06,Right-handed,Medium seam,Zimbabwean
Zimbabwe,2007,Timycen Maruma,1988-04-19,Right-handed,Leg spin,Zimbabwean
Zimbabwe,2007,Hamilton Masakadza,1983-08-09,Right-handed,Medium seam,Zimbabwean
Zimbabwe,2007,Stuart Matsikenyeri,1983-05-03,Right-handed,Right-arm off break,Zimbabwean
Zimbabwe,2007,Vusi Sibanda,1983-10-10,Right-handed,Right-arm medium,Zimbabwean
Zimbabwe,2007,Tatenda Taibu,1983-05-14,Right-handed,Wicket-keeper,Zimbabwean
Zimbabwe,2007,Brendan Taylor,1986-02-06,Right-handed,Off spin,Zimbabwean
Zimbabwe,2007,Sean Williams,1986-09-26,Left-handed,Orthodox spin,Zimbabwean
Zimbabwe,2007,Elton Chigumbura,1986-03-14,Right-handed,Right-arm medium,Zimbabwean
Zimbabwe,2007,Keith Dabengwa,1980-08-17,Left-handed,Slow left-arm orthodox,
Zimbabwe,2007,Prosper Utseya,1985-03-26,Right-handed,Off spin,Zimbabwean
Zimbabwe,2007,Gary Brent,1976-01-13,Right-handed,Right-arm medium-fast,
Zimbabwe,2007,Chris Mpofu,1985-11-27,Right-handed,Fast seam,Zimbabwean
Zimbabwe,2007,Tawanda Mupariwa,1985-04-16,Right-handed,Right-arm fast-medium,Zimbabwean
Zimbabwe,2007,Johnson Marumisa,,,,
Zimbabwe,2010,Chamu Chibhabha,1986-09-06,Right-handed,Medium seam,Zimbabwean
Zimbabwe,2010,Charles Coventry,1983-03-08,Right-handed,,Zimbabwean
Zimbabwe,2010,Craig Ervine,1985-08-19,Left-handed,Off spin,Zimbabwean
Zimbabwe,2010,Timycen Maruma,1988-04-19,Right-handed,Leg spin,Zimbabwean
Zimbabwe,2010,Hamilton Masakadza,1983-08-09,Right-handed,Medium seam,Zimbabwean
Zimbabwe,2010,Vusi Sibanda,1983-10-10,Right-handed,Right-arm medium,Zimbabwean
Zimbabwe,2010,Tatenda Taibu,1983-05-14,Right-handed,Wicket-keeper,Zimbabwean
Zimbabwe,2010,Brendan Taylor,1986-02-06,Right-handed,Off spin,Zimbabwean
Zimbabwe,2010,Andy Blignaut,1978-08-01,Right-handed,Right-arm fast-medium,Zimbabwean
Zimbabwe,2010,Elton Chigumbura,1986-03-14,Right-handed,Right-arm medium,Zimbabwean
Zimbabwe,2010,Greg Lamb,1983-04-30,Right-handed,Right-arm off break,
Zimbabwe,2010,Prosper Utseya,1985-03-26,Right-handed,Off spin,Zimbabwean
Zimbabwe,2010,Graeme Cremer,1986-09-19,Right-handed,Right-arm leg break,Zimbabwean
Zimbabwe,2010,Chris Mpofu,1985-11-27,Right-handed,Fast seam,Zimbabwean
Zimbabwe,2010,Ray Price,1976-06-12,Right-handed,Slow left-arm orthodox,Zimbabwean
Zimbabwe,2012,Brendan Taylor,1986-02-06,Right-handed,Off spin,Zimbabwean
Zimbabwe,2012,Craig Ervine,1985-08-19,Left-handed,Off spin,Zimbabwean
Zimbabwe,2012,Hamilton Masakadza,1983-08-09,Right-handed,Medium seam,Zimbabwean
Zimbabwe,2012,Stuart Matsikenyeri,1983-05-03,Right-handed,Right-arm off break,Zimbabwean
Zimbabwe,2012,Forster Mutizwa,,,,
Zimbabwe,2012,Vusi Sibanda,1983-10-10,Right-handed,Right-arm medium,Zimbabwean
Zimbabwe,2012,Malcolm Waller,1984-02-28,Right-handed,Right-arm leg break,Zimbabwean
Zimbabwe,2012,Elton Chigumbura,1986-03-14,Right-handed,Right-arm medium,Zimbabwean
Zimbabwe,2012,Graeme Cremer,1986-09-19,Right-handed,Right-arm leg break,Zimbabwean
Zimbabwe,2012,Kyle Jarvis,1989-02-16,Right-handed,Fast seam,Zimbabwean
Zimbabwe,2012,Chris Mpofu,1985-11-27,Right-handed,Fast seam,Zimbabwean
Zimbabwe,2012,Ray Price,1976-06-12,Right-handed,Slow left-arm orthodox,Zimbabwean
Zimbabwe,2012,Prosper Utseya,1985-03-26,Right-handed,Off spin,Zimbabwean
Zimbabwe,2012,Brian Vitori,1990-02-22,Left-handed,,Zimbabwean
Zimbabwe,2012,Richard Muzhange,,,,
Zimbabwe,2014,Brendan Taylor,1986-02-06,Right-handed,Off spin,Zimbabwean
Zimbabwe,2014,Timycen Maruma,1988-04-19,Right-handed,Leg spin,Zimbabwean
Zimbabwe,2014,Hamilton Masakadza,1983-08-09,Right-handed,Medium seam,Zimbabwean
Zimbabwe,2014,Vusi Sibanda,1983-10-10,Right-handed,Right-arm medium,Zimbabwean
Zimbabwe,2014,Malcolm Waller,1984-02-28,Right-handed,Right-arm leg break,Zimbabwean
Zimbabwe,2014,Sean Williams,1986-09-26,Left-handed,Orthodox spin,Zimbabwean
Zimbabwe,2014,Elton Chigumbura,1986-03-14,Right-handed,Right-arm medium,Zimbabwean
Zimbabwe,2014,Tafadzwa Kamungozi,1987-06-08,Right-handed,,Zimbabwean
Zimbabwe,2014,Sikandar Raza,1986-04-24,Right-handed,Off spin,Zimbabwean
Zimbabwe,2014,Tendai Chatara,1991-02-28,Right-handed,Fast seam,Zimbabwean
Zimbabwe,2014,Shingi Masakadza,1986-09-04,Right-handed,,Zimbabwean
Zimbabwe,2014,Natsai M'shangwe,1991-02-09,Right-handed,,Zimbabwean
Zimbabwe,2014,Tinashe Panyangara,1985-10-21,Right-handed,Right-arm fast-medium,Zimbabwean
Zimbabwe,2014,Prosper Utseya,1985-03-26,Right-handed,Off spin,Zimbabwean
Zimbabwe,2014,Brian Vitori,1990-02-22,Left-handed,,Zimbabwean
Zimbabwe,2016,Hamilton Masakadza,1983-08-09,Right-handed,Medium seam,Zimbabwean
Zimbabwe,2016,Chamu Chibhabha,1986-09-06,Right-handed,Medium seam,Zimbabwean
Zimbabwe,2016,Peter Moor,1992-02-02,Right-handed,Off spin,Zimbabwean
Zimbabwe,2016,Richmond Mutumbami,1989-06-11,Right-handed,Off spin,Zimbabwean
Zimbabwe,2016,Vusi Sibanda,1983-10-10,Right-handed,Right-arm medium,Zimbabwean
Zimbabwe,2016,Malcolm Waller,1984-02-28,Right-handed,Right-arm leg break,Zimbabwean
Zimbabwe,2016,Sean Williams,1986-09-26,Left-handed,Orthodox spin,Zimbabwean
Zimbabwe,2016,Elton Chigumbura,1986-03-14,Right-handed,Right-arm medium,Zimbabwean
Zimbabwe,2016,Sikandar Raza,1986-04-24,Right-handed,Off spin,Zimbabwean
Zimbabwe,2016,Tendai Chatara,1991-02-28,Right-handed,Fast seam,Zimbabwean
Zimbabwe,2016,Tendai Chisoro,1988-02-12,Left-handed,,Zimbabwean
Zimbabwe,2016,Wellington Masakadza,1993-10-04,Left-handed,Slow left-arm orthodox,Zimbabwean
Zimbabwe,2016,Tawanda Mupariwa,1985-04-16,Right-handed,Right-arm fast-medium,Zimbabwean
Zimbabwe,2016,Tinashe Panyangara,1985-10-21,Right-handed,Right-arm fast-medium,Zimbabwean
Zimbabwe,2016,Donald Tiripano,1988-03-17,Right-handed,Fast seam,Zimbabwean
Zimbabwe,2022,Craig Ervine,1985-08-19,Left-handed,Off spin,Zimbabwean
Zimbabwe,2022,Regis Chakabva,1987-09-20,Right-handed,Off spin,Zimbabwean
Zimbabwe,2022,Clive Madande,2000-04-12,Left-handed,,
Zimbabwe,2022,Milton Shumba,2000-10-19,Right-handed,,Zimbabwean
Zimbabwe,2022,Sean Williams,1986-09-26,Left-handed,Orthodox spin,Zimbabwean
Zimbabwe,2022,Ryan Burl,1994-04-15,Left-handed,Leg spin,Zimbabwean
Zimbabwe,2022,Brad Evans,,,,
Zimbabwe,2022,Luke Jongwe,1995-02-06,Right-handed,,Zimbabwean
Zimbabwe,2022,Wessly Madhevere,2000-09-04,Right-handed,Off spin,Zimbabwean
Zimbabwe,2022,Tony Munyonga,1999-01-31,Right-handed,Right-arm off break,
Zimbabwe,2022,Sikandar Raza,1986-04-24,Right-handed,Off spin,Zimbabwean
Zimbabwe,2022,Tendai Chatara,1991-02-28,Right-handed,Fast seam,Zimbabwean
Zimbabwe,2022,Wellington Masakadza,1993-10-04,Left-handed,Slow left-arm orthodox,Zimbabwean
Zimbabwe,2022,Blessing Muzarabani,1996-10-02,Right-handed,Fast seam,Zimbabwean
Zimbabwe,2022,Richard Ngarava,1997-12-28,Left-handed,Left-arm fast medium,Zimbabwean
India,2026,Suryakumar Yadav,1990-09-14,Right-handed,Right-arm off break,Indian
India,2026,Abhishek Sharma,2000-09-04,Left-handed,Slow left-arm orthodox,
India,2026,Tilak Varma,2002-11-08,Left-handed,Right-arm off break,
India,2026,Sanju Samson,1994-11-11,Right-handed,Right-arm off break,Indian
India,2026,Shivam Dube,1993-06-26,Left-handed,Medium seam,Indian
India,2026,Ishan Kishan,1998-07-18,Left-handed,Right-arm leg break,Indian
India,2026,Hardik Pandya,1993-10-11,Right-handed,Medium seam,Indian
India,2026,Arshdeep Singh,1999-02-05,Left-handed,Left-arm medium-fast,
India,2026,Jasprit Bumrah,1993-12-06,Right-handed,Fast seam,Indian
India,2026,Harshit Rana,2001-12-22,Right-handed,Right-arm fast,
India,2026,Varun Chakaravarthy,1991-08-29,Right-handed,Right-arm leg break,
India,2026,Kuldeep Yadav,1994-12-14,Left-handed,Unorthodox spin,Indian
India,2026,Axar Patel,1994-01-20,Left-handed,Orthodox spin,Indian
India,2026,Washington Sundar,1999-10-05,Left-handed,Off spin,
India,2026,Rinku Singh,1997-10-12,Left-handed,Right-arm off break,
USA,2026,Monank Patel,1993-05-01,Right-handed,,
USA,2026,Ehsan Adil,1993-03-15,Right-handed,Right-arm fast-medium,
USA,2026,Andries Gous,1994-11-24,Right-handed,,
USA,2026,Shehan Jayasuriya,1991-09-12,Left-handed,Off spin,
USA,2026,Milind Kumar,1991-02-15,Right-handed,Right-arm off break,
USA,2026,Shayan Jahangir,1994-12-24,Right-handed,Right-arm fast-medium,
USA,2026,Saiteja Mukkamala,2004-04-09,Right-handed,Right-arm off break,
USA,2026,Sanjay Krishnamurthi,2003-06-02,Right-handed,Slow left-arm orthodox,
USA,2026,Harmeet Singh,1992-09-07,Left-handed,Slow left-arm orthodox,
USA,2026,Nosthush Kenjige,1991-03-02,Right-handed,Orthodox spin,
USA,2026,Shadley Van Schalkwyk,1988-07-05,Left-handed,Right-arm medium,
USA,2026,Saurabh Netravalkar,1991-10-16,Right-handed,Fast seam,
USA,2026,Ali Khan,1990-12-13,Right-handed,Right-arm fast medium,
USA,2026,Mohammad Mohsin,1996-04-15,Left-handed,Right-arm leg spin,
USA,2026,Shubham Ranjane,1994-03-26,Right-handed,Right-arm medium,
Namibia,2026,Gerhard Erasmus,1995-04-11,Right-handed,Off spin,Namibian
Namibia,2026,Zane Green,1996-10-11,Left-handed,,Namibian
Namibia,2026,Bernard Scholtz,1990-10-03,Right-handed,Orthodox spin,Namibian
Namibia,2026,Ruben Trumpelmann,1998-02-01,Right-handed,Fast seam,Namibian
Namibia,2026,JJ Smit,1995-11-10,Right-handed,Medium seam,Namibian
Namibia,2026,Jan Frylinck,1994-04-06,Left-handed,Fast seam,Namibian
Namibia,2026,Louren Steenkamp,1997-05-08,Right-handed,Right-arm off break,
Namibia,2026,Malan Kruger,1995-08-12,Right-handed,,
Namibia,2026,Nicol Loftie-Eaton,2001-03-15,Left-handed,Left-arm medium,
Namibia,2026,Jack Brassell,2005-03-31,Right-handed,Right-arm medium,
Namibia,2026,Alex Volschenk,2005-06-20,Right-handed,Left-arm medium,
Namibia,2026,JC Balt,2003-11-09,Left-handed,Left-arm off break,
Namibia,2026,Dylan Leicher,2004-03-03,Right-handed,Right-arm medium,
Namibia,2026,WP Myburgh,2000-12-01,Right-handed,Right-arm fast,
Namibia,2026,Max Heingo,2005-01-01,Right-handed,Right-arm medium,
Netherlands,2026,Scott Edwards,1996-08-23,Right-handed,Wicket-keeper,Dutch
Netherlands,2026,Colin Ackermann,1991-04-04,Right-handed,Right-arm off spin,Dutch
Netherlands,2026,Noah Croes,1999-12-13,Right-handed,Right-arm medium,
Netherlands,2026,Bas de Leede,1999-11-15,Right-handed,Medium seam,Dutch
Netherlands,2026,Aryan Dutt,2003-05-12,Right-handed,Off spin,Dutch
Netherlands,2026,Fred Klaassen,1992-11-13,Right-handed,Medium seam,Dutch
Netherlands,2026,Kyle Klein,2001-07-03,Right-handed,Right-arm medium-fast,
Netherlands,2026,Michael Levitt,2003-06-19,Right-handed,Right-arm medium,
Netherlands,2026,Zach Lion-Cachet,2003-12-15,Right-handed,Right-arm off break,
Netherlands,2026,Max O'Dowd,1994-03-04,Right-handed,Off spin,Dutch
Netherlands,2026,Logan van Beek,1990-09-07,Right-handed,Right-arm medium-fast,Dutch
Netherlands,2026,Timm van der Gugten,1991-02-25,Right-handed,Right-arm medium fast,Dutch
Netherlands,2026,Roelof van der Merwe,1984-12-31,Right-handed,Slow left-arm orthodox,Dutch
Netherlands,2026,Paul van Meekeren,1989-08-29,Right-handed,Right-arm fast-medium,Dutch
Netherlands,2026,Saqib Zulfiqar,1997-03-28,Right-handed,Orthodox spin,Dutch
Pakistan,2026,Salman Agha,1993-11-23,Right-handed,Right-arm off break,
Pakistan,2026,Abrar Ahmed,1998-09-11,Right-handed,Right-arm leg break,
Pakistan,2026,Babar Azam,1994-10-15,Right-handed,Off spin,Pakistani
Pakistan,2026,Faheem Ashraf,1994-01-16,Left-handed,Right-arm fast-medium,
Pakistan,2026,Fakhar Zaman,1990-04-10,Left-handed,Orthodox spin,Pakistani
Pakistan,2026,Khawaja Nafay,2002-02-13,Right-handed,Right-arm off break,
Pakistan,2026,Mohammad Nawaz,1994-03-21,Left-handed,Orthodox spin,Pakistani
Pakistan,2026,Salman Mirza,1994-01-01,Right-handed,Left-arm medium,
Pakistan,2026,Naseem Shah,2003-02-15,Right-handed,Right-arm fast,
Pakistan,2026,Sahibzada Farhan,1996-03-06,Right-handed,,
Pakistan,2026,Saim Ayub,2002-05-24,Left-handed,Right-arm off break,
Pakistan,2026,Shaheen Afridi,2000-04-06,Left-handed,Left-arm fast,
Pakistan,2026,Shadab Khan,1998-10-04,Right-handed,Leg spin,Pakistani
Pakistan,2026,Usman Khan,1995-05-10,Right-handed,Right-arm off break,
Pakistan,2026,Usman Tariq,1995-06-07,Right-handed,Right-arm off break,
Australia,2026,Mitchell Marsh,1991-10-20,Right-handed,Medium seam,Australian
Australia,2026,Xavier Bartlett,1998-12-17,Right-handed,Right-arm fast medium,
Australia,2026,Cooper Connolly,2003-08-22,Left-handed,Left-arm slow orthodox,
Australia,2026,Tim David,1996-03-16,Right-handed,Right-arm off break,
Australia,2026,Ben Dwarshuis,1994-06-23,Left-handed,Left-arm fast medium,
Australia,2026,Cameron Green,1999-06-03,Right-handed,Fast seam,
Australia,2026,Nathan Ellis,1994-09-22,Right-handed,Right-arm fast-medium,
Australia,2026,Travis Head,1993-12-29,Left-handed,Off spin,Australian
Australia,2026,Josh Inglis,1995-03-04,Right-handed,Wicket-keeper,
Australia,2026,Matthew Kuhnemann,1996-09-20,Left-handed,Left-arm slow orthodox,
Australia,2026,Glenn Maxwell,1988-10-14,Right-handed,Off spin,Australian
Australia,2026,Matthew Renshaw,1996-03-28,Left-handed,Right-arm off break,
Australia,2026,Marcus Stoinis,1989-08-16,Right-handed,Medium seam,Australian
Australia,2026,Adam Zampa,1992-03-31,Right-handed,Leg spin,Australian
Australia,2026,Steve Smith,1989-06-02,Right-handed,Right-arm leg spin,
Sri Lanka,2026,Dasun Shanaka,1991-09-09,Right-handed,Medium seam,Sri Lankan
Sri Lanka,2026,Pathum Nissanka,1998-05-18,Right-handed,,Sri Lankan
Sri Lanka,2026,Kamil Mishara,2001-04-24,Left-handed,Right-arm off break,
Sri Lanka,2026,Kusal Mendis,1995-02-02,Right-handed,Leg spin,Sri Lankan
Sri Lanka,2026,Kamindu Mendis,1998-09-30,Left-handed,Off spin,Sri Lankan
Sri Lanka,2026,Kusal Janith Perera,1990-08-17,Left-handed,,
Sri Lanka,2026,Charith Asalanka,1997-06-29,Left-handed,Right-arm off spin,Sri Lankan
Sri Lanka,2026,Janith Liyanage,1995-07-12,Right-handed,Right-arm medium fast,
Sri Lanka,2026,Pavan Rathnayake,2002-08-24,Right-handed,Right-arm off break,
Sri Lanka,2026,Dushan Hemantha,1994-05-24,Right-handed,Right-arm leg spin,
Sri Lanka,2026,Dunith Wellalage,2003-01-09,Left-handed,Slow left-arm orthodox,
Sri Lanka,2026,Maheesh Theekshana,2000-08-01,Right-handed,Right-arm off spin,Sri Lankan
Sri Lanka,2026,Dushmantha Chameera,1992-01-11,Right-handed,Right-arm fast,Sri Lankan
Sri Lanka,2026,Matheesha Pathirana,2002-12-18,Right-handed,Right-arm fast,
Sri Lanka,2026,Eshan Malinga,2001-02-04,Left-handed,Right-arm medium fast,
Zimbabwe,2026,Sikandar Raza,1986-04-24,Right-handed,Off spin,Zimbabwean
Zimbabwe,2026,Brian Bennett,2003-11-10,Right-handed,Right-arm off break,
Zimbabwe,2026,Ryan Burl,1994-04-15,Left-handed,Leg spin,Zimbabwean
Zimbabwe,2026,Graeme Cremer,1986-09-19,Right-handed,Right-arm leg break,Zimbabwean
Zimbabwe,2026,Ben Curran,1996-06-07,Left-handed,Right-arm off break,
Zimbabwe,2026,Bradley Evans,1997-03-24,Right-handed,Right-arm fast,
Zimbabwe,2026,Clive Madande,2000-04-12,Left-handed,,
Zimbabwe,2026,Tinotenda Maposa,2003-08-29,Right-handed,Right-arm medium,
Zimbabwe,2026,Tadiwanashe Marumani,2002-01-02,Left-handed,Right-arm off break,
Zimbabwe,2026,Wellington Masakadza,1993-10-04,Left-handed,Slow left-arm orthodox,Zimbabwean
Zimbabwe,2026,Tony Munyonga,1999-01-31,Right-handed,Right-arm off break,
Zimbabwe,2026,Tashinga Musekiwa,2000-02-10,Right-handed,Right-arm medium,
Zimbabwe,2026,Blessing Muzarabani,1996-10-02,Right-handed,Fast seam,Zimbabwean
Zimbabwe,2026,Dion Myers,2002-03-21,Right-handed,Right-arm medium,
Zimbabwe,2026,Richard Ngarava,1997-12-28,Left-handed,Left-arm fast medium,Zimbabwean
Ireland,2026,Mark Adair,1996-03-27,Right-handed,Fast seam,Irish
Ireland,2026,Ross Adair,1994-04-21,Right-handed,Slow left-arm orthodox,
Ireland,2026,Ben Calitz,2002-07-06,Left-handed,Right-arm slow,
Ireland,2026,Curtis Campher,1999-04-20,Right-handed,Medium seam,Irish
Ireland,2026,Gareth Delany,1997-04-28,Right-handed,Leg spin,Irish
Ireland,2026,George Dockrell,1992-07-22,Right-handed,Orthodox spin,Irish
Ireland,2026,Matthew Humphreys,2002-09-28,Right-handed,Left-arm orthodox spin,
Ireland,2026,Josh Little,1999-11-01,Right-handed,Fast seam,Irish
Ireland,2026,Barry McCarthy,1992-09-13,Right-handed,Medium seam,Irish
Ireland,2026,Harry Tector,1999-11-06,Right-handed,Right-arm off break,Irish
Ireland,2026,Tim Tector,2003-03-07,Right-handed,Right-arm off break,
Ireland,2026,Lorcan Tucker,1996-09-10,Right-handed,,Irish
Ireland,2026,Sam Topping,2005-05-06,Left-handed,,
Ireland,2026,Ben White,1998-08-29,Right-handed,Right-arm leg break,
Ireland,2026,Craig Young,1990-04-04,Right-handed,Fast seam,Irish
Oman,2026,Jatinder Singh,1989-03-05,Right-handed,Off spin,Omani
Oman,2026,Vinayak Shukla,1994-06-18,Right-handed,,
Oman,2026,Mohammad Nadeem,1982-09-04,Right-handed,Medium seam,Omani
Oman,2026,Shakeel Ahmad,1988-02-04,Left-handed,Slow left-arm orthodox,
Oman,2026,Hammad Mirza,1998-05-12,Right-handed,,
Oman,2026,Wasim Ali,1998-12-07,Left-handed,Slow left-arm orthodox,
Oman,2026,Karan Sonavale,1994-12-06,Right-handed,Right-arm off break,
Oman,2026,Shah Faisal,1997-01-05,Left-handed,Left-arm medium fast,
Oman,2026,Nadeem Khan,2001-06-01,Left-handed,Left-arm wrist spin,
Oman,2026,Sufyan Mehmood,1991-10-21,Left-handed,Right-arm medium,
Oman,2026,Jay Odedra,1989-11-05,Right-handed,Right-arm off break,
Oman,2026,Shafiq Jan,1994-02-02,Right-handed,Right-arm medium,
Oman,2026,Ashish Odedara,1991-10-24,Right-handed,Left-arm wrist spin,
Oman,2026,Jiten Ramanandi,1994-09-15,Left-handed,Left-arm medium,
Oman,2026,Aamir Kaleem,1981-11-20,Left-handed,Orthodox spin,Omani
England,2026,Harry Brook,1999-02-22,Right-handed,Right-arm medium,
England,2026,Rehan Ahmed,2004-08-13,Right-handed,Right-arm leg break,
England,2026,Jofra Archer,1995-04-01,Right-handed,Fast seam,English
England,2026,Tom Banton,1998-11-11,Right-handed,,
England,2026,Jacob Bethell,2003-10-23,Left-handed,Slow left-arm orthodox,
England,2026,Jos Buttler,1990-09-08,Right-handed,Wicket-keeper,English
England,2026,Sam Curran,1998-06-03,Left-handed,Medium seam,English
England,2026,Liam Dawson,1990-03-01,Right-handed,Left-arm orthodox,English
England,2026,Ben Duckett,1994-10-17,Left-handed,,English
England,2026,Will Jacks,1998-11-21,Right-handed,Right-arm off spin,
England,2026,Jamie Overton,1994-04-10,Right-handed,Right-arm fast,
England,2026,Adil Rashid,1988-02-17,Right-handed,Leg spin,English
England,2026,Phil Salt,1996-08-28,Right-handed,,
England,2026,Josh Tongue,1997-11-15,Right-handed,Right-arm fast medium,
England,2026,Luke Wood,1995-08-02,Left-handed,Left-arm fast medium,
West Indies,2026,Shai Hope,1993-11-10,Right-handed,Right-arm medium,West Indian
West Indies,2026,Shimron Hetmyer,1996-12-26,Left-handed,Right-arm leg spin,West Indian
West Indies,2026,Johnson Charles,1989-01-14,Right-handed,Left-arm orthodox,West Indian
West Indies,2026,Roston Chase,1992-03-22,Right-handed,Off spin,West Indian
West Indies,2026,Matthew Forde,2002-04-29,Right-handed,Right-arm medium,
West Indies,2026,Jason Holder,1991-11-05,Right-handed,Medium seam,West Indian
West Indies,2026,Akeal Hosein,1993-04-25,Left-handed,Orthodox spin,West Indian
West Indies,2026,Shamar Joseph,1999-08-31,Left-handed,Right-arm fast,
West Indies,2026,Brandon King,1994-12-16,Right-handed,,West Indian
West Indies,2026,Gudakesh Motie,1995-03-29,Left-handed,Slow left-arm orthodox,
West Indies,2026,Rovman Powell,1993-07-23,Right-handed,Medium seam,West Indian
West Indies,2026,Sherfane Rutherford,1998-08-15,Left-handed,Right-arm medium-fast,
West Indies,2026,Quentin Sampson,2000-08-04,Right-handed,Right-arm medium fast,
West Indies,2026,Jayden Seales,2001-09-10,Left-handed,Right-arm medium fast,
West Indies,2026,Romario Shepherd,1994-11-26,Right-handed,Medium seam,West Indian
Italy,2026,Wayne Madsen,1984-01-02,Right-handed,Right-arm off break,
Italy,2026,Marcus Campopiano,1995-02-21,Right-handed,Right-arm off break,
Italy,2026,Gian Piero Meade,1996-03-19,Right-handed,Right-arm medium fast,
Italy,2026,Zain Ali,2001-12-07,Right-handed,Right-arm medium,
Italy,2026,Ali Hasan,2002-10-29,Left-handed,Left-arm fast medium,
Italy,2026,Crishan Jorge Kalugamage,1991-06-16,Right-handed,Right-arm leg break,
Italy,2026,Harry Manenti,2000-10-05,Right-handed,Right-arm medium fast,
Italy,2026,Anthony Mosca,1991-08-21,Right-handed,,
Italy,2026,Justin Mosca,1994-11-15,Left-handed,,
Italy,2026,Syed Naqvi,2002-02-02,Right-handed,Right-arm medium fast,
Italy,2026,Benjamin Manenti,1997-03-23,Right-handed,Right-arm off break,
Italy,2026,Jaspreet Singh,1993-06-09,Right-handed,Right-arm fast medium,
Italy,2026,JJ Smuts,1988-09-21,Right-handed,Slow left-arm orthodox,
Italy,2026,Grant Stewart,1994-02-19,Right-handed,Right-arm medium fast,
Italy,2026,Thomas Draca,2000-10-23,Right-handed,Right-arm medium,
Nepal,2026,Rohit Paudel,2002-09-02,Right-handed,Medium seam,Nepalese
Nepal,2026,Dipendra Singh Airee,2000-01-24,Right-handed,Medium seam,Nepalese
Nepal,2026,Sandeep Lamichhane,2000-08-14,Right-handed,Leg spin,Nepalese
Nepal,2026,Kushal Bhurtel,1997-01-22,Right-handed,Medium seam,NP
Nepal,2026,Aasif Sheikh,2001-01-22,Right-handed,,NP
Nepal,2026,Sundeep Jora,2001-10-20,Right-handed,,Nepalese
Nepal,2026,Aarif Sheikh,1998-10-04,Right-handed,Right-arm medium,
Nepal,2026,Basir Ahamad,2003-09-11,Left-handed,Slow left-arm orthodox,
Nepal,2026,Sompal Kami,1996-02-02,Right-handed,Right-arm medium-fast,Nepalese
Nepal,2026,Karan KC,1991-10-10,Right-handed,Fast seam,Nepalese
Nepal,2026,Nandan Yadav,2000-07-27,Right-handed,Right-arm medium-fast,
Nepal,2026,Gulshan Jha,2006-02-17,Left-handed,Right-arm medium,
Nepal,2026,Lalit Rajbanshi,1999-02-27,Right-handed,Orthodox spin,Nepalese
Nepal,2026,Sher Malla,2002-12-01,Left-handed,Right-arm off break,
Nepal,2026,Lokesh Bam,2000-12-19,Right-handed,Right-arm medium,
Scotland,2026,Richie Berrington,1987-04-03,Right-handed,Right-arm medium,SCO
Scotland,2026,Tom Bruce,1991-08-02,Right-handed,Right-arm off break,
Scotland,2026,Matthew Cross,1992-10-15,Right-handed,Wicket-keeper,SCO
Scotland,2026,Bradley Currie,1998-11-08,Right-handed,Left-arm medium fast,
Scotland,2026,Oliver Davidson,2004-07-28,Left-handed,Slow left-arm orthodox,
Scotland,2026,Chris Greaves,1990-10-12,Right-handed,Right-arm leg break,
Scotland,2026,Zainullah Ihsan,2006-03-28,Right-handed,Right-arm medium,
Scotland,2026,Michael Jones,1998-01-05,Right-handed,Off spin,Scottish
Scotland,2026,Michael Leask,1990-10-29,Right-handed,Off spin,Scottish
Scotland,2026,Finlay McCreath,1998-10-16,Right-handed,Right-arm medium fast,
Scotland,2026,Brandon McMullen,1999-10-18,Right-handed,Right-arm fast-medium,
Scotland,2026,George Munsey,1993-02-21,Left-handed,Medium seam,Scottish
Scotland,2026,Jack Jarvis,2003-05-29,Right-handed,Right-arm medium-fast,
Scotland,2026,Mark Watt,1996-07-29,Left-handed,Orthodox spin,Scottish
Scotland,2026,Bradley Wheal,1996-08-28,Right-handed,Right-arm fast medium,
South Africa,2026,Aiden Markram,1994-10-04,Right-handed,Off spin,South African
South Africa,2026,Corbin Bosch,1994-09-10,Right-handed,Right-arm fast medium,
South Africa,2026,Dewald Brevis,2003-04-29,Right-handed,Right-arm leg break,
South Africa,2026,Quinton de Kock,1992-12-17,Left-handed,Wicket-keeper,South African
South Africa,2026,Marco Jansen,2000-05-01,Right-handed,Left-arm fast,
South Africa,2026,George Linde,1991-12-04,Left-handed,Slow left-arm orthodox,
South Africa,2026,Keshav Maharaj,1990-02-07,Right-handed,Orthodox spin,South African
South Africa,2026,Kwena Maphaka,2006-04-08,Left-handed,Left-arm fast,
South Africa,2026,David Miller,1989-06-10,Left-handed,Off spin,South African
South Africa,2026,Lungi Ngidi,1996-03-29,Right-handed,Fast seam,South African
South Africa,2026,Anrich Nortje,1993-11-16,Right-handed,Fast seam,South African
South Africa,2026,Kagiso Rabada,1995-05-25,Left-handed,Fast seam,South African
South Africa,2026,Ryan Rickelton,1996-07-11,Left-handed,Slow left-arm orthodox,
South Africa,2026,Jason Smith,1994-10-11,Right-handed,Right-arm medium fast,
South Africa,2026,Tristan Stubbs,2000-08-14,Right-handed,Right-arm off spin,
New Zealand,2026,Mitchell Santner,1992-02-05,Left-handed,Orthodox spin,New Zealander
New Zealand,2026,Finn Allen,1999-04-22,Right-handed,Right-arm off spin,
New Zealand,2026,Mark Chapman,1994-06-27,Left-handed,Slow left-arm orthodox,
New Zealand,2026,Devon Conway,1991-07-08,Left-handed,Medium seam,New Zealander
New Zealand,2026,Jacob Duffy,1994-08-02,Right-handed,Right-arm fast-medium,
New Zealand,2026,Lockie Ferguson,1991-06-13,Right-handed,Fast seam,New Zealander
New Zealand,2026,Matt Henry,1991-12-14,Right-handed,Fast seam,New Zealander
New Zealand,2026,Kyle Jamieson,1994-12-30,Right-handed,Medium seam,New Zealander
New Zealand,2026,Daryl Mitchell,1983-11-25,Right-handed,Medium seam,English
New Zealand,2026,James Neesham,1990-09-17,Left-handed,Right-arm medium-fast,
New Zealand,2026,Glenn Phillips,1996-12-06,Right-handed,Right-arm off spin,
New Zealand,2026,Rachin Ravindra,1999-11-18,Left-handed,Slow left-arm orthodox,
New Zealand,2026,Tim Seifert,1994-12-14,Right-handed,,New Zealander
New Zealand,2026,Ish Sodhi,1992-10-31,Right-handed,Leg spin,New Zealander
New Zealand,2026,Cole McConchie,1992-01-12,Right-handed,Right-arm off spin,
Afghanistan,2026,Rashid Khan,1959-12-15,Right-handed,Right-arm leg spin,Pakistani
Afghanistan,2026,Noor Ahmad,2005-01-03,Left-handed,Left-arm unorthodox spin,
Afghanistan,2026,Abdullah Ahmadzai,2003-06-26,Right-handed,Right-arm medium-fast,
Afghanistan,2026,Sediqullah Atal,2001-08-12,Left-handed,,
Afghanistan,2026,Fazalhaq Farooqi,2000-09-22,Right-handed,Left-arm fast-medium,
Afghanistan,2026,Rahmanullah Gurbaz,2001-11-28,Right-handed,Medium seam,Afghan
Afghanistan,2026,Mohammad Ishaq Rahimi,2005-02-01,Right-handed,,
Afghanistan,2026,Shahidullah Kamal,1999-02-06,Left-handed,Slow left-arm orthodox,
Afghanistan,2026,Mohammad Nabi,1985-01-01,Right-handed,Off spin,Afghan
Afghanistan,2026,Gulbadin Naib,1991-03-16,Right-handed,Medium seam,Afghan
Afghanistan,2026,Azmatullah Omarzai,2000-03-24,Right-handed,Right-arm medium-fast,
Afghanistan,2026,Mujeeb Ur Rahman,2001-03-28,Right-handed,Off spin,Afghan
Afghanistan,2026,Darwish Rasooli,1999-12-12,Right-handed,Right-arm off break,
Afghanistan,2026,Ibrahim Zadran,2001-12-12,Right-handed,Medium seam,Afghan
Afghanistan,2026,Zia Ur Rahman Sharifi,1998-10-17,Right-handed,Right-arm medium-fast,
Canada,2026,Dilpreet Bajwa,2001-01-04,Right-handed,Right-arm off break,
Canada,2026,Ajayveer Hundal,2005-09-09,Right-handed,Right-arm medium,
Canada,2026,Ansh Patel,2002-02-19,Right-handed,Left-arm chinaman,
Canada,2026,Dilon Heyliger,1989-10-21,Right-handed,Right-arm medium fast,
Canada,2026,Harsh Thaker,1997-10-24,Right-handed,Right-arm off break,
Canada,2026,Jaskarandeep Singh,1989-09-04,Right-handed,Right-arm medium fast,
Canada,2026,Kaleem Sana,1994-01-01,Right-handed,Left-arm medium fast,CA
Canada,2026,Kanwarpal Tathgur,1993-08-05,Right-handed,,
Canada,2026,Navneet Dhaliwal,1988-10-10,Right-handed,Right-arm medium,
Canada,2026,Nicholas Kirton,1998-05-06,Left-handed,Medium seam,CA
Canada,2026,Ravinderpal Singh,1988-10-14,Right-handed,Right-arm medium,CA
Canada,2026,Saad Bin Zafar,1986-11-10,Left-handed,Slow left-arm orthodox,CA
Canada,2026,Shivam Sharma,1998-03-27,Right-handed,Right-arm off break,
Canada,2026,Shreyas Movva,1993-09-04,Right-handed,,
Canada,2026,Yuvraj Samra,2006-09-29,Left-handed,Right-arm medium,
UAE,2026,Muhammad Waseem,1994-02-12,Right-handed,Right-arm medium,
UAE,2026,Alishan Sharafu,2003-01-10,Right-handed,Medium seam,
UAE,2026,Aryansh Sharma,2004-12-03,Right-handed,,
UAE,2026,Dhruv Parashar,2004-12-20,Right-handed,Right-arm off spin,
UAE,2026,Haider Ali,1994-07-05,Right-handed,Medium seam,
UAE,2026,Harshit Kaushik,1996-09-19,Left-handed,Slow left-arm orthodox,
UAE,2026,Junaid Siddique,1987-10-30,Left-handed,Right-arm medium fast,
UAE,2026,Mayank Kumar,1997-02-05,Right-handed,,
UAE,2026,Muhammad Arfan,1993-05-01,Left-handed,Right-arm medium,
UAE,2026,Muhammad Farooq,1992-10-05,Right-handed,Right-arm leg break,
UAE,2026,Muhammad Jawadullah,1999-03-12,Left-handed,Left-arm fast medium,
UAE,2026,Muhammad Zohaib,1998-10-05,Left-handed,Right-arm off break,
UAE,2026,Rohid Khan,2002-09-29,Right-handed,Left-arm medium fast,
UAE,2026,Sohaib Khan,2001-04-26,Right-handed,,
UAE,2026,Simranjeet Singh,1989-11-13,Left-handed,Slow left-arm orthodox,
