Tournament,Year,Team,Player,DOB,Batting_Style,Bowling_Style,First_Class_Team
ODI World Cup,1975,Australia,Alan Hurst,15 July 1950,Right-handed,Right-arm fast,Victoria
ODI World Cup,1975,Australia,Alan Turner,23 July 1950,Left-handed,-,New South Wales
ODI World Cup,1975,Australia,Ashley Mallett,13 July 1945,Right-handed,Right-arm offbreak,South Australia
ODI World Cup,1975,Australia,Bruce Laird,21 November 1950,Right-handed,-,Western Australia
ODI World Cup,1975,Australia,Dennis Lillee,18 July 1949,Right-handed,Right-arm fast,Western Australia
ODI World Cup,1975,Australia,Doug Walters,21 December 1945,Right-handed,Right-arm medium,New South Wales
ODI World Cup,1975,Australia,Gary Gilmour,26 June 1951,Left-handed,Left-arm fast medium,New South Wales
ODI World Cup,1975,Australia,Greg Chappell (vc),7 August 1948,Right-handed,Right-arm medium,Queensland
ODI World Cup,1975,Australia,Ian Chappell (c),26 September 1943,Right-handed,Right-arm leg spin,South Australia
ODI World Cup,1975,Australia,Jeff Thomson,16 August 1950,Right-handed,Right-arm fast,Queensland
ODI World Cup,1975,Australia,Max Walker,12 September 1948,Right-handed,Right-arm fast-medium,Victoria
ODI World Cup,1975,Australia,Rick McCosker,11 December 1946,Right-handed,Right-arm legbreak,New South Wales
ODI World Cup,1975,Australia,Rod Marsh (wk),4 November 1947,Left-handed,Wicket-keeper,Western Australia
ODI World Cup,1975,Australia,Ross Edwards,1 December 1942,Right-handed,Wicket-keeper,Western Australia
ODI World Cup,1975,East Africa,Don Pringle,1 May 1932,Right-handed,Right-arm medium,Kenya
ODI World Cup,1975,East Africa,Frasat Ali,31 July 1949,Right-handed,Right-arm medium,Kenya
ODI World Cup,1975,East Africa,Hamish McLeod (wk),,Left-handed,Wicket-keeper,Zambia
ODI World Cup,1975,East Africa,Harilal Shah (c),14 April 1943,Right-handed,Right-arm medium,Kenya
ODI World Cup,1975,East Africa,Jawahir Shah,1942,Right-handed,-,Kenya
ODI World Cup,1975,East Africa,John Nagenda,25 April 1938,Right-handed,Right-arm fast-medium,Uganda
ODI World Cup,1975,East Africa,Mehmood Quaraishy,4 February 1942,Right-handed,-,Kenya
ODI World Cup,1975,East Africa,Parbhu Nana,17 August 1933,Right-handed,Left-arm orthodox spin,Zambia
ODI World Cup,1975,East Africa,Praful Mehta (wk),1941,Left-handed,Wicket-keeper,Tanzania
ODI World Cup,1975,East Africa,Ramesh Sethi,4 September 1941,Right-handed,Right-arm offbreak,Kenya
ODI World Cup,1975,East Africa,Samuel Walusimbi,1948,Right-handed,Left-arm medium,Uganda
ODI World Cup,1975,East Africa,Shiraz Sumar,1950,Right-handed,-,Tanzania
ODI World Cup,1975,East Africa,Yunus Badat,1943,Right-handed,-,Zambia
ODI World Cup,1975,East Africa,Zulfiqar Ali,1947,Right-handed,Right-arm medium,Kenya
ODI World Cup,1975,England,Alan Knott (wk),9 April 1946,Right-handed,Wicket-keeper,Kent
ODI World Cup,1975,England,Barry Wood,26 December 1942,Right-handed,Right-arm medium,Lancashire
ODI World Cup,1975,England,Bob Woolmer,14 May 1948,Right-handed,Right-arm medium,Kent
ODI World Cup,1975,England,Chris Old,22 December 1948,Left-handed,Right-arm fast-medium,Yorkshire
ODI World Cup,1975,England,Dennis Amiss,7 April 1943,Right-handed,-,Warwickshire
ODI World Cup,1975,England,Derek Underwood,8 June 1945,Right-handed,Left-arm orthodox spin,Kent
ODI World Cup,1975,England,Frank Hayes,6 December 1946,Right-handed,Right-arm medium,Lancashire
ODI World Cup,1975,England,Geoff Arnold,3 September 1944,Right-handed,Right-arm fast-medium,Surrey
ODI World Cup,1975,England,John Jameson (wk),30 June 1941,Right-handed,Wicket-keeper,Warwickshire
ODI World Cup,1975,England,John Snow,13 October 1941,Right-handed,Right-arm fast-medium,Sussex
ODI World Cup,1975,England,Keith Fletcher,20 May 1944,Right-handed,Right-arm legbreak,Essex
ODI World Cup,1975,England,Mike Denness (c),1 December 1940,Right-handed,-,Kent
ODI World Cup,1975,England,Peter Lever,17 September 1940,Right-handed,Right-arm fast-medium,Lancashire
ODI World Cup,1975,England,Tony Greig,6 October 1946,Right-handed,Right-arm medium,Sussex
ODI World Cup,1975,India,Anshuman Gaekwad,23 September 1952,Right-handed,Right-arm offbreak,Baroda
ODI World Cup,1975,India,Bishen Singh Bedi (vc),25 September 1946,Right-handed,Left-arm slow orthodox,Delhi
ODI World Cup,1975,India,Brijesh Patel,24 November 1952,Right-handed,Right-arm offbreak,Karnataka
ODI World Cup,1975,India,Eknath Solkar,19 March 1948,Left-handed,Left-arm slow orthodox,Bombay
ODI World Cup,1975,India,Farokh Engineer (wk),25 February 1938,Right-handed,Wicket-keeper,Bombay
ODI World Cup,1975,India,Gundappa Viswanath,12 February 1949,Right-handed,Right-arm legbreak,Karnataka
ODI World Cup,1975,India,Karsan Ghavri,28 February 1951,Left-handed,Left-arm medium,Bombay
ODI World Cup,1975,India,Madan Lal,20 March 1951,Right-handed,Right-arm medium,Delhi
ODI World Cup,1975,India,Mohinder Amarnath,24 September 1950,Right-handed,Right-arm medium,Delhi
ODI World Cup,1975,India,Parthasarathy Sharma,5 January 1948,Right-handed,Right-arm medium,Rajasthan
ODI World Cup,1975,India,Srinivasaraghavan Venkataraghavan (c),21 April 1945,Right-handed,Right-arm offbreak,Tamil Nadu
ODI World Cup,1975,India,Sunil Gavaskar,10 July 1949,Right-handed,Right-arm medium/offbreak,Bombay
ODI World Cup,1975,India,Syed Abid Ali,9 September 1941,Right-handed,Right-arm medium-fast,Hyderabad
ODI World Cup,1975,India,Syed Kirmani (wk),29 December 1949,Right-handed,Wicket-keeper,Karnataka
ODI World Cup,1975,New Zealand,Barry Hadlee,14 December 1941,Right-handed,-,Canterbury
ODI World Cup,1975,New Zealand,Brian Hastings,23 March 1940,Right-handed,Right-arm legbreak googly,Canterbury
ODI World Cup,1975,New Zealand,Brian McKechnie,6 November 1953,Right-handed,Right-arm fast-medium,Otago
ODI World Cup,1975,New Zealand,David O'Sullivan,21 February 1951,Right-handed,Slow left-arm orthodox,Central Districts
ODI World Cup,1975,New Zealand,Dayle Hadlee,6 January 1948,Right-handed,Right-arm medium-fast,Canterbury
ODI World Cup,1975,New Zealand,Geoff Howarth,29 March 1951,Right-handed,Right-arm offbreak,Northern Districts
ODI World Cup,1975,New Zealand,Glenn Turner (c),26 May 1947,Right-handed,Right-arm offbreak,Otago
ODI World Cup,1975,New Zealand,Hedley Howarth,25 December 1943,Left-handed,Left-arm orthodox spin,Auckland
ODI World Cup,1975,New Zealand,John Morrison,27 August 1947,Right-handed,Left-arm orthodox spin,Wellington
ODI World Cup,1975,New Zealand,John Parker,21 February 1951,Right-handed,Right-arm legbreak,Northern Districts
ODI World Cup,1975,New Zealand,Ken Wadsworth (wk),30 November 1946,Right-handed,Wicket-keeper,Central Districts
ODI World Cup,1975,New Zealand,Lance Cairns,10 October 1949,Right-handed,Right-arm medium-fast,Otago
ODI World Cup,1975,New Zealand,Richard Collinge,2 April 1946,Right-handed,Left-arm medium-fast,Wellington
ODI World Cup,1975,New Zealand,Richard Hadlee,3 July 1951,Left-handed,Right-arm fast,Canterbury
ODI World Cup,1975,Pakistan,Asif Iqbal (c),6 July 1943,Right-handed,Right-arm medium,Karachi
ODI World Cup,1975,Pakistan,Asif Masood,23 January 1946,Right-handed,Right-arm medium-fast,PIA
ODI World Cup,1975,Pakistan,Imran Khan,5 October 1952,Right-handed,Right-arm fast,PIA
ODI World Cup,1975,Pakistan,Javed Miandad,12 June 1957,Right-handed,Right-arm legbreak,Habib Bank
ODI World Cup,1975,Pakistan,Majid Khan (vc),28 September 1946,Right-handed,Right-arm medium/offbreak,Rawalpindi
ODI World Cup,1975,Pakistan,Mushtaq Mohammad,22 November 1943,Right-handed,Right-arm legbreak,Karachi
ODI World Cup,1975,Pakistan,Naseer Malik,1 February 1950,Right-handed,Right-arm medium-fast,Karachi
ODI World Cup,1975,Pakistan,Pervez Mir,24 September 1953,Right-handed,Right-arm medium-fast,Lahore
ODI World Cup,1975,Pakistan,Sadiq Mohammad,3 May 1945,Left-handed,Right-arm legbreak,Karachi
ODI World Cup,1975,Pakistan,Sarfraz Nawaz,1 December 1948,Right-handed,Right-arm fast-medium,Lahore
ODI World Cup,1975,Pakistan,Shafiq Ahmed,28 March 1949,Right-handed,Right-arm fast-medium,Lahore
ODI World Cup,1975,Pakistan,Wasim Bari (wk),23 March 1948,Right-handed,Wicket-keeper,Karachi
ODI World Cup,1975,Pakistan,Wasim Raja,3 July 1952,Left-handed,Right-arm legbreak,Lahore
ODI World Cup,1975,Pakistan,Zaheer Abbas,24 July 1947,Right-handed,Right-arm offbreak,Karachi
ODI World Cup,1975,Sri Lanka,Ajit de Silva,12 December 1952,Left-handed,Left-arm orthodox spin,Bloomfield
ODI World Cup,1975,Sri Lanka,Anura Ranasinghe,13 October 1956,Right-handed,Left-arm orthodox spin,Burgher
ODI World Cup,1975,Sri Lanka,Anura Tennekoon (c),29 October 1946,Right-handed,Left-arm orthodox spin,Sinhalese SC
ODI World Cup,1975,Sri Lanka,Bandula Warnapura,1 March 1953,Right-handed,Right-arm medium,Bloomfield
ODI World Cup,1975,Sri Lanka,David Heyn,26 June 1945,Left-handed,Right-arm medium,Nondescripts
ODI World Cup,1975,Sri Lanka,Dennis Chanmugam,13 August 1948,Right-handed,Right-arm medium,Sinhalese SC
ODI World Cup,1975,Sri Lanka,Duleep Mendis,25 August 1952,Right-handed,-,Sinhalese SC
ODI World Cup,1975,Sri Lanka,Lalith Kaluperuma,25 June 1949,Right-handed,Right-arm offbreak,Bloomfield
ODI World Cup,1975,Sri Lanka,Mevan Pieris,16 February 1946,Left-handed,Right-arm fast-medium,Sinhalese SC
ODI World Cup,1975,Sri Lanka,Michael Tissera,23 March 1939,Right-handed,Right-arm legbreak,Colombo CC
ODI World Cup,1975,Sri Lanka,Ranjit Fernando (wk),22 February 1944,Right-handed,Wicket-keeper,Nondescripts
ODI World Cup,1975,Sri Lanka,Somachandra de Silva,11 June 1942,Right-handed,Right-arm legbreak,Bloomfield
ODI World Cup,1975,Sri Lanka,Sunil Wettimuny,2 February 1949,Right-handed,Wicket-keeper,Sinhalese SC
ODI World Cup,1975,Sri Lanka,Tony Opatha,5 August 1947,Right-handed,Right-arm medium,Colombo CC
ODI World Cup,1975,West Indies,Alvin Kallicharran,21 March 1949,Left-handed,Right-arm offbreak,Guyana
ODI World Cup,1975,West Indies,Andy Roberts,29 January 1951,Right-handed,Right-arm fast,Leeward Islands
ODI World Cup,1975,West Indies,Bernard Julien,13 March 1950,Right-handed,Left-arm medium-fast,Trinidad & Tobago
ODI World Cup,1975,West Indies,Clive Lloyd (c),31 August 1944,Left-handed,Right-arm medium,Guyana
ODI World Cup,1975,West Indies,Collis King,11 June 1951,Right-handed,Right-arm medium,Barbados
ODI World Cup,1975,West Indies,Deryck Murray (wk),20 May 1943,Right-handed,Wicket-keeper,Trinidad & Tobago
ODI World Cup,1975,West Indies,Gordon Greenidge,1 May 1951,Right-handed,Right-arm medium,Barbados
ODI World Cup,1975,West Indies,Keith Boyce,11 October 1943,Right-handed,Right-arm fast-medium,Barbados
ODI World Cup,1975,West Indies,Lance Gibbs,29 September 1934,Right-handed,Right-arm offbreak,Guyana
ODI World Cup,1975,West Indies,Maurice Foster,9 May 1943,Right-handed,Right-arm offbreak,Jamaica
ODI World Cup,1975,West Indies,Rohan Kanhai,26 December 1935,Right-handed,Right-arm medium,Guyana
ODI World Cup,1975,West Indies,Roy Fredericks,11 November 1942,Left-handed,Slow left-arm wrist-spin,Guyana
ODI World Cup,1975,West Indies,Vanburn Holder,10 October 1945,Right-handed,Right-arm fast-medium,Barbados
ODI World Cup,1975,West Indies,Viv Richards,7 March 1952,Right-handed,Right-arm offbreak,Leeward Islands
ODI World Cup,1979,Australia,Alan Hurst,15 July 1950,Right hand,Right arm fast,Victoria
ODI World Cup,1979,Australia,Allan Border,27 July 1955,Left hand,Left arm orthodox spin,Queensland
ODI World Cup,1979,Australia,Andrew Hilditch,20 May 1956,Right hand,Right arm medium,South Australia
ODI World Cup,1979,Australia,Dav Whatmore,16 March 1954,Right hand,-,Victoria
ODI World Cup,1979,Australia,Gary Cosier,25 April 1953,Right hand,Right arm medium,South Australia
ODI World Cup,1979,Australia,Geoff Dymock,21 July 1945,Left hand,Left arm fast-medium,Queensland
ODI World Cup,1979,Australia,Graeme Porter,18 March 1955,Right hand,Right hand medium,Western Australia
ODI World Cup,1979,Australia,Graham Yallop,7 October 1952,Left hand,Left arm medium,Victoria
ODI World Cup,1979,Australia,Jeff Moss,29 June 1947,Left hand,-,Victoria
ODI World Cup,1979,Australia,Kevin Wright (wk),27 December 1953,Right hand,Wicket-keeper,Western Australia
ODI World Cup,1979,Australia,Kim Hughes (c),26 January 1954,Right hand,Right arm medium,Western Australia
ODI World Cup,1979,Australia,Rick Darling,1 May 1957,Right hand,-,South Australia
ODI World Cup,1979,Australia,Rodney Hogg,5 March 1951,Right hand,Right hand fast,South Australia
ODI World Cup,1979,Australia,Trevor Laughlin,30 January 1951,Left hand,Right arm medium,Victoria
ODI World Cup,1979,Canada,Bryan Mauricette (c) (wk),4 September 1946,Right hand,Wicket-keeper,Canada
ODI World Cup,1979,Canada,Cecil Marshall,13 September 1939,Right hand,Right arm medium,Canada
ODI World Cup,1979,Canada,Charles Baksh,15 March 1940,Right hand,-,Canada
ODI World Cup,1979,Canada,Christopher Chappell,17 July 1955,Right hand,-,Canada
ODI World Cup,1979,Canada,Cornelius Henry,16 September 1956,Right hand,Right arm medium,Canada
ODI World Cup,1979,Canada,Franklyn Dennis,26 September 1947,Right hand,-,Canada
ODI World Cup,1979,Canada,Garnet Brisbane,31 December 1938,Right hand,Left arm orthodox spin,Canada
ODI World Cup,1979,Canada,Glenroy Sealy,11 June 1940,Right hand,Right arm medium,Canada
ODI World Cup,1979,Canada,Jitendra Patel,26 November 1945,Left hand,Left arm orthodox spin,Canada
ODI World Cup,1979,Canada,John Valentine,20 September 1954,Left hand,Left arm medium,Canada
ODI World Cup,1979,Canada,John Vaughan,8 June 1945,Right hand,Right arm medium-fast,Canada
ODI World Cup,1979,Canada,Martin Stead,1 June 1958,Right hand,Right arm medium,Canada
ODI World Cup,1979,Canada,Robert Callender,2 November 1950,Right hand,Right arm medium-fast,Canada
ODI World Cup,1979,Canada,Tariq Javed,12 June 1949,Right hand,Right arm leg-break,Canada
ODI World Cup,1979,England,Bob Taylor (wk),17 July 1941,Right hand,Wicket-keeper,Derbyshire
ODI World Cup,1979,England,Bob Willis,30 May 1949,Right hand,Right arm fast,Warwickshire
ODI World Cup,1979,England,Chris Old,22 December 1948,Left hand,Right arm fast-medium,Yorkshire
ODI World Cup,1979,England,David Gower,1 April 1957,Left hand,Right arm off-break,Leicestershire
ODI World Cup,1979,England,Derek Randall,24 February 1951,Right hand,Right arm medium,Nottinghamshire
ODI World Cup,1979,England,Geoff Miller,8 September 1952,Right hand,Right arm off-break,Derbyshire
ODI World Cup,1979,England,Geoffrey Boycott,21 October 1940,Right hand,Right arm medium,Yorkshire
ODI World Cup,1979,England,Graham Gooch,23 July 1953,Right hand,Right arm medium,Essex
ODI World Cup,1979,England,Ian Botham,24 November 1955,Right hand,Right arm fast-medium,Somerset
ODI World Cup,1979,England,Mike Brearley (c),28 April 1942,Right hand,Wicket-keeper,Middlesex
ODI World Cup,1979,England,Mike Gatting,6 June 1957,Right hand,Right arm medium,Middlesex
ODI World Cup,1979,England,Mike Hendrick,22 October 1948,Right hand,Right arm fast-medium,Derbyshire
ODI World Cup,1979,England,Phil Edmonds,8 March 1951,Right hand,Left arm orthodox spin,Middlesex
ODI World Cup,1979,England,Wayne Larkins,22 November 1953,Right hand,Right arm medium,Northamptonshire
ODI World Cup,1979,India,Anshuman Gaekwad,23 September 1952,Right hand,Right arm offbreak,Baroda
ODI World Cup,1979,India,Bharath Reddy,12 November 1954,Right hand,Wicket-keeper,Tamil Nadu
ODI World Cup,1979,India,Bishan Singh Bedi,25 September 1946,Right hand,Left arm slow orthodox,Delhi
ODI World Cup,1979,India,Brijesh Patel,24 November 1952,Right hand,Right arm offbreak,Karnataka
ODI World Cup,1979,India,Dilip Vengsarkar,6 April 1956,Right hand,Right arm medium,Bombay
ODI World Cup,1979,India,Gundappa Viswanath,12 February 1949,Right hand,Right arm legbreak,Karnataka
ODI World Cup,1979,India,Kapil Dev,6 January 1959,Right hand,Right arm fast-medium,Haryana
ODI World Cup,1979,India,Karsan Ghavri,28 February 1951,Left hand,Left arm medium,Bombay
ODI World Cup,1979,India,Mohinder Amarnath,24 September 1950,Right hand,Right arm medium,Delhi
ODI World Cup,1979,India,Srinivasaraghavan Venkataraghavan (c),21 April 1945,Right hand,Right arm offbreak,Tamil Nadu
ODI World Cup,1979,India,Sunil Gavaskar (vc),10 July 1949,Right hand,Right arm medium/offbreak,Bombay
ODI World Cup,1979,India,Surinder Khanna (wk),3 June 1956,Right hand,Wicket-keeper,Delhi
ODI World Cup,1979,India,Yajurvindra Singh,1 August 1952,Right hand,Right arm medium,Maharashtra
ODI World Cup,1979,India,Yashpal Sharma,11 August 1954,Right hand,Right arm medium,Punjab
ODI World Cup,1979,New Zealand,Brian McKechnie,6 November 1953,Right hand,Right arm fast-medium,Otago
ODI World Cup,1979,New Zealand,Bruce Edgar,23 November 1956,Left hand,Wicket-keeper,Wellington
ODI World Cup,1979,New Zealand,Ewen Chatfield,3 July 1950,Right hand,Right arm medium-fast,Wellington
ODI World Cup,1979,New Zealand,Gary Troup,3 October 1952,Right hand,Left arm fast-medium,Auckland
ODI World Cup,1979,New Zealand,Geoff Howarth,29 March 1951,Right hand,Right arm offbreak,Auckland
ODI World Cup,1979,New Zealand,Glenn Turner,26 May 1947,Right hand,Right arm offbreak,Otago
ODI World Cup,1979,New Zealand,Jeremy Coney,21 June 1952,Right hand,Right arm medium,Wellington
ODI World Cup,1979,New Zealand,John Morrison,27 August 1947,Right hand,Left arm orthodox spin,Wellington
ODI World Cup,1979,New Zealand,John Wright,5 July 1954,Left hand,Right arm medium,Northern Districts
ODI World Cup,1979,New Zealand,Lance Cairns,10 October 1949,Right hand,Right arm medium-fast,Otago
ODI World Cup,1979,New Zealand,Mark Burgess (c),17 July 1944,Right hand,Right arm off-break,Auckland
ODI World Cup,1979,New Zealand,Richard Hadlee,3 July 1951,Left hand,Right arm fast,Canterbury
ODI World Cup,1979,New Zealand,Warren Lees (wk),19 March 1952,Right hand,Wicket-keeper,Otago
ODI World Cup,1979,New Zealand,Warren Stott,8 December 1946,Right hand,Right arm medium,Auckland
ODI World Cup,1979,Pakistan,Asif Iqbal (c),6 June 1943,Right hand,Right arm medium,Karachi
ODI World Cup,1979,Pakistan,Haroon Rashid,25 March 1953,Right hand,Right arm medium,Karachi
ODI World Cup,1979,Pakistan,Hasan Jamil,25 July 1952,Left hand,Left arm medium,PIA
ODI World Cup,1979,Pakistan,Imran Khan,25 November 1952,Right hand,Right arm fast,PIA
ODI World Cup,1979,Pakistan,Iqbal Qasim,6 August 1953,Left hand,Left arm orthodox spin,Karachi
ODI World Cup,1979,Pakistan,Javed Miandad,12 June 1957,Right hand,Right arm legbreak,Habib Bank
ODI World Cup,1979,Pakistan,Majid Khan,28 September 1946,Right hand,Right arm medium/offbreak,Rawalpindi
ODI World Cup,1979,Pakistan,Mudassar Nazar,6 April 1956,Right hand,Right arm medium,Lahore
ODI World Cup,1979,Pakistan,Sadiq Mohammad,3 May 1945,Left hand,Right arm legbreak,Karachi
ODI World Cup,1979,Pakistan,Sarfraz Nawaz,1 December 1948,Right hand,Right arm fast-medium,Lahore
ODI World Cup,1979,Pakistan,Sikander Bakht,25 August 1957,Right hand,Right arm medium-fast,Karachi
ODI World Cup,1979,Pakistan,Wasim Bari (wk),23 March 1948,Right hand,Wicket-keeper,Karachi
ODI World Cup,1979,Pakistan,Wasim Raja,3 July 1952,Left hand,Right arm legbreak,Lahore
ODI World Cup,1979,Pakistan,Zaheer Abbas,24 July 1947,Right hand,Right arm offbreak,Karachi
ODI World Cup,1979,Sri Lanka,Ajit de Silva,12 December 1952,Left hand,Left arm orthodox spin,BCAC
ODI World Cup,1979,Sri Lanka,Anura Tennekoon (c),29 October 1946,Right hand,Left arm orthodox spin,SSC
ODI World Cup,1979,Sri Lanka,Bandula Warnapura (vc),1 March 1953,Right hand,Right arm medium,BCAC
ODI World Cup,1979,Sri Lanka,Duleep Mendis,25 August 1952,Right hand,-,SSC
ODI World Cup,1979,Sri Lanka,Ranjan Gunatilleke,15 August 1951,Right hand,Right-arm medium,-
ODI World Cup,1979,Sri Lanka,Ranjan Madugalle,22 April 1959,Right hand,Right-arm offbreak,FFCC
ODI World Cup,1979,Sri Lanka,Rohan Jayasekara,7 December 1957,Right hand,Wicket-keeper,-
ODI World Cup,1979,Sri Lanka,Roy Dias,18 October 1952,Right hand,Right-arm offbreak,CCC
ODI World Cup,1979,Sri Lanka,Somachandra de Silva,11 June 1942,Right hand,Right arm legbreak,BCAC
ODI World Cup,1979,Sri Lanka,Stanley de Silva,17 November 1956,Right hand,Right arm fast-medium,-
ODI World Cup,1979,Sri Lanka,Sudath Pasqual,16 October 1961,Left-hand,Right-arm medium,RCC
ODI World Cup,1979,Sri Lanka,Sunil Jayasinghe (wk),15 July 1955,Right hand,,BCAC
ODI World Cup,1979,Sri Lanka,Sunil Wettimuny,2 February 1949,Right hand,Wicket-keeper,SSC
ODI World Cup,1979,Sri Lanka,Tony Opatha,5 August 1947,Right hand,Right arm medium,CCC
ODI World Cup,1979,West Indies,Alvin Kallicharran,21 March 1949,Left-hand,Right-arm offbreak,Guyana
ODI World Cup,1979,West Indies,Andy Roberts,29 January 1951,Right-hand,Right-arm fast,Leeward Islands
ODI World Cup,1979,West Indies,Clive Lloyd (c),31 August 1944,Left hand,Right-arm medium,Guyana
ODI World Cup,1979,West Indies,Colin Croft,15 March 1953,Right-hand,Right-arm fast,Guyana
ODI World Cup,1979,West Indies,Collis King,11 June 1951,Right-hand,Right-arm medium,Barbados
ODI World Cup,1979,West Indies,Deryck Murray (wk),20 May 1943,Right-hand,Legbreak,Trinidad and Tobago
ODI World Cup,1979,West Indies,Desmond Haynes,15 February 1956,Right-hand,Right-arm legbreak/medium pace,Barbados
ODI World Cup,1979,West Indies,Faoud Bacchus,31 January 1954,Right-hand,Right-arm medium,Guyana
ODI World Cup,1979,West Indies,Gordon Greenidge,1 May 1951,Right-hand,Right-arm medium/offbreak,Barbados
ODI World Cup,1979,West Indies,Joel Garner,16 December 1952,Right hand,Right-arm fast,Barbados
ODI World Cup,1979,West Indies,Larry Gomes,13 July 1953,Left-hand,Right-arm offbreak,Trinidad and Tobago
ODI World Cup,1979,West Indies,Malcolm Marshall,18 April 1958,Right-hand,Right-arm fast,Barbados
ODI World Cup,1979,West Indies,Michael Holding,16 February 1954,Right-hand,Right-arm fast,Jamaica
ODI World Cup,1979,West Indies,Viv Richards,7 March 1952,Right-hand,Right-arm medium/offbreak,Leeward Islands
ODI World Cup,1983,Australia,Allan Border,27 July 1955,Left-handed,Left-arm orthodox spin,Queensland
ODI World Cup,1983,Australia,David Hookes,3 May 1955,Left-handed,-,South Australia
ODI World Cup,1983,Australia,Dennis Lillee,18 July 1949,Right-handed,Right-arm fast,Western Australia
ODI World Cup,1983,Australia,Geoff Lawson,7 December 1957,Right-handed,Right-arm fast,New South Wales
ODI World Cup,1983,Australia,Graeme Wood,6 November 1956,Left-handed,Right-arm medium,Western Australia
ODI World Cup,1983,Australia,Graham Yallop,7 October 1952,Left-handed,Left-arm medium,Victoria
ODI World Cup,1983,Australia,Jeff Thomson,16 August 1950,Right-handed,Right-arm fast,Queensland
ODI World Cup,1983,Australia,Ken MacLeay,2 April 1959,Right-handed,Right-arm medium,Western Australia
ODI World Cup,1983,Australia,Kepler Wessels,14 September 1957,Left-handed,Right-arm off-break,Queensland
ODI World Cup,1983,Australia,Kim Hughes (c),26 January 1954,Right-handed,Right-arm medium,Western Australia
ODI World Cup,1983,Australia,Rod Marsh (wk),4 November 1947,Left-handed,Wicket-keeper,Western Australia
ODI World Cup,1983,Australia,Rodney Hogg,5 March 1951,Right-handed,Right-arm fast,South Australia
ODI World Cup,1983,Australia,Tom Hogan,23 September 1956,Right-handed,Slow left-arm orthodox,Western Australia
ODI World Cup,1983,Australia,Trevor Chappell,12 October 1952,Right-handed,Right-arm medium,New South Wales
ODI World Cup,1983,England,Allan Lamb,20 June 1954,Right-handed,Right-arm medium,Northamptonshire
ODI World Cup,1983,England,Bob Willis (c),30 May 1949,Right-handed,Right-arm fast,Warwickshire
ODI World Cup,1983,England,Chris Tavare,27 October 1954,Right-handed,Right-arm off-break,Kent
ODI World Cup,1983,England,David Gower,1 April 1957,Left-handed,Right-arm off-break,Leicestershire
ODI World Cup,1983,England,Derek Randall,24 February 1951,Right-handed,Right-arm medium,Nottinghamshire
ODI World Cup,1983,England,Graeme Fowler,20 April 1957,Left-handed,Right-arm medium,Lancashire
ODI World Cup,1983,England,Graham Dilley,18 May 1959,Left-handed,Right-arm fast,Kent
ODI World Cup,1983,England,Ian Botham,24 November 1955,Right-handed,Right-arm fast-medium,Somerset
ODI World Cup,1983,England,Ian Gould (wk),19 August 1957,Left-handed,Wicket-keeper,Sussex
ODI World Cup,1983,England,Mike Gatting,6 June 1957,Right-handed,Right-arm medium,Middlesex
ODI World Cup,1983,England,Norman Cowans,17 April 1961,Right-handed,Right-arm fast,Middlesex
ODI World Cup,1983,England,Paul Allott,14 September 1956,Right-handed,Right-arm fast-medium,Lancashire
ODI World Cup,1983,England,Trevor Jesty,2 June 1948,Right-handed,Right-arm medium,Hampshire
ODI World Cup,1983,England,Vic Marks,25 June 1955,Right-handed,Right-arm off-break,Somerset
ODI World Cup,1983,India,Balwinder Sandhu,3 August 1956,Right-handed,Right-arm medium-fast,Mumbai
ODI World Cup,1983,India,Dilip Vengsarkar,6 April 1956,Right-handed,Right-arm medium,Mumbai
ODI World Cup,1983,India,Kapil Dev (c),6 January 1959,Right-handed,Right-arm fast-medium,Haryana
ODI World Cup,1983,India,Kirti Azad,2 January 1959,Right-handed,Right-arm off-spinner,Delhi
ODI World Cup,1983,India,Krishnamachari Srikkanth,21 December 1959,Right-handed,Right-arm medium/off-break,Tamil Nadu
ODI World Cup,1983,India,Madan Lal,20 March 1951,Right-handed,Right-arm medium,Delhi
ODI World Cup,1983,India,Mohinder Amarnath (vc),24 September 1950,Right-handed,Right-arm medium,Delhi
ODI World Cup,1983,India,Ravi Shastri,27 May 1962,Right-handed,Slow left-arm orthodox,Mumbai
ODI World Cup,1983,India,Roger Binny,19 July 1955,Right-handed,Right-arm fast-medium,Karnataka
ODI World Cup,1983,India,Sandeep Patil,18 August 1956,Right-handed,Right-arm medium,Mumbai
ODI World Cup,1983,India,Sunil Gavaskar,10 July 1949,Right-handed,Right-arm medium/off-break,Mumbai
ODI World Cup,1983,India,Sunil Valson,2 October 1958,Right-handed,Left-arm medium,Delhi
ODI World Cup,1983,India,Syed Kirmani (wk),29 December 1949,Right-handed,Wicket-keeper,Karnataka
ODI World Cup,1983,India,Yashpal Sharma,11 August 1954,Right-handed,Right-arm medium,Punjab
ODI World Cup,1983,New Zealand,Bruce Edgar,23 November 1956,Left-handed,Wicket-keeper,Wellington
ODI World Cup,1983,New Zealand,Ewen Chatfield,3 July 1950,Right-handed,Right-arm medium-fast,Wellington
ODI World Cup,1983,New Zealand,Geoff Howarth (c),29 March 1951,Right-handed,Right-arm offbreak,Auckland
ODI World Cup,1983,New Zealand,Glenn Turner,26 May 1947,Right-handed,Right-arm offbreak,Otago
ODI World Cup,1983,New Zealand,Ian Smith (wk),28 February 1957,Right-handed,Wicket-keeper,Central Districts
ODI World Cup,1983,New Zealand,Jeff Crowe,14 September 1958,Right-handed,Right-arm medium pace,Auckland
ODI World Cup,1983,New Zealand,Jeremy Coney,21 June 1952,Right-handed,Right-arm medium,Wellington
ODI World Cup,1983,New Zealand,John Bracewell,15 April 1958,Right-handed,Right-arm off-break,Auckland
ODI World Cup,1983,New Zealand,John Wright,5 July 1954,Left-handed,Right-arm medium,Northern Districts
ODI World Cup,1983,New Zealand,Lance Cairns,10 October 1949,Right-handed,Right-arm medium-fast,Otago
ODI World Cup,1983,New Zealand,Martin Crowe,22 September 1962,Right-handed,Right-arm medium,Central Districts
ODI World Cup,1983,New Zealand,Martin Snedden,23 November 1958,Left-handed,Right-arm medium-fast,Auckland
ODI World Cup,1983,New Zealand,Richard Hadlee,3 July 1951,Left-handed,Right-arm fast,Canterbury
ODI World Cup,1983,New Zealand,Warren Lees (wk),19 March 1952,Right-handed,Wicket-keeper,Otago
ODI World Cup,1983,Pakistan,Abdul Qadir,15 September 1955,Right-handed,Right-arm leg spin,Habib Bank
ODI World Cup,1983,Pakistan,Ijaz Faqih,24 March 1956,Right-handed,Right-arm offbreak,MCB
ODI World Cup,1983,Pakistan,Imran Khan (c),25 November 1952,Right-handed,Right-arm fast,PIA
ODI World Cup,1983,Pakistan,Javed Miandad,12 June 1957,Right-handed,Right-arm leg-break,Habib Bank
ODI World Cup,1983,Pakistan,Mansoor Akhtar,6 September 1962,Right-handed,Right-arm offspin,United Bank
ODI World Cup,1983,Pakistan,Mohsin Khan,15 March 1955,Right-handed,Right-arm medium pace,Habib Bank
ODI World Cup,1983,Pakistan,Mudassar Nazar,6 April 1956,Right-handed,Right-arm medium,Lahore
ODI World Cup,1983,Pakistan,Rashid Khan,15 December 1959,Right-handed,Right-arm fast-medium,PIA
ODI World Cup,1983,Pakistan,Sarfraz Nawaz,1 December 1948,Right-handed,Right-arm fast-medium,Lahore
ODI World Cup,1983,Pakistan,Shahid Mahboob,25 August 1962,Right-handed,Right-arm fast-medium,Karachi
ODI World Cup,1983,Pakistan,Tahir Naqqash,6 June 1959,Right-handed,Right-arm fast-medium,Lahore
ODI World Cup,1983,Pakistan,Wasim Bari (wk),23 March 1948,Right-handed,Wicket-keeper,Karachi
ODI World Cup,1983,Pakistan,Wasim Raja,3 July 1952,Left-handed,Right-arm leg-break,Lahore
ODI World Cup,1983,Pakistan,Zaheer Abbas,24 July 1947,Right-handed,Right-arm offbreak,Karachi
ODI World Cup,1983,Sri Lanka,Arjuna Ranatunga,1 December 1963,Left-handed,Right-arm medium,SCC
ODI World Cup,1983,Sri Lanka,Ashantha de Mel,9 May 1959,Right-handed,Right-arm medium-fast,-
ODI World Cup,1983,Sri Lanka,Athula Samarasekera,5 August 1961,Right-handed,Right-arm medium,CCC
ODI World Cup,1983,Sri Lanka,Brendon Kuruppu,5 January 1962,Right-handed,Wicket-keeper,BRC
ODI World Cup,1983,Sri Lanka,Duleep Mendis (c),25 August 1952,Right-handed,-,SSC
ODI World Cup,1983,Sri Lanka,Granville de Silva,12 March 1955,Right-handed,Right-arm medium,-
ODI World Cup,1983,Sri Lanka,Guy de Alwis (wk),15 February 1959,Right-handed,Wicket-keeper,SSC
ODI World Cup,1983,Sri Lanka,Ranjan Madugalle,22 April 1959,Right-handed,Right-arm off-break,NCC
ODI World Cup,1983,Sri Lanka,Roy Dias,18 October 1952,Right-handed,Right-arm off-break,CCC
ODI World Cup,1983,Sri Lanka,Rumesh Ratnayake,2 January 1964,Right-handed,Right-arm fast-medium,NCC
ODI World Cup,1983,Sri Lanka,Sidath Wettimuny,12 August 1956,Right-handed,Right-arm medium,-
ODI World Cup,1983,Sri Lanka,Somachandra de Silva,11 June 1942,Right-handed,Right-arm leg-break,BCAC
ODI World Cup,1983,Sri Lanka,Susil Fernando,19 December 1955,Right-handed,-,SLAFSC
ODI World Cup,1983,Sri Lanka,Vinothen John,27 May 1960,Right-handed,Right-arm medium-fast,SCC
ODI World Cup,1983,West Indies,Andy Roberts,29 January 1951,Right-handed,Right-arm fast,Leeward Islands
ODI World Cup,1983,West Indies,Clive Lloyd (c),31 August 1944,Left-handed,Right-arm medium,Guyana
ODI World Cup,1983,West Indies,Desmond Haynes,15 February 1956,Right-handed,Right-arm leg-break/medium pace,Barbados
ODI World Cup,1983,West Indies,Faoud Bacchus,31 January 1954,Right-handed,Right-arm medium,Guyana
ODI World Cup,1983,West Indies,Gordon Greenidge,1 May 1951,Right-handed,Right-arm medium/offbreak,Barbados
ODI World Cup,1983,West Indies,Gus Logie,28 September 1960,Right-handed,Right-arm off-break,Trinidad and Tobago
ODI World Cup,1983,West Indies,Jeff Dujon (wk),28 May 1956,Right-handed,Wicket-keeper,Jamaica
ODI World Cup,1983,West Indies,Joel Garner,16 December 1952,Right-handed,Right-arm fast,Barbados
ODI World Cup,1983,West Indies,Larry Gomes,13 July 1953,Left-handed,Right-arm offbreak,Trinidad and Tobago
ODI World Cup,1983,West Indies,Malcolm Marshall,18 April 1958,Right-handed,Right-arm fast,Barbados
ODI World Cup,1983,West Indies,Michael Holding,16 February 1954,Right-handed,Right-arm fast,Jamaica
ODI World Cup,1983,West Indies,Viv Richards,7 March 1952,Right-handed,Right-arm medium/offbreak,Leeward Islands
ODI World Cup,1983,West Indies,Wayne Daniel,16 January 1956,Right-handed,Right-arm fast,Barbados
ODI World Cup,1983,West Indies,Winston Davis,18 September 1958,Right-handed,Right-arm fast,Windward Islands
ODI World Cup,1983,Zimbabwe,Ali Shah,7 August 1959,Left-handed,Right-arm medium,-
ODI World Cup,1983,Zimbabwe,Andrew Pycroft,6 June 1956,Right-handed,Right-arm offbreak,-
ODI World Cup,1983,Zimbabwe,David Houghton (wk),23 June 1957,Right-handed,Right-arm off-break,-
ODI World Cup,1983,Zimbabwe,Duncan Fletcher (c),27 September 1948,Left-handed,Right-arm fast-medium,-
ODI World Cup,1983,Zimbabwe,Gerald Peckover,2 June 1955,Right-handed,-,-
ODI World Cup,1983,Zimbabwe,Graeme Hick,23 May 1966,Right-handed,Right-arm off-break,-
ODI World Cup,1983,Zimbabwe,Grant Paterson,9 June 1960,Right-handed,Right-arm off-spin,-
ODI World Cup,1983,Zimbabwe,Iain Butchart,9 May 1960,Right-handed,Right-arm medium,-
ODI World Cup,1983,Zimbabwe,Jack Heron,8 November 1948,Right-handed,Right-arm medium,-
ODI World Cup,1983,Zimbabwe,John Traicos,17 May 1947,Right-handed,Right-arm off-spin,-
ODI World Cup,1983,Zimbabwe,Kevin Curran,7 September 1959,Right-handed,Right-arm fast medium,-
ODI World Cup,1983,Zimbabwe,Peter Rawson,25 May 1957,Right-handed,Right-arm medium-fast,-
ODI World Cup,1983,Zimbabwe,Robin Brown,11 March 1951,Right-handed,Right-arm medium,-
ODI World Cup,1983,Zimbabwe,Vince Hogg,3 July 1952,Right-handed,Right-arm medium-fast,-
ODI World Cup,1987,Australia,Allan Border (c),27 July 1955,Left-handed,Left-arm orthodox spin,Queensland
ODI World Cup,1987,Australia,Andrew Zesers,11 March 1967,Right-handed,Right-arm medium-fast,South Australia
ODI World Cup,1987,Australia,Bruce Reid,14 March 1963,Left-handed,Left-arm fast-medium,Western Australia
ODI World Cup,1987,Australia,Craig McDermott,14 April 1965,Right-handed,Right-arm fast,Queensland
ODI World Cup,1987,Australia,David Boon,29 December 1960,Right-handed,Right-arm off-break,Tasmania
ODI World Cup,1987,Australia,Dean Jones,24 March 1961,Right-handed,Right-arm off-break,Victoria
ODI World Cup,1987,Australia,Geoff Marsh,31 December 1958,Right-handed,Right-arm off-break,Western Australia
ODI World Cup,1987,Australia,Greg Dyer (wk),16 March 1959,Right-handed,Wicket-keeper,New South Wales
ODI World Cup,1987,Australia,Mike Veletta,30 October 1963,Right-handed,-,Western Australia
ODI World Cup,1987,Australia,Peter Taylor,22 August 1956,Left-handed,Right-arm offbreak,New South Wales
ODI World Cup,1987,Australia,Simon O'Donnell,26 January 1963,Right-handed,Right-arm fast-medium,Victoria
ODI World Cup,1987,Australia,Steve Waugh,2 June 1965,Right-handed,Right-arm medium,New South Wales
ODI World Cup,1987,Australia,Tim May,26 January 1962,Right-handed,Right-arm offbreak,South Australia
ODI World Cup,1987,Australia,Tom Moody,2 October 1965,Right-handed,Right-arm medium,Western Australia
ODI World Cup,1987,England,Allan Lamb,20 June 1954,Right-handed,Right-arm medium,Northamptonshire
ODI World Cup,1987,England,Bill Athey,27 September 1957,Right-handed,Right-arm medium,Gloucestershire
ODI World Cup,1987,England,Chris Broad,29 September 1957,Left-handed,Right-arm medium,Nottinghamshire
ODI World Cup,1987,England,Derek Pringle,18 September 1958,Right-handed,Right-arm medium,Essex
ODI World Cup,1987,England,Eddie Hemmings,20 February 1949,Right-handed,Right-arm offbreak,Nottinghamshire
ODI World Cup,1987,England,Gladstone Small,18 October 1961,Right-handed,Right-arm fast-medium,Warwickshire
ODI World Cup,1987,England,Graham Gooch,23 July 1953,Right-handed,Right-arm medium,Essex
ODI World Cup,1987,England,John Emburey,20 August 1952,Right-handed,Right-arm off-break,Middlesex
ODI World Cup,1987,England,Mike Gatting (c),6 June 1957,Right-handed,Right-arm medium,Middlesex
ODI World Cup,1987,England,Neil Foster,6 May 1962,Right-handed,Right-arm fast medium,Essex
ODI World Cup,1987,England,Paul Downton (wk),4 April 1957,Right-handed,Wicket-keeper,Middlesex
ODI World Cup,1987,England,Phillip DeFreitas,18 February 1966,Right-handed,Right-arm fast-medium,Leicestershire
ODI World Cup,1987,England,Tim Robinson,21 November 1958,Right-handed,Right-arm medium,Nottinghamshire
ODI World Cup,1987,India,Chandrakant Pandit,30 September 1961,Right-handed,Wicket-keeper,Bombay
ODI World Cup,1987,India,Chetan Sharma,3 January 1966,Right-handed,Right-arm fast-medium,Haryana
ODI World Cup,1987,India,Dilip Vengsarkar (vc),6 April 1956,Right-handed,Right-arm medium,Bombay
ODI World Cup,1987,India,Kapil Dev (c),6 January 1959,Right-handed,Right-arm fast-medium,Haryana
ODI World Cup,1987,India,Kiran More (wk),4 September 1962,Right-handed,Right-arm leg spin/Wicket-keeper,Baroda
ODI World Cup,1987,India,Krishnamachari Srikkanth,21 December 1959,Right-handed,Right-arm medium/off-break,Tamil Nadu
ODI World Cup,1987,India,Laxman Sivaramakrishnan,31 December 1965,Right-handed,Right-arm leg-break/googly,Tamil Nadu
ODI World Cup,1987,India,Maninder Singh,13 June 1965,Right-handed,Slow left-arm orthodox,Delhi
ODI World Cup,1987,India,Manoj Prabhakar,15 April 1963,Right-handed,Right-arm medium pace,Delhi
ODI World Cup,1987,India,Mohammad Azharuddin,8 February 1963,Right-handed,Right-arm medium,Hyderabad
ODI World Cup,1987,India,Navjot Singh Sidhu,20 October 1963,Right-handed,Right-arm medium,Punjab
ODI World Cup,1987,India,Ravi Shastri,27 May 1962,Right-handed,Slow left-arm orthodox,Bombay
ODI World Cup,1987,India,Roger Binny,19 July 1955,Right-handed,Right-arm fast-medium,Karnataka
ODI World Cup,1987,India,Sunil Gavaskar,10 July 1949,Right-handed,Right-arm medium/off-break,Bombay
ODI World Cup,1987,New Zealand,Andrew Jones,9 May 1959,Right-handed,Right-arm off-break,Wellington
ODI World Cup,1987,New Zealand,Danny Morrison,3 February 1966,Right-handed,Right-arm fast-medium,Auckland
ODI World Cup,1987,New Zealand,Dipak Patel,25 October 1958,Right-handed,Right-arm off-break,Auckland
ODI World Cup,1987,New Zealand,Ewen Chatfield,3 July 1950,Right-handed,Right-arm medium-fast,Wellington
ODI World Cup,1987,New Zealand,Ian Smith (wk),28 February 1957,Right-handed,Wicket-keeper,Auckland
ODI World Cup,1987,New Zealand,Jeff Crowe (c),14 September 1958,Right-handed,Right-arm medium pace,Auckland
ODI World Cup,1987,New Zealand,John Bracewell,15 April 1958,Right-handed,Right-arm off-break,Auckland
ODI World Cup,1987,New Zealand,John Wright,5 July 1954,Left-handed,Right-arm medium,Northern Districts
ODI World Cup,1987,New Zealand,Ken Rutherford,26 October 1965,Right-handed,Right-arm medium,Otago
ODI World Cup,1987,New Zealand,Martin Crowe,22 September 1962,Right-handed,Right-arm medium,Central Districts
ODI World Cup,1987,New Zealand,Martin Snedden,23 November 1958,Left-handed,Right-arm medium-fast,Auckland
ODI World Cup,1987,New Zealand,Phil Horne,21 January 1960,Left-handed,-,Auckland
ODI World Cup,1987,New Zealand,Stephen Boock,20 September 1951,Right-handed,Slow left-arm orthodox,Otago
ODI World Cup,1987,New Zealand,Willie Watson,31 August 1965,Right-handed,Right-arm fast-medium,Auckland
ODI World Cup,1987,Pakistan,Abdul Qadir,15 September 1955,Right-handed,Right-arm leg spin,Habib Bank
ODI World Cup,1987,Pakistan,Ijaz Ahmed,20 September 1968,Right-handed,Left-arm medium,Habib Bank
ODI World Cup,1987,Pakistan,Imran Khan (c),5 October 1952,Right-handed,Right-arm fast,Sussex
ODI World Cup,1987,Pakistan,Javed Miandad,12 June 1957,Right-handed,Right-arm leg-break,Habib Bank
ODI World Cup,1987,Pakistan,Mansoor Akhtar,6 September 1962,Right-handed,Right-arm offspin,PAC
ODI World Cup,1987,Pakistan,Manzoor Elahi,15 April 1963,Right-handed,Right-arm fast-medium,Multan
ODI World Cup,1987,Pakistan,Mudassar Nazar,6 April 1956,Right-handed,Right-arm medium,Lahore
ODI World Cup,1987,Pakistan,Rameez Raja,14 August 1962,Right-handed,Right-arm leg-break,Lahore
ODI World Cup,1987,Pakistan,Saleem Jaffar,19 November 1962,Right-handed,Left-arm fast-medium,Karachi
ODI World Cup,1987,Pakistan,Saleem Malik,16 April 1963,Right-handed,Right-arm off-break/slow-medium,Lahore
ODI World Cup,1987,Pakistan,Saleem Yousuf (wk),7 December 1959,Right-handed,Wicket-keeper,Karachi
ODI World Cup,1987,Pakistan,Shoaib Mohammad,8 January 1961,Right-handed,Right-arm offbreak,Karachi
ODI World Cup,1987,Pakistan,Tauseef Ahmed,10 May 1958,Right-handed,Right-arm offbreak,Karachi
ODI World Cup,1987,Pakistan,Wasim Akram,3 June 1966,Left-handed,Left-arm fast,Lahore
ODI World Cup,1987,Sri Lanka,Aravinda de Silva,17 October 1965,Right-handed,Right-arm offbreak,Nondescripts
ODI World Cup,1987,Sri Lanka,Arjuna Ranatunga,1 December 1963,Left-handed,Right-arm medium,Sinhalese CC
ODI World Cup,1987,Sri Lanka,Asanka Gurusinha,16 September 1966,Left-handed,Right-arm medium,Nondescripts
ODI World Cup,1987,Sri Lanka,Ashantha de Mel,9 May 1959,Right-handed,Right-arm medium-fast,-
ODI World Cup,1987,Sri Lanka,Brendon Kuruppu (wk),5 January 1962,Right-handed,Wicket-keeper,Burgher RC
ODI World Cup,1987,Sri Lanka,Don Anurasiri,25 February 1966,Right-handed,Slow left-arm orthodox,Panadura SC
ODI World Cup,1987,Sri Lanka,Duleep Mendis (c),25 August 1952,Right-handed,-,Sinhalese SC
ODI World Cup,1987,Sri Lanka,Ranjan Madugalle,22 April 1959,Right-handed,Right-arm off-break,Nondescripts
ODI World Cup,1987,Sri Lanka,Ravi Ratnayeke,2 May 1960,Left-handed,Right-arm fast medium,Colombo CC
ODI World Cup,1987,Sri Lanka,Roshan Mahanama,31 May 1966,Right-handed,-,Colombo CC
ODI World Cup,1987,Sri Lanka,Roy Dias,18 October 1952,Right-handed,Right-arm off-break,Colombo CC
ODI World Cup,1987,Sri Lanka,Rumesh Ratnayake,2 January 1964,Right-handed,Right-arm fast-medium,Nondescripts
ODI World Cup,1987,Sri Lanka,Sridharan Jeganathan,11 July 1951,Right-handed,Slow left-arm orthodox,Nondescripts
ODI World Cup,1987,Sri Lanka,Vinothen John,27 May 1960,Right-handed,Right-arm medium-fast,Moratuwa CC
ODI World Cup,1987,West Indies,Carl Hooper,15 December 1966,Right-handed,Right-arm offbreak,Guyana
ODI World Cup,1987,West Indies,Carlisle Best,14 May 1959,Right-handed,Right-arm off-break/medium pace,Barbados
ODI World Cup,1987,West Indies,Courtney Walsh,30 October 1962,Right-handed,Right-arm fast,Jamaica
ODI World Cup,1987,West Indies,Desmond Haynes,15 February 1956,Right-handed,Right-arm leg-break/medium pace,Barbados
ODI World Cup,1987,West Indies,Eldine Baptiste,12 March 1960,Right-handed,Right-arm fast-medium,Leeward Islands
ODI World Cup,1987,West Indies,Gus Logie,28 September 1960,Right-handed,Right-arm off-break,Trinidad and Tobago
ODI World Cup,1987,West Indies,Jeff Dujon (wk),28 May 1956,Right-handed,Wicket-keeper,Jamaica
ODI World Cup,1987,West Indies,Patrick Patterson,15 September 1961,Right-handed,Right-arm fast,Jamaica
ODI World Cup,1987,West Indies,Phil Simmons,18 April 1963,Right-handed,Right-arm medium,Trinidad and Tobago
ODI World Cup,1987,West Indies,Richie Richardson,12 January 1962,Right-handed,Right-arm medium pace,Leeward Islands
ODI World Cup,1987,West Indies,Roger Harper,17 March 1963,Right-handed,Right-arm offbreak,Guyana
ODI World Cup,1987,West Indies,Viv Richards (c),7 March 1952,Right-handed,Right-arm medium/offbreak,Leeward Islands
ODI World Cup,1987,West Indies,Winston Benjamin,31 December 1964,Right-handed,Right-arm fast,Leeward Islands
ODI World Cup,1987,Zimbabwe,Ali Shah,7 August 1959,Left-handed,Right-arm medium,-
ODI World Cup,1987,Zimbabwe,Andrew Pycroft,6 June 1956,Right-handed,Right-arm offbreak,-
ODI World Cup,1987,Zimbabwe,Andy Waller,25 September 1959,Right-handed,Right-arm medium,-
ODI World Cup,1987,Zimbabwe,Babu Meman,26 June 1952,Right-handed,Right-arm offbreak,-
ODI World Cup,1987,Zimbabwe,David Houghton (wk),23 June 1957,Right-handed,Right-arm off-break,-
ODI World Cup,1987,Zimbabwe,Eddo Brandes,5 March 1963,Right-handed,Right-arm fast,-
ODI World Cup,1987,Zimbabwe,Grant Paterson,9 June 1960,Right-handed,Right-arm off-spin,-
ODI World Cup,1987,Zimbabwe,Iain Butchart,9 May 1960,Right-handed,Right-arm medium,-
ODI World Cup,1987,Zimbabwe,John Traicos (c),17 May 1947,Right-handed,Right-arm off-spin,-
ODI World Cup,1987,Zimbabwe,Kevin Arnott,8 March 1961,Right-handed,-,-
ODI World Cup,1987,Zimbabwe,Kevin Curran,7 September 1959,Right-handed,Right-arm fast medium,-
ODI World Cup,1987,Zimbabwe,Malcolm Jarvis,6 December 1955,Right-handed,Left-arm medium fast,-
ODI World Cup,1987,Zimbabwe,Peter Rawson,25 May 1957,Right-handed,Right-arm medium-fast,-
ODI World Cup,1987,Zimbabwe,Robin Brown,11 March 1951,Right-handed,Right-arm medium,-
ODI World Cup,1992,Australia,Allan Border (c),27 July 1955,Left-handed,Left-arm orthodox spin,Queensland
ODI World Cup,1992,Australia,Bruce Reid,14 March 1963,Left-handed,Left-arm fast-medium,Western Australia
ODI World Cup,1992,Australia,Craig McDermott,14 April 1965,Right-handed,Right-arm fast,Queensland
ODI World Cup,1992,Australia,David Boon,29 December 1960,Right-handed,Right-arm off-break,Tasmania
ODI World Cup,1992,Australia,Dean Jones,24 March 1961,Right-handed,Right-arm off-break,Victoria
ODI World Cup,1992,Australia,Geoff Marsh,31 December 1958,Right-handed,Right-arm off-break,Western Australia
ODI World Cup,1992,Australia,Ian Healy (wk),30 April 1964,Right-handed,Wicket-keeper,Queensland
ODI World Cup,1992,Australia,Mark Taylor,27 October 1964,Left-handed,Right-arm medium,New South Wales
ODI World Cup,1992,Australia,Mark Waugh,2 June 1965,Right-handed,Right-arm medium/off-break,New South Wales
ODI World Cup,1992,Australia,Merv Hughes,23 November 1961,Right-handed,Right-arm fast,Victoria
ODI World Cup,1992,Australia,Mike Whitney,24 February 1959,Right-handed,Left-arm fast,New South Wales
ODI World Cup,1992,Australia,Peter Taylor,22 August 1956,Left-handed,Right-arm offbreak,Queensland
ODI World Cup,1992,Australia,Steve Waugh,2 June 1965,Right-handed,Right-arm medium,New South Wales
ODI World Cup,1992,Australia,Tom Moody,2 October 1965,Right-handed,Right-arm medium,Western Australia
ODI World Cup,1992,England,Alec Stewart (wk),8 April 1963,Right-handed,Right-arm medium,Surrey
ODI World Cup,1992,England,Allan Lamb,20 June 1954,Right-handed,Right-arm medium,Northamptonshire
ODI World Cup,1992,England,Chris Lewis,14 February 1968,Right-handed,Right-arm fast-medium,Nottinghamshire
ODI World Cup,1992,England,Derek Pringle,18 September 1958,Right-handed,Right-arm medium,Essex
ODI World Cup,1992,England,Dermot Reeve,2 April 1963,Right-handed,Right-arm medium,Warwickshire
ODI World Cup,1992,England,Gladstone Small,18 October 1961,Right-handed,Right-arm fast-medium,Warwickshire
ODI World Cup,1992,England,Graeme Hick,23 May 1966,Right-handed,Right-arm off-break,Worcestershire
ODI World Cup,1992,England,Graham Gooch (c),23 July 1953,Right-handed,Right-arm medium,Essex
ODI World Cup,1992,England,Ian Botham,24 November 1955,Right-handed,Right-arm fast-medium,Durham
ODI World Cup,1992,England,Neil Fairbrother,9 September 1963,Left-handed,Left-arm medium,Lancashire
ODI World Cup,1992,England,Phil Tufnell,29 April 1966,Right-handed,Slow left-arm orthodox,Middlesex
ODI World Cup,1992,England,Phillip DeFreitas,18 February 1966,Right-handed,Right-arm fast-medium,Lancashire
ODI World Cup,1992,England,Richard Illingworth,23 August 1963,Right-handed,Slow left-arm orthodox,Worcestershire
ODI World Cup,1992,England,Robin Smith,13 September 1963,Right-handed,Right-arm leg-break,Hampshire
ODI World Cup,1992,India,Ajay Jadeja,1 February 1971,Right-handed,Right-arm medium,Haryana
ODI World Cup,1992,India,Javagal Srinath,31 August 1969,Right-handed,Right-arm fast,Karnataka
ODI World Cup,1992,India,Kapil Dev,6 January 1959,Right-handed,Right-arm fast-medium,Haryana
ODI World Cup,1992,India,Kiran More (wk),4 September 1962,Right-handed,Wicket-keeper,Baroda
ODI World Cup,1992,India,Krishnamachari Srikkanth,21 December 1959,Right-handed,Right-arm medium/offbreak,Tamil Nadu
ODI World Cup,1992,India,Manoj Prabhakar,15 April 1963,Right-handed,Right-arm medium pace,Delhi
ODI World Cup,1992,India,Mohammad Azharuddin (c),8 February 1963,Right-handed,Right-arm medium,Hyderabad
ODI World Cup,1992,India,Pravin Amre,14 August 1968,Right-handed,Right-arm leg-break,Bengal
ODI World Cup,1992,India,Ravi Shastri (vc),27 May 1962,Right-handed,Slow left-arm orthodox,Bombay
ODI World Cup,1992,India,Sachin Tendulkar,24 April 1973,Right-handed,Right-arm medium/leg-break,Bombay
ODI World Cup,1992,India,Sanjay Manjrekar,12 July 1965,Right-handed,Right-arm off-spin,Bombay
ODI World Cup,1992,India,Subroto Banerjee,13 February 1969,Right-handed,Right-arm medium-fast,Bihar
ODI World Cup,1992,India,Venkatapathy Raju,9 July 1969,Right-handed,Slow left-arm orthodox,Hyderabad
ODI World Cup,1992,India,Vinod Kambli,18 January 1972,Left-handed,Right-arm off-break,Bombay
ODI World Cup,1992,New Zealand,Andrew Jones,9 May 1959,Right-handed,Right-arm off-break,Otago
ODI World Cup,1992,New Zealand,Chris Cairns,13 June 1970,Right-handed,Right-arm fast-medium,Canterbury
ODI World Cup,1992,New Zealand,Chris Harris,20 November 1969,Left-handed,Right-arm medium,Canterbury
ODI World Cup,1992,New Zealand,Danny Morrison,3 February 1966,Right-handed,Right-arm fast-medium,Auckland
ODI World Cup,1992,New Zealand,Dipak Patel,25 October 1958,Right-handed,Right-arm off-break,Auckland
ODI World Cup,1992,New Zealand,Gavin Larsen,27 September 1962,Right-handed,Right-arm medium,Wellington
ODI World Cup,1992,New Zealand,Ian Smith (wk),28 February 1957,Right-handed,Wicket-keeper,Auckland
ODI World Cup,1992,New Zealand,John Wright,5 July 1954,Left-handed,Right-arm medium-fast,Auckland
ODI World Cup,1992,New Zealand,Ken Rutherford,26 October 1965,Right-handed,Right-arm medium,Otago
ODI World Cup,1992,New Zealand,Mark Greatbatch,11 December 1963,Left-handed,Right-arm medium,Central Districts
ODI World Cup,1992,New Zealand,Martin Crowe (c),22 September 1962,Right-handed,Right-arm medium,Wellington
ODI World Cup,1992,New Zealand,Murphy Su'a,7 November 1966,Left-handed,Left-arm fast-medium,Auckland
ODI World Cup,1992,New Zealand,Rod Latham,12 June 1961,Right-handed,Right-arm medium,Canterbury
ODI World Cup,1992,New Zealand,Willie Watson,31 August 1965,Right-handed,Right-arm fast-medium,Auckland
ODI World Cup,1992,Pakistan,Aamir Sohail,14 September 1966,Left-handed,Slow left-arm orthodox,Habib Bank
ODI World Cup,1992,Pakistan,Aaqib Javed,5 August 1972,Right-handed,Right-arm fast-medium,PAC
ODI World Cup,1992,Pakistan,Ijaz Ahmed,20 September 1968,Right-handed,Left-arm medium,Habib Bank
ODI World Cup,1992,Pakistan,Imran Khan (c),25 November 1952,Right-handed,Right-arm fast,-
ODI World Cup,1992,Pakistan,Inzamam-ul-Haq,3 March 1970,Right-handed,Slow left-arm orthodox,Multan
ODI World Cup,1992,Pakistan,Iqbal Sikander,19 December 1958,Right-handed,Right-arm leg-break googly,Karachi
ODI World Cup,1992,Pakistan,Javed Miandad,12 June 1957,Right-handed,Right-arm leg-break,Habib Bank
ODI World Cup,1992,Pakistan,Moin Khan (wk),23 September 1971,Right-handed,Wicket-keeper,Karachi
ODI World Cup,1992,Pakistan,Mushtaq Ahmed,28 June 1970,Right-handed,Right-arm leg-break,Multan
ODI World Cup,1992,Pakistan,Rameez Raja,14 August 1962,Right-handed,Right-arm leg-break,Lahore
ODI World Cup,1992,Pakistan,Saleem Malik,16 April 1963,Right-handed,Right-arm off-break,Habib Bank
ODI World Cup,1992,Pakistan,Wasim Akram,3 June 1966,Left-handed,Left-arm fast,PIA
ODI World Cup,1992,Pakistan,Wasim Haider,6 June 1967,Right-handed,Right-arm fast-medium,Faisalabad
ODI World Cup,1992,Pakistan,Zahid Fazal,10 November 1973,Right-handed,Right-arm medium/off-break,PIA
ODI World Cup,1992,South Africa,Adrian Kuiper,24 August 1959,Right-handed,Right-arm medium/offbreak,Western Province
ODI World Cup,1992,South Africa,Allan Donald,20 October 1966,Right-handed,Right-arm fast,Warwickshire
ODI World Cup,1992,South Africa,Andrew Hudson,17 March 1965,Right-handed,Right-arm medium,Natal
ODI World Cup,1992,South Africa,Brian McMillan,22 December 1963,Right-handed,Right-arm medium-fast,Western Province
ODI World Cup,1992,South Africa,Dave Richardson (wk),16 September 1959,Right-handed,Wicket-keeper,Eastern Province
ODI World Cup,1992,South Africa,Hansie Cronje,25 September 1969,Right-handed,Right-arm medium,Orange Free State
ODI World Cup,1992,South Africa,Jonty Rhodes,27 July 1969,Right-handed,Right-arm medium,Natal
ODI World Cup,1992,South Africa,Kepler Wessels (c),14 September 1957,Left-handed,Right-arm off-break/medium,Eastern Province
ODI World Cup,1992,South Africa,Mark Rushmere,7 January 1965,Right-handed,Right-arm medium,Eastern Province
ODI World Cup,1992,South Africa,Meyrick Pringle,22 June 1966,Right-handed,Right-arm fast-medium,Western Province
ODI World Cup,1992,South Africa,Omar Henry,23 January 1952,Left-handed,Slow left-arm orthodox,Orange Free State
ODI World Cup,1992,South Africa,Peter Kirsten,14 May 1955,Right-handed,Right-arm offbreak,Border
ODI World Cup,1992,South Africa,Richard Snell,12 September 1968,Right-handed,Right-arm fast-medium,Transvaal
ODI World Cup,1992,South Africa,Tertius Bosch,14 March 1960,Right-handed,Right-arm fast,Northern Transvaal
ODI World Cup,1992,Sri Lanka,Aravinda de Silva (c),17 October 1965,Right-handed,Right-arm off-break,Nondescripts
ODI World Cup,1992,Sri Lanka,Arjuna Ranatunga,1 December 1963,Left-handed,Right-arm medium,Sinhalese SC
ODI World Cup,1992,Sri Lanka,Asanka Gurusinha,16 September 1966,Left-handed,Right-arm medium,Nondescripts
ODI World Cup,1992,Sri Lanka,Athula Samarasekera,5 August 1961,Right-handed,Right-arm medium,Colombo CC
ODI World Cup,1992,Sri Lanka,Champaka Ramanayake,8 January 1965,Right-handed,Right-arm fast-medium,Tamil Union C&A
ODI World Cup,1992,Sri Lanka,Chandika Hathurusingha,13 September 1968,Right-handed,Right-arm medium-fast,Tamil Union
ODI World Cup,1992,Sri Lanka,Don Anurasiri,25 February 1966,Right-handed,Slow left-arm orthodox,Panadura SC
ODI World Cup,1992,Sri Lanka,Graeme Labrooy,7 June 1964,Right-handed,Right-arm fast-medium,Basnahira North
ODI World Cup,1992,Sri Lanka,Hashan Tillakaratne (wk),14 July 1967,Left-handed,Wicket-keeper,Nondescripts
ODI World Cup,1992,Sri Lanka,Kapila Wijegunawardene,23 November 1964,Right-handed,Right-arm fast-medium,Colombo CC
ODI World Cup,1992,Sri Lanka,Pramodya Wickramasinghe,14 August 1971,Right-handed,Right-arm fast,Sinhalese SC
ODI World Cup,1992,Sri Lanka,Roshan Mahanama,31 May 1966,Right-handed,-,Colombo CC
ODI World Cup,1992,Sri Lanka,Ruwan Kalpage,19 February 1970,Left-handed,Right-arm offbreak,Nondescripts
ODI World Cup,1992,Sri Lanka,Sanath Jayasuriya,30 June 1969,Left-handed,Slow left-arm orthodox,Bloomfield
ODI World Cup,1992,West Indies,Anderson Cummins,7 May 1966,Right-handed,Right-arm fast,Jamaica
ODI World Cup,1992,West Indies,Brian Lara,2 May 1969,Left-handed,Right-arm leg-break,Trinidad and Tobago
ODI World Cup,1992,West Indies,Carl Hooper,15 December 1966,Right-handed,Right-arm off-break,Guyana
ODI World Cup,1992,West Indies,Curtly Ambrose,21 September 1963,Left-handed,Right-arm fast,Leeward Islands
ODI World Cup,1992,West Indies,David Williams (wk),4 November 1963,Right-handed,Wicket-keeper/Right-arm leg-break,Trinidad and Tobago
ODI World Cup,1992,West Indies,Desmond Haynes,15 February 1956,Right-handed,Right-arm leg-break/medium pace,Barbados
ODI World Cup,1992,West Indies,Gus Logie,28 September 1960,Right-handed,Right-arm off-break,Trinidad and Tobago
ODI World Cup,1992,West Indies,Keith Arthurton,21 February 1965,Left-handed,Slow left-arm orthodox/leg-break,Leeward Islands
ODI World Cup,1992,West Indies,Malcolm Marshall,18 April 1958,Right-handed,Right-arm fast,Barbados
ODI World Cup,1992,West Indies,Patrick Patterson,15 September 1961,Right-handed,Right-arm fast,Jamaica
ODI World Cup,1992,West Indies,Phil Simmons,18 April 1963,Right-handed,Right-arm medium,Trinidad and Tobago
ODI World Cup,1992,West Indies,Richie Richardson (c),12 January 1962,Right-handed,Right-arm medium-pace,Leeward Islands
ODI World Cup,1992,West Indies,Roger Harper,17 March 1963,Right-handed,Right-arm off-break,Guyana
ODI World Cup,1992,West Indies,Winston Benjamin,31 December 1964,Right-handed,Right-arm fast,Leeward Islands
ODI World Cup,1992,Zimbabwe,Ali Shah,7 August 1959,Left-handed,Right-arm medium,-
ODI World Cup,1992,Zimbabwe,Alistair Campbell,23 September 1972,Left-handed,Right-arm off-break,-
ODI World Cup,1992,Zimbabwe,Andrew Pycroft,6 June 1956,Right-handed,Right-arm offbreak,-
ODI World Cup,1992,Zimbabwe,Andy Flower (wk),28 April 1968,Left-handed,Wicket-keeper/Right-arm off-break,-
ODI World Cup,1992,Zimbabwe,Andy Waller,25 September 1959,Right-handed,Right-arm medium,-
ODI World Cup,1992,Zimbabwe,David Houghton (c),23 June 1957,Right-handed,Right-arm off-break,-
ODI World Cup,1992,Zimbabwe,Eddo Brandes,5 March 1963,Right-handed,Right-arm fast,-
ODI World Cup,1992,Zimbabwe,Iain Butchart,9 May 1960,Right-handed,Right-arm medium,-
ODI World Cup,1992,Zimbabwe,John Traicos,17 May 1947,Right-handed,Right-arm off-spin,-
ODI World Cup,1992,Zimbabwe,Kevin Arnott,8 March 1961,Right-handed,-,-
ODI World Cup,1992,Zimbabwe,Kevin Duers,30 June 1960,Right-handed,Right-arm medium-fast,-
ODI World Cup,1992,Zimbabwe,Malcolm Jarvis,6 December 1955,Right-handed,Left-arm medium-fast,-
ODI World Cup,1992,Zimbabwe,Mark Burmester,24 January 1968,Right-handed,Right-arm medium,-
ODI World Cup,1992,Zimbabwe,Wayne James,27 August 1965,Right-handed,-,-
ODI World Cup,1996,Australia,Craig McDermott,14 April 1965,Right-handed,Right-arm fast,Queensland
ODI World Cup,1996,Australia,Damien Fleming,24 April 1970,Right-handed,Right-arm fast-medium,Victoria
ODI World Cup,1996,Australia,Glenn McGrath,9 February 1970,Right-handed,Right-arm fast-medium,New South Wales
ODI World Cup,1996,Australia,"Ian Healy (vc, wk)",30 April 1964,Right-handed,Wicket-keeper,Queensland
ODI World Cup,1996,Australia,Mark Taylor (c),27 October 1964,Left-handed,Right-arm medium,New South Wales
ODI World Cup,1996,Australia,Mark Waugh,2 June 1965,Right-handed,Right-arm medium/off-break,New South Wales
ODI World Cup,1996,Australia,Michael Bevan,8 May 1970,Left-handed,Slow left-arm wrist spin,New South Wales
ODI World Cup,1996,Australia,Michael Slater,21 February 1970,Right-handed,Right-arm medium,New South Wales
ODI World Cup,1996,Australia,Paul Reiffel,19 April 1966,Right-handed,Right-arm fast-medium,Victoria
ODI World Cup,1996,Australia,Ricky Ponting,19 December 1974,Right-handed,Right-arm medium,Tasmania
ODI World Cup,1996,Australia,Shane Lee,8 August 1973,Right-handed,Right-arm medium,New South Wales
ODI World Cup,1996,Australia,Shane Warne,13 September 1969,Right-handed,Right-arm leg-break,Victoria
ODI World Cup,1996,Australia,Steve Waugh,2 June 1965,Right-handed,Right-arm medium,New South Wales
ODI World Cup,1996,Australia,Stuart Law,18 October 1968,Right-handed,Right-arm medium,Queensland
ODI World Cup,1996,England,Alec Stewart,8 April 1963,Right-handed,Right-arm medium,Surrey
ODI World Cup,1996,England,Craig White,16 December 1969,Right-handed,Right-arm fast-medium,Yorkshire
ODI World Cup,1996,England,Darren Gough,18 September 1970,Right-handed,Right-arm fast,Yorkshire
ODI World Cup,1996,England,Dermot Reeve,2 April 1963,Right-handed,Right-arm medium,Warwickshire
ODI World Cup,1996,England,Dominic Cork,7 August 1971,Right-handed,Right-arm fast-medium,Derbyshire
ODI World Cup,1996,England,Graeme Hick,23 May 1966,Right-handed,Right-arm off-break,Worcestershire
ODI World Cup,1996,England,Graham Thorpe,1 August 1969,Left-handed,Right-arm medium,Surrey
ODI World Cup,1996,England,Jack Russell (wk),15 August 1963,Left-handed,Right-arm off-break,Gloucestershire
ODI World Cup,1996,England,Michael Atherton (c),23 March 1968,Right-handed,Right-arm leg-break,Lancashire
ODI World Cup,1996,England,Neil Fairbrother,9 September 1963,Left-handed,Left-arm medium,Lancashire
ODI World Cup,1996,England,Neil Smith,27 July 1967,Right-handed,Right-arm off-break,Warwickshire
ODI World Cup,1996,England,Peter Martin,15 November 1968,Right-handed,Right-arm fast-medium,Lancashire
ODI World Cup,1996,England,Phillip DeFreitas,18 February 1966,Right-handed,Right-arm fast-medium,Lancashire
ODI World Cup,1996,England,Richard Illingworth,23 August 1963,Right-handed,Slow left-arm orthodox,Worcestershire
ODI World Cup,1996,England,Robin Smith,13 September 1963,Right-handed,Right-arm leg-break,Hampshire
ODI World Cup,1996,India,Aashish Kapoor,25 March 1971,Right-handed,Right-arm offbreak,Punjab
ODI World Cup,1996,India,Ajay Jadeja,1 February 1971,Right-handed,Right-arm medium,Haryana
ODI World Cup,1996,India,Anil Kumble,17 October 1970,Right-handed,Right-arm leg spin,Karnataka
ODI World Cup,1996,India,Javagal Srinath,31 August 1969,Right-handed,Right-arm fast,Karnataka
ODI World Cup,1996,India,Manoj Prabhakar,15 April 1963,Right-handed,Right-arm medium pace,Delhi
ODI World Cup,1996,India,Mohammad Azharuddin (c),8 February 1963,Right-handed,Right-arm medium,Hyderabad
ODI World Cup,1996,India,Navjot Singh Sidhu,20 October 1963,Right-handed,Right-arm medium,Punjab
ODI World Cup,1996,India,Nayan Mongia (wk),19 December 1969,Right-handed,Wicket-keeper,Baroda
ODI World Cup,1996,India,Sachin Tendulkar (vc),24 April 1973,Right-handed,Right-arm medium/leg-break/off-break,Mumbai
ODI World Cup,1996,India,Salil Ankola,1 March 1968,Right-handed,Right-arm fast,Mumbai
ODI World Cup,1996,India,Sanjay Manjrekar,12 July 1965,Right-handed,Right-arm off-spin,Mumbai
ODI World Cup,1996,India,Venkatapathy Raju,9 July 1969,Right-handed,Slow left-arm orthodox,Hyderabad
ODI World Cup,1996,India,Venkatesh Prasad,5 August 1969,Right-handed,Right-arm medium-fast,Karnataka
ODI World Cup,1996,India,Vinod Kambli,18 January 1972,Left-handed,Right-arm off-break,Mumbai
ODI World Cup,1996,Kenya,Aasif Karim,15 September 1963,Right-handed,Slow left-arm orthodox,Jaffery Mombasa
ODI World Cup,1996,Kenya,Brijal Patel,14 November 1977,Right-handed,Slow left-arm,Premier Nairobi
ODI World Cup,1996,Kenya,David Tikolo,27 December 1964,Right-handed,Right-arm medium,-
ODI World Cup,1996,Kenya,Dipak Chudasama,20 May 1963,Right-handed,-,-
ODI World Cup,1996,Kenya,Edward Odumbe,19 May 1965,Right-handed,Right-arm medium,-
ODI World Cup,1996,Kenya,Hitesh Modi,13 October 1971,Left-handed,Slow left-arm orthodox,Nairobi Gymkhana Kisumu
ODI World Cup,1996,Kenya,Kennedy Otieno (wk),11 March 1972,Right-handed,Wicket-keeper,Ruaraka Nairobi
ODI World Cup,1996,Kenya,Lameck Onyango,22 September 1973,Right-handed,Right-arm medium,Swamibapa Nairobi
ODI World Cup,1996,Kenya,Martin Suji,2 June 1971,Right-handed,Right-arm medium-fast,Aga Khan Nairobi
ODI World Cup,1996,Kenya,Maurice Odumbe (c),15 June 1969,Right-handed,Right-arm offbreak,Aga Khan Nairobi
ODI World Cup,1996,Kenya,Rajab Ali,19 November 1965,Right-handed,Right-arm medium-fast,-
ODI World Cup,1996,Kenya,Steve Tikolo,25 June 1971,Right-handed,Right-arm offbreak,Swamibapa Nairobi
ODI World Cup,1996,Kenya,Tariq Iqbal (wk),3 April 1964,Right-handed,Wicket-keeper,-
ODI World Cup,1996,Kenya,Thomas Odoyo,12 May 1978,Right-handed,Right-arm medium-fast,Nairobi Gymkhana Kisumu
ODI World Cup,1996,Netherlands,Bas Zuiderent,3 March 1977,Right-handed,Right-arm medium,VOC
ODI World Cup,1996,Netherlands,Eric Gouka,29 January 1970,Right-handed,Right-arm medium,Excelsior'20
ODI World Cup,1996,Netherlands,Flavian Aponso,28 October 1952,Left-handed,Right-arm offbreak,Sebastianites CAC
ODI World Cup,1996,Netherlands,Floris Jansen,10 June 1962,Right-handed,Right-arm medium,SV Kampong
ODI World Cup,1996,Netherlands,Klaas-Jan van Noortwijk,10 July 1970,Right-handed,Right-arm medium,VOC
ODI World Cup,1996,Netherlands,Marcel Schewe (wk),10 March 1969,Right-handed,Wicket-keeper,Excelsior'20
ODI World Cup,1996,Netherlands,Nolan Clarke,22 June 1948,Right-handed,Leg-break googly,Sparta 1888
ODI World Cup,1996,Netherlands,Paul-Jan Bakker,19 September 1957,Right-handed,Right-arm medium-fast,Quick Den Haag
ODI World Cup,1996,Netherlands,Peter Cantrell,28 October 1962,Right-handed,Right-arm offbreak,SV Kampong
ODI World Cup,1996,Netherlands,Reinout Scholte (wk),10 August 1967,Right-handed,Wicket-keeper,HBS
ODI World Cup,1996,Netherlands,Robert van Oosterom,16 October 1968,Right-handed,-,HBS
ODI World Cup,1996,Netherlands,Roland Lefebvre,7 February 1963,Right-handed,Right-arm medium,Glamorgan
ODI World Cup,1996,Netherlands,Steven Lubbers (c),24 March 1953,Right-handed,Right-arm off-break,Hermes DVS
ODI World Cup,1996,Netherlands,Tim de Leede,25 January 1968,Right-handed,Right-arm medium,Voorburg
ODI World Cup,1996,New Zealand,Adam Parore (wk),23 January 1971,Right-handed,Wicket-keeper,Auckland
ODI World Cup,1996,New Zealand,Chris Cairns,13 June 1970,Right-handed,Right-arm fast-medium,Canterbury
ODI World Cup,1996,New Zealand,Chris Harris,20 November 1969,Left-handed,Right-arm medium,Canterbury
ODI World Cup,1996,New Zealand,Craig Spearman,4 July 1972,Right-handed,-,Central Districts
ODI World Cup,1996,New Zealand,Danny Morrison,3 February 1966,Right-handed,Right-arm fast-medium,Auckland
ODI World Cup,1996,New Zealand,Dion Nash,20 November 1971,Right-handed,Right-arm fast-medium,Northern Districts
ODI World Cup,1996,New Zealand,Dipak Patel,25 October 1958,Right-handed,Right-arm off-break,Auckland
ODI World Cup,1996,New Zealand,Gavin Larsen,27 September 1962,Right-handed,Right-arm medium,Wellington
ODI World Cup,1996,New Zealand,"Lee Germon (c, wk)",4 November 1968,Right-handed,Right-arm leg-break/Wicket-keeper,Canterbury
ODI World Cup,1996,New Zealand,Nathan Astle,15 September 1971,Right-handed,Right-arm medium,Canterbury
ODI World Cup,1996,New Zealand,Robert Kennedy,3 June 1972,Right-handed,Right-arm medium,Otago
ODI World Cup,1996,New Zealand,Roger Twose,17 April 1968,Left-handed,Right-arm medium pace,Wellington
ODI World Cup,1996,New Zealand,Shane Thomson,27 January 1969,Right-handed,Right-arm off-break/fast-medium,Northern Districts
ODI World Cup,1996,New Zealand,Stephen Fleming,1 April 1973,Left-handed,Right-arm offbreak,Canterbury
ODI World Cup,1996,Pakistan,Aamer Sohail (vc),14 September 1966,Left-handed,Slow left-arm orthodox,Allied Bank Limited
ODI World Cup,1996,Pakistan,Aaqib Javed,5 August 1972,Right-handed,Right-arm fast-medium,Allied Bank Limited
ODI World Cup,1996,Pakistan,Ata-ur-Rehman,28 March 1975,Right-handed,Right-arm fast-medium,Allied Bank Limited
ODI World Cup,1996,Pakistan,Ijaz Ahmed,20 September 1968,Right-handed,Left-arm medium,Habib Bank
ODI World Cup,1996,Pakistan,Inzamam-ul-Haq,3 March 1970,Right-handed,Slow left-arm orthodox,Faisalabad
ODI World Cup,1996,Pakistan,Javed Miandad,12 June 1957,Right-handed,Right-arm leg-break,Habib Bank
ODI World Cup,1996,Pakistan,Mushtaq Ahmed,28 June 1970,Right-handed,Right-arm leg-break,Multan
ODI World Cup,1996,Pakistan,Rameez Raja,14 August 1962,Right-handed,Right-arm leg-break,Lahore
ODI World Cup,1996,Pakistan,Rashid Latif (wk),14 October 1968,Right-handed,Wicket-keeper/Right-arm leg-break,Karachi
ODI World Cup,1996,Pakistan,Saeed Anwar,6 September 1968,Left-handed,Slow left-arm orthodox,National Bank
ODI World Cup,1996,Pakistan,Saleem Malik,16 April 1963,Right-handed,Right-arm off-break,Lahore
ODI World Cup,1996,Pakistan,Saqlain Mushtaq,29 December 1976,Right-handed,Right-arm off-break,Pakistan International Airlines
ODI World Cup,1996,Pakistan,Waqar Younis,16 November 1971,Right-handed,Right-arm fast,United Bank Limited
ODI World Cup,1996,Pakistan,Wasim Akram (c),3 June 1966,Left-handed,Left-arm fast,PIA
ODI World Cup,1996,South Africa,Allan Donald,20 October 1966,Right-handed,Right-arm fast,Warwickshire
ODI World Cup,1996,South Africa,Andrew Hudson,17 March 1965,Right-handed,Right-arm medium,KwaZulu-Natal
ODI World Cup,1996,South Africa,Brian McMillan,22 December 1963,Right-handed,Right-arm medium-fast,Western Province
ODI World Cup,1996,South Africa,Craig Matthews,15 February 1965,Right-handed,Right-arm fast-medium,Western Province
ODI World Cup,1996,South Africa,Daryl Cullinan,4 March 1967,Right-handed,Right-arm off-break,Transvaal
ODI World Cup,1996,South Africa,Fanie de Villiers,13 October 1964,Right-handed,Right-arm fast-medium,Northern Transvaal
ODI World Cup,1996,South Africa,Gary Kirsten,23 November 1967,Left-handed,Right-arm off-break,Western Province
ODI World Cup,1996,South Africa,Hansie Cronje (c),25 September 1969,Right-handed,Right-arm medium,Free State
ODI World Cup,1996,South Africa,Jacques Kallis,16 October 1975,Right-handed,Right-arm fast-medium,Western Province
ODI World Cup,1996,South Africa,Jonty Rhodes,27 July 1969,Right-handed,Right-arm medium,KwaZulu-Natal
ODI World Cup,1996,South Africa,Pat Symcox,14 April 1960,Right-handed,Right-arm offbreak,KwaZulu-Natal
ODI World Cup,1996,South Africa,Paul Adams,20 January 1977,Right-handed,Left-arm wrist spin,Western Province
ODI World Cup,1996,South Africa,Shaun Pollock,16 July 1973,Right-handed,Right-arm fast-medium,Warwickshire
ODI World Cup,1996,South Africa,Steve Palframan (wk),12 May 1970,Right-handed,Wicket-keeper,Boland
ODI World Cup,1996,Sri Lanka,Aravinda de Silva (vc),17 October 1965,Right-handed,Right-arm off-break,Nondescripts
ODI World Cup,1996,Sri Lanka,Arjuna Ranatunga (c),1 December 1963,Left-handed,Right-arm medium,Sinhalese SC
ODI World Cup,1996,Sri Lanka,Asanka Gurusinha,16 September 1966,Left-handed,Right-arm medium,Nondescripts
ODI World Cup,1996,Sri Lanka,Chaminda Vaas,27 January 1974,Left-handed,Left-arm fast medium,Colts CC
ODI World Cup,1996,Sri Lanka,Hashan Tillakaratne,14 July 1967,Left-handed,-,Nondescripts
ODI World Cup,1996,Sri Lanka,Kumar Dharmasena,24 April 1971,Right-handed,Right-arm offbreak,Bloomfield
ODI World Cup,1996,Sri Lanka,Marvan Atapattu,22 November 1970,Right-handed,Right-arm leg spin,Sinhalese SC
ODI World Cup,1996,Sri Lanka,Muttiah Muralitharan,17 April 1972,Right-handed,Right-arm off-break,Tamil Union
ODI World Cup,1996,Sri Lanka,Pramodya Wickramasinghe,14 August 1971,Right-handed,Right-arm fast,Burgher RC
ODI World Cup,1996,Sri Lanka,Ravindra Pushpakumara,21 July 1975,Right-handed,Right-arm fast-medium,Colts CC
ODI World Cup,1996,Sri Lanka,Romesh Kaluwitharana (wk),24 November 1969,Right-handed,Wicket-keeper/Right-arm medium,Sebastianites
ODI World Cup,1996,Sri Lanka,Roshan Mahanama,31 May 1966,Right-handed,-,Bloomfield
ODI World Cup,1996,Sri Lanka,Sanath Jayasuriya,30 June 1969,Left-handed,Slow left-arm orthodox,Bloomfield
ODI World Cup,1996,Sri Lanka,Upul Chandana,7 May 1972,Right-handed,Right-arm leg-break,Tamil Union C&AC
ODI World Cup,1996,UAE,Arshad Laeeq,28 November 1970,Right-handed,Right-arm fast-medium,-
ODI World Cup,1996,UAE,Azhar Saeed,25 December 1970,Left-handed,Slow left-arm orthodox,-
ODI World Cup,1996,UAE,Ganesh Mylvaganam,1 August 1966,Right-handed,-,-
ODI World Cup,1996,UAE,Imtiaz Abbasi (wk),9 June 1968,Right-handed,Wicket-keeper,-
ODI World Cup,1996,UAE,Johanne Samarasekera,22 February 1968,Right-handed,Right-arm medium-fast,-
ODI World Cup,1996,UAE,Mazhar Hussain,25 October 1967,Right-handed,Right-arm leg-break,-
ODI World Cup,1996,UAE,Mohammad Aslam,7 September 1961,Right-handed,Right-arm fast,-
ODI World Cup,1996,UAE,Mohammad Ishaq,7 March 1963,Right-handed,Right-arm medium,-
ODI World Cup,1996,UAE,Saeed-Al-Saffar,31 July 1968,Left-handed,Left-arm fast-medium,-
ODI World Cup,1996,UAE,Saleem Raza,5 July 1964,Right-handed,Right-arm offbreak,-
ODI World Cup,1996,UAE,Shaukat Dukanwala,21 January 1957,Right-handed,Right-arm offbreak,-
ODI World Cup,1996,UAE,Shehzad Altaf,6 October 1957,Right-handed,Right-arm medium,-
ODI World Cup,1996,UAE,Sultan Zarawani (c),24 January 1961,Right-handed,Right-arm leg spin,-
ODI World Cup,1996,UAE,Vijay Mehra,17 October 1963,Right-handed,-,-
ODI World Cup,1996,West Indies,Brian Lara,2 May 1969,Left-handed,Right-arm leg-break,Trinidad and Tobago
ODI World Cup,1996,West Indies,Cameron Cuffy,8 February 1970,Right-handed,Right-arm fast,Windward Islands
ODI World Cup,1996,West Indies,Courtney Browne (wk),7 December 1970,Right-handed,Wicket-keeper,Barbados
ODI World Cup,1996,West Indies,Courtney Walsh,30 October 1962,Right-handed,Right-arm medium fast,Jamaica
ODI World Cup,1996,West Indies,Curtly Ambrose,21 September 1963,Left-handed,Right-arm fast,Leeward Islands
ODI World Cup,1996,West Indies,Ian Bishop,24 October 1967,Right-handed,Right-arm fast,Trinidad and Tobago
ODI World Cup,1996,West Indies,Jimmy Adams,9 January 1968,Left-handed,Slow left-arm orthodox,Jamaica
ODI World Cup,1996,West Indies,Keith Arthurton,21 February 1965,Left-handed,Slow left-arm orthodox/leg-break,Leeward Islands
ODI World Cup,1996,West Indies,Ottis Gibson,16 March 1969,Right-handed,Right-arm fast,Barbados
ODI World Cup,1996,West Indies,Phil Simmons,18 April 1963,Right-handed,Right-arm medium,Trinidad and Tobago
ODI World Cup,1996,West Indies,Richie Richardson (c),12 January 1962,Right-handed,Right-arm medium-pace,Leeward Islands
ODI World Cup,1996,West Indies,Roger Harper,17 March 1963,Right-handed,Right-arm off-break,Guyana
ODI World Cup,1996,West Indies,Roland Holder,22 December 1967,Right-handed,Right-arm medium pace,Barbados
ODI World Cup,1996,West Indies,Sherwin Campbell,1 January 1970,Right-handed,Right-arm medium pace,Barbados
ODI World Cup,1996,West Indies,Shivnarine Chanderpaul,16 August 1974,Left-handed,Right-arm leg-break,Guyana
ODI World Cup,1996,Zimbabwe,Alistair Campbell,23 September 1972,Left-handed,Right-arm off-break,Manicaland
ODI World Cup,1996,Zimbabwe,"Andy Flower (c, wk)",28 April 1968,Left-handed,Wicket-keeper/Right-arm off-break,Mashonaland
ODI World Cup,1996,Zimbabwe,Andy Waller,25 September 1959,Right-handed,Right-arm medium,Mashonaland
ODI World Cup,1996,Zimbabwe,Bryan Strang,9 June 1972,Right-handed,Left-arm medium,Mashonaland
ODI World Cup,1996,Zimbabwe,Charlie Lock,10 September 1962,Right-handed,Right-arm fast-medium,Mashonaland
ODI World Cup,1996,Zimbabwe,Craig Evans,29 November 1969,Right-handed,Right-arm medium,Matabeleland
ODI World Cup,1996,Zimbabwe,Eddo Brandes,5 March 1963,Right-handed,Right-arm fast,Mashonaland
ODI World Cup,1996,Zimbabwe,Grant Flower,20 December 1970,Right-handed,Slow left-arm orthodox,Mashonaland
ODI World Cup,1996,Zimbabwe,Guy Whittall,5 September 1972,Right-handed,Right-arm medium,Mashonaland
ODI World Cup,1996,Zimbabwe,Heath Streak,16 March 1974,Right-handed,Right-arm fast-medium,Matabeleland
ODI World Cup,1996,Zimbabwe,Henry Olonga,3 July 1976,Right-handed,Right-arm fast,Matabeleland
ODI World Cup,1996,Zimbabwe,Paul Strang,28 July 1970,Right-handed,Right-arm leg-break,Mashonaland
ODI World Cup,1996,Zimbabwe,Sean Davies,15 October 1973,Left-handed,Right-arm medium-fast,Mashonaland
ODI World Cup,1996,Zimbabwe,Stephen Peall,2 September 1969,Left-handed,Right-arm offbreak,Mashonaland
ODI World Cup,1999,Australia,Adam Dale,30 December 1968,Left-handed,Right-arm medium,Queensland
ODI World Cup,1999,Australia,Adam Gilchrist (wk),14 November 1971,Left-handed,Right-arm off break,Western Australia
ODI World Cup,1999,Australia,Brendon Julian,10 August 1970,Right-handed,Left-arm fast medium,Western Australia
ODI World Cup,1999,Australia,Damien Fleming,24 April 1970,Right-handed,Right-arm fast medium,Victoria
ODI World Cup,1999,Australia,Damien Martyn,21 October 1971,Right-handed,Right-arm medium,Western Australia
ODI World Cup,1999,Australia,Darren Lehmann,5 February 1970,Left-handed,Slow left-arm orthodox,South Australia
ODI World Cup,1999,Australia,Glenn McGrath,9 February 1970,Right-handed,Right-arm fast medium,New South Wales
ODI World Cup,1999,Australia,Mark Waugh,2 June 1965,Right-handed,Right-arm medium/off break,New South Wales
ODI World Cup,1999,Australia,Michael Bevan,8 May 1970,Left-handed,Slow left-arm wrist-spin,New South Wales
ODI World Cup,1999,Australia,Paul Reiffel,19 April 1966,Right-handed,Right-arm fast medium,Victoria
ODI World Cup,1999,Australia,Ricky Ponting,19 December 1974,Right-handed,Right-arm medium,Tasmania
ODI World Cup,1999,Australia,Shane Lee,8 August 1973,Right-handed,Right-arm medium,New South Wales
ODI World Cup,1999,Australia,Shane Warne,13 September 1969,Right-handed,Right-arm leg break,Victoria
ODI World Cup,1999,Australia,Steve Waugh (c),2 June 1965,Right-handed,Right-arm medium,New South Wales
ODI World Cup,1999,Australia,Tom Moody,2 October 1965,Right-handed,Right-arm medium,Western Australia
ODI World Cup,1999,Bangladesh,Akram Khan,1 November 1968,Right-handed,Right-arm medium,Chittagong Division
ODI World Cup,1999,Bangladesh,Aminul Islam (c),2 February 1968,Right-handed,Right-arm off break,Biman Bangladesh Airlines
ODI World Cup,1999,Bangladesh,Enamul Haque,27 February 1966,Left-handed,Slow left-arm orthodox,Biman Bangladesh Airlines
ODI World Cup,1999,Bangladesh,Faruk Ahmed,24 July 1966,Right-handed,Right-arm off break,Biman Bangladesh Airlines
ODI World Cup,1999,Bangladesh,Hasibul Hossain,3 June 1977,Right-handed,Right-arm fast medium,Sylhet Division
ODI World Cup,1999,Bangladesh,Khaled Mahmud,26 July 1971,Right-handed,Right-arm medium,Dhaka Division
ODI World Cup,1999,Bangladesh,Khaled Mashud (wk),8 February 1976,Right-handed,Wicket-keeper,Rajshahi Division
ODI World Cup,1999,Bangladesh,Manjural Islam,7 November 1979,Left-handed,Left-arm fast medium,Khulna Division
ODI World Cup,1999,Bangladesh,Mehrab Hossain,22 September 1978,Right-handed,Right-arm medium,Dhaka Division
ODI World Cup,1999,Bangladesh,Minhajul Abedin,25 September 1965,Right-handed,Right-arm off break,Chittagong Division
ODI World Cup,1999,Bangladesh,Mohammad Rafique,5 September 1970,Left-handed,Slow left-arm orthodox,Sylhet Division
ODI World Cup,1999,Bangladesh,Naimur Rahman,9 September 1974,Right-handed,Right-arm off break,Dhaka Division
ODI World Cup,1999,Bangladesh,Niamur Rashid,1 January 1975,Right-handed,Right-arm medium fast,Dhaka Metropolis
ODI World Cup,1999,Bangladesh,Shafiuddin Ahmed,1 June 1973,Right-handed,Right-arm fast medium,Chittagong Division
ODI World Cup,1999,Bangladesh,Shahriar Hossain,1 June 1976,Right-handed,Right-arm off break,Dhaka Division
ODI World Cup,1999,England,Adam Hollioake,5 September 1971,Right-handed,Right-arm medium,Surrey
ODI World Cup,1999,England,Alan Mullally,12 July 1969,Right-handed,Left-arm fast medium,Leicestershire
ODI World Cup,1999,England,Alec Stewart (c/wk),8 April 1963,Right-handed,Right-arm medium,Surrey
ODI World Cup,1999,England,Andrew Flintoff,6 December 1977,Right-handed,Right-arm fast,Lancashire
ODI World Cup,1999,England,Angus Fraser,8 August 1965,Right-handed,Right-arm fast medium,Middlesex
ODI World Cup,1999,England,Darren Gough,18 September 1970,Right-handed,Right-arm fast,Yorkshire
ODI World Cup,1999,England,Graeme Hick,23 May 1966,Right-handed,Right-arm off break,Worcestershire
ODI World Cup,1999,England,Graham Thorpe,1 August 1969,Left-handed,Right-arm medium,Surrey
ODI World Cup,1999,England,Ian Austin,30 May 1966,Left-handed,Right-arm medium,Lancashire
ODI World Cup,1999,England,Mark Ealham,27 August 1969,Right-handed,Right-arm medium fast,Kent
ODI World Cup,1999,England,Nasser Hussain,28 March 1968,Right-handed,Right-arm leg break,Essex
ODI World Cup,1999,England,Neil Fairbrother,9 September 1963,Left-handed,Left-arm medium,Lancashire
ODI World Cup,1999,England,Nick Knight,28 November 1969,Left-handed,Right-arm medium,Warwickshire
ODI World Cup,1999,England,Robert Croft,25 May 1970,Right-handed,Right-arm off break,Glamorgan
ODI World Cup,1999,England,Vince Wells,6 August 1965,Right-handed,Right-arm medium,Kent
ODI World Cup,1999,India,Ajay Jadeja (vc),1 February 1971,Right-handed,Right-arm medium,Haryana
ODI World Cup,1999,India,Ajit Agarkar,4 December 1977,Right-handed,Right-arm fast medium,Mumbai
ODI World Cup,1999,India,Amay Khurasiya,18 May 1972,Left-handed,Slow left-arm orthodox,Madhya Pradesh
ODI World Cup,1999,India,Anil Kumble,17 October 1970,Right-handed,Right-arm leg break,Karnataka
ODI World Cup,1999,India,Debasis Mohanty,20 July 1976,Right-handed,Right-arm fast medium,Odisha
ODI World Cup,1999,India,Javagal Srinath,31 August 1969,Right-handed,Right-arm fast,Karnataka
ODI World Cup,1999,India,Mohammad Azharuddin (c),8 February 1963,Right-handed,Right-arm medium,Hyderabad
ODI World Cup,1999,India,Nayan Mongia (wk),19 December 1969,Right-handed,Wicket-keeper,Baroda
ODI World Cup,1999,India,Nikhil Chopra,19 August 1973,Right-handed,Right-arm off break,Uttar Pradesh
ODI World Cup,1999,India,Rahul Dravid,11 January 1973,Right-handed,Right-arm off break,Karnataka
ODI World Cup,1999,India,Robin Singh,14 September 1963,Left-handed,Right-arm medium fast,Tamil Nadu
ODI World Cup,1999,India,Sachin Tendulkar,24 April 1973,Right-handed,Right-arm leg break,Mumbai
ODI World Cup,1999,India,Sadagoppan Ramesh,16 October 1975,Left-handed,Right-arm off break,Tamil Nadu
ODI World Cup,1999,India,Sourav Ganguly,8 July 1972,Left-handed,Right-arm medium,Bengal
ODI World Cup,1999,India,Venkatesh Prasad,5 August 1969,Right-handed,Right-arm medium fast,Karnataka
ODI World Cup,1999,Kenya,Aasif Karim (c),15 September 1963,Right-handed,Slow left-arm orthodox,"Jaffery, Mombasa"
ODI World Cup,1999,Kenya,Alpesh Vadher,7 September 1974,Right-handed,,"Premier, Nairobi"
ODI World Cup,1999,Kenya,Dipak Chudasama,20 May 1963,Right-handed,,
ODI World Cup,1999,Kenya,Hitesh Modi,13 October 1971,Left-handed,Slow left-arm orthodox,"Nairobi Gymkhana, Kisumu"
ODI World Cup,1999,Kenya,Jimmy Kamande,12 December 1978,Right-handed,Right-arm off spin/fast medium,
ODI World Cup,1999,Kenya,Joseph Angara,8 November 1971,Right-handed,Right-arm medium fast,"Swamibapa, Nairobi"
ODI World Cup,1999,Kenya,Kennedy Otieno (wk),11 March 1972,Right-handed,,"Ruaraka, Nairobi"
ODI World Cup,1999,Kenya,Martin Suji,2 June 1971,Right-handed,Right-arm medium fast,"Aga Khan, Nairobi"
ODI World Cup,1999,Kenya,Maurice Odumbe,15 June 1969,Right-handed,Right-arm off break,"Aga Khan, Nairobi"
ODI World Cup,1999,Kenya,Mohammad Sheikh,29 August 1980,Left-handed,Left-arm fast,
ODI World Cup,1999,Kenya,Ravindu Shah,28 August 1972,Right-handed,Right-arm medium fast,"Nairobi Gymkhana, Kisumu"
ODI World Cup,1999,Kenya,Sandip Gupta (wk),7 April 1967,Right-handed,,
ODI World Cup,1999,Kenya,Steve Tikolo,25 June 1971,Right-handed,Right-arm medium/off spin,"Swamibapa, Nairobi"
ODI World Cup,1999,Kenya,Thomas Odoyo,12 May 1978,Right-handed,Right-arm medium fast,"Nairobi Gymkhana, Kisumu"
ODI World Cup,1999,Kenya,Tony Suji,5 February 1976,Right-handed,Right-arm medium,"Aga Khan, Nairobi"
ODI World Cup,1999,New Zealand,Adam Parore (wk),23 January 1971,Right-handed,Wicket-keeper,Auckland
ODI World Cup,1999,New Zealand,Carl Bulfin,19 August 1973,Right-handed,Right-arm fast medium,Wellington
ODI World Cup,1999,New Zealand,Chris Cairns,13 June 1970,Right-handed,Right-arm fast medium,Canterbury
ODI World Cup,1999,New Zealand,Chris Harris,20 November 1969,Left-handed,Right-arm medium,Canterbury
ODI World Cup,1999,New Zealand,Craig McMillan,13 September 1976,Right-handed,Right-arm medium,Canterbury
ODI World Cup,1999,New Zealand,Daniel Vettori,27 January 1979,Left-handed,Slow left-arm orthodox,Northern Districts
ODI World Cup,1999,New Zealand,Dion Nash,20 November 1971,Right-handed,Right-arm fast medium,Northern Districts
ODI World Cup,1999,New Zealand,Gavin Larsen,27 September 1962,Right-handed,Right-arm medium,Wellington
ODI World Cup,1999,New Zealand,Geoff Allott,24 December 1971,Right-handed,Left-arm fast medium,Canterbury
ODI World Cup,1999,New Zealand,Matt Horne,5 December 1970,Right-handed,Right-arm medium,Otago
ODI World Cup,1999,New Zealand,Matthew Hart,16 May 1972,Left-handed,Slow left-arm orthodox,Northern Districts
ODI World Cup,1999,New Zealand,Nathan Astle,15 September 1971,Right-handed,Right-arm medium,Canterbury
ODI World Cup,1999,New Zealand,Roger Twose,17 April 1968,Left-handed,Right-arm medium,Wellington
ODI World Cup,1999,New Zealand,Simon Doull,6 August 1969,Right-handed,Right-arm medium,Northern Districts
ODI World Cup,1999,New Zealand,Stephen Fleming (c),1 April 1973,Left-handed,Right-arm off break,Canterbury
ODI World Cup,1999,Pakistan,Abdul Razzaq,2 December 1979,Right-handed,Right-arm fast medium,PIA
ODI World Cup,1999,Pakistan,Azhar Mahmood,28 February 1975,Right-handed,Right-arm fast medium,PIA
ODI World Cup,1999,Pakistan,Ijaz Ahmed,20 September 1968,Right-handed,Left-arm medium,Habib Bank
ODI World Cup,1999,Pakistan,Inzamam-ul-Haq,3 March 1970,Right-handed,Slow left-arm orthodox,Faisalabad
ODI World Cup,1999,Pakistan,Moin Khan (wk),23 September 1971,Right-handed,Wicket-keeper,PIA
ODI World Cup,1999,Pakistan,Mushtaq Ahmed,28 June 1970,Right-handed,Right-arm leg break,Multan
ODI World Cup,1999,Pakistan,Saeed Anwar,6 September 1968,Left-handed,Slow left-arm orthodox,National Bank
ODI World Cup,1999,Pakistan,Saleem Malik,16 April 1963,Right-handed,Right-arm off break/slow medium,Lahore
ODI World Cup,1999,Pakistan,Saqlain Mushtaq,29 December 1976,Right-handed,Right-arm off break,PIA
ODI World Cup,1999,Pakistan,Shahid Afridi,1 March 1977,Right-handed,Right-arm leg break,Habib Bank
ODI World Cup,1999,Pakistan,Shoaib Akhtar,13 August 1975,Right-handed,Right-arm fast,Khan Research Labs
ODI World Cup,1999,Pakistan,Wajahatullah Wasti,11 November 1974,Right-handed,Right-arm off break,Allied Bank Limited
ODI World Cup,1999,Pakistan,Waqar Younis,16 November 1971,Right-handed,Right-arm fast,United Bank Limited
ODI World Cup,1999,Pakistan,Wasim Akram (c),3 June 1966,Left-handed,Left-arm fast,PIA
ODI World Cup,1999,Pakistan,Yousuf Youhana,27 August 1974,Right-handed,Right-arm off break,PIA
ODI World Cup,1999,Scotland,Alec Davies (wk),14 August 1962,Right-handed,Wicket-keeper,
ODI World Cup,1999,Scotland,Asim Butt,24 June 1967,Right-handed,Left-arm medium fast,
ODI World Cup,1999,Scotland,Bruce Patterson,29 January 1965,Right-handed,,
ODI World Cup,1999,Scotland,Gavin Hamilton,16 September 1974,Left-handed,Right-arm medium fast,Yorkshire
ODI World Cup,1999,Scotland,George Salmond (c),1 December 1969,Right-handed,Right-arm medium,
ODI World Cup,1999,Scotland,Greig Williamson,28 December 1968,Right-handed,Right-arm medium,
ODI World Cup,1999,Scotland,Ian Philip,9 June 1958,Right-handed,,
ODI World Cup,1999,Scotland,Ian Stanger,5 October 1971,Right-handed,Right-arm medium,
ODI World Cup,1999,Scotland,James Brinkley,13 March 1974,Right-handed,Right-arm fast medium,
ODI World Cup,1999,Scotland,John Blain,4 January 1979,Right-handed,Right-arm fast medium,Northamptonshire
ODI World Cup,1999,Scotland,Keith Sheridan,26 March 1971,Right-handed,Left-arm slow,
ODI World Cup,1999,Scotland,Michael Allingham,6 January 1965,Right-handed,Right-arm medium,
ODI World Cup,1999,Scotland,Mike Smith,30 March 1966,Right-handed,Right-arm medium,
ODI World Cup,1999,Scotland,Nick Dyer,10 September 1969,Right-handed,Right-arm off break,
ODI World Cup,1999,Scotland,Peter Steindl,14 June 1970,Right-handed,Right-arm medium,
ODI World Cup,1999,South Africa,Alan Dawson,27 November 1969,Right-handed,Right-arm medium fast,Western Province
ODI World Cup,1999,South Africa,Allan Donald,20 October 1966,Right-handed,Right-arm fast,Warwickshire
ODI World Cup,1999,South Africa,Dale Benkenstein,9 June 1974,Right-handed,Right-arm medium/off break,KwaZulu-Natal
ODI World Cup,1999,South Africa,Daryll Cullinan,4 March 1967,Right-handed,Right-arm off break,Gauteng
ODI World Cup,1999,South Africa,Derek Crookes,5 March 1969,Right-handed,Right-arm off break,Gauteng
ODI World Cup,1999,South Africa,Gary Kirsten,23 November 1967,Left-handed,Right-arm off break,Western Province
ODI World Cup,1999,South Africa,Hansie Cronje (c),25 September 1969,Right-handed,Right-arm medium,Free State
ODI World Cup,1999,South Africa,Herschelle Gibbs,23 February 1974,Right-handed,Right-arm medium,Western Province
ODI World Cup,1999,South Africa,Jacques Kallis,16 October 1975,Right-handed,Right-arm fast medium,Western Province
ODI World Cup,1999,South Africa,Jonty Rhodes,27 July 1969,Right-handed,Right-arm medium,KwaZulu-Natal
ODI World Cup,1999,South Africa,Lance Klusener,4 September 1971,Left-handed,Right-arm fast medium,KwaZulu-Natal
ODI World Cup,1999,South Africa,Mark Boucher (wk),3 December 1976,Right-handed,Wicket-keeper,Border
ODI World Cup,1999,South Africa,Nicky Boje,20 March 1973,Left-handed,Slow left-arm orthodox,Free State
ODI World Cup,1999,South Africa,Shaun Pollock,16 July 1973,Right-handed,Right-arm fast medium,Warwickshire
ODI World Cup,1999,South Africa,Steve Elworthy,23 February 1965,Right-handed,Right-arm fast medium,Northerns
ODI World Cup,1999,Sri Lanka,Aravinda de Silva (vc),17 October 1965,Right-handed,Right-arm off break,Nondescripts
ODI World Cup,1999,Sri Lanka,Arjuna Ranatunga (c),1 December 1963,Left-handed,Right-arm medium,Sinhalese SC
ODI World Cup,1999,Sri Lanka,Chaminda Vaas,27 January 1974,Left-handed,Left-arm fast medium,Colts CC
ODI World Cup,1999,Sri Lanka,Chandika Hathurusingha,13 September 1968,Right-handed,Right-arm medium fast,Tamil Union
ODI World Cup,1999,Sri Lanka,Eric Upashantha,10 June 1972,Right-handed,Right-arm fast medium,Colts CC
ODI World Cup,1999,Sri Lanka,Hashan Tillakaratne,14 July 1967,Left-handed,,Nondescripts
ODI World Cup,1999,Sri Lanka,Mahela Jayawardene,27 May 1977,Right-handed,Right-arm medium,Sinhalese SC
ODI World Cup,1999,Sri Lanka,Marvan Atapattu,22 November 1970,Right-handed,Right-arm leg break,Sinhalese SC
ODI World Cup,1999,Sri Lanka,Muttiah Muralitharan,17 April 1972,Right-handed,Right-arm off break,Tamil Union
ODI World Cup,1999,Sri Lanka,Pramodya Wickramasinghe,14 August 1971,Right-handed,Right-arm fast,Burgher RC
ODI World Cup,1999,Sri Lanka,Romesh Kaluwitharana (wk),24 November 1969,Right-handed,Right-arm medium,Sebastianites
ODI World Cup,1999,Sri Lanka,Roshan Mahanama,31 May 1966,Right-handed,,Bloomfield
ODI World Cup,1999,Sri Lanka,Ruwan Kalpage,19 February 1970,Left-handed,Right-arm off break,Nondescripts CC
ODI World Cup,1999,Sri Lanka,Sanath Jayasuriya,30 June 1969,Left-handed,Slow left-arm orthodox,Bloomfield
ODI World Cup,1999,Sri Lanka,Upul Chandana,7 May 1972,Right-handed,Right-arm leg break,Tamil Union C&AC
ODI World Cup,1999,West Indies,Brian Lara (c),2 May 1969,Left-handed,Right-arm leg break,Trinidad and Tobago
ODI World Cup,1999,West Indies,Courtney Walsh,30 October 1962,Right-handed,Right-arm medium fast,Jamaica
ODI World Cup,1999,West Indies,Curtly Ambrose,21 September 1963,Left-handed,Right-arm fast,Leeward Islands
ODI World Cup,1999,West Indies,Hendy Bryan,17 March 1970,Right-handed,Right-arm fast medium,Barbados
ODI World Cup,1999,West Indies,Jimmy Adams,9 January 1968,Left-handed,Slow left-arm orthodox,Jamaica
ODI World Cup,1999,West Indies,Keith Arthurton,21 February 1965,Left-handed,Slow left-arm orthodox,Leeward Islands
ODI World Cup,1999,West Indies,Mervyn Dillon,5 June 1974,Right-handed,Right-arm fast medium,Trinidad and Tobago
ODI World Cup,1999,West Indies,Nehemiah Perry,16 June 1968,Right-handed,Right-arm off break,Jamaica
ODI World Cup,1999,West Indies,Phil Simmons,18 April 1963,Right-handed,Right-arm medium,Trinidad and Tobago
ODI World Cup,1999,West Indies,Reon King,6 October 1975,Right-handed,Right-arm fast medium,Guyana
ODI World Cup,1999,West Indies,Ricardo Powell,16 December 1978,Right-handed,Right-arm off break,Jamaica
ODI World Cup,1999,West Indies,Ridley Jacobs (wk),26 November 1967,Left-handed,Wicket-keeper,Leeward Islands
ODI World Cup,1999,West Indies,Sherwin Campbell,1 January 1970,Right-handed,Right-arm medium,Barbados
ODI World Cup,1999,West Indies,Shivnarine Chanderpaul,16 August 1974,Left-handed,Right-arm leg break,Guyana
ODI World Cup,1999,West Indies,Stuart Williams,12 August 1969,Right-handed,Right-arm medium,Leeward Islands
ODI World Cup,1999,Zimbabwe,Adam Huckle,21 September 1971,Right-handed,Right-arm leg break googly,Matabeleland
ODI World Cup,1999,Zimbabwe,Alistair Campbell (c),23 September 1972,Left-handed,Right-arm off break,Manicaland
ODI World Cup,1999,Zimbabwe,Andy Flower (wk),28 April 1968,Left-handed,Right-arm off break,Mashonaland
ODI World Cup,1999,Zimbabwe,Andy Whittall,19 March 1973,Right-handed,Right-arm off break,Manicaland
ODI World Cup,1999,Zimbabwe,Dirk Viljoen,11 March 1977,Left-handed,Slow left-arm orthodox,Mashonaland
ODI World Cup,1999,Zimbabwe,Eddo Brandes,5 March 1963,Right-handed,Right-arm fast,Mashonaland
ODI World Cup,1999,Zimbabwe,Grant Flower,20 December 1970,Right-handed,Slow left-arm orthodox,Mashonaland
ODI World Cup,1999,Zimbabwe,Guy Whittall,5 September 1972,Right-handed,Right-arm medium,Mashonaland
ODI World Cup,1999,Zimbabwe,Heath Streak,16 March 1974,Right-handed,Right-arm fast medium,Matabeleland
ODI World Cup,1999,Zimbabwe,Henry Olonga,3 July 1976,Right-handed,Right-arm fast,Matabeleland
ODI World Cup,1999,Zimbabwe,Murray Goodwin,11 December 1972,Right-handed,Right-arm leg break,Mashonaland
ODI World Cup,1999,Zimbabwe,Neil Johnson,24 January 1970,Left-handed,Right-arm fast medium,Western Province
ODI World Cup,1999,Zimbabwe,Paul Strang,9 June 1972,Right-handed,Left-arm medium,Mashonaland
ODI World Cup,1999,Zimbabwe,Pommie Mbangwa,26 June 1976,Right-handed,Right-arm fast medium,Matabeleland
ODI World Cup,1999,Zimbabwe,Stuart Carlisle,10 May 1972,Right-handed,Right-arm medium,Mashonaland
ODI World Cup,2003,Australia,Adam Gilchrist (wk),14 November 1971,Left-handed,Right-arm off break,Western Australia
ODI World Cup,2003,Australia,Andrew Symonds,9 June 1975,Right-handed,Right-arm fast medium/off-spin,Queensland
ODI World Cup,2003,Australia,Andy Bichel,27 August 1970,Right-handed,Right-arm fast medium,Queensland
ODI World Cup,2003,Australia,Brad Hogg,6 February 1971,Left-handed,Slow left-arm wrist-spin,Western Australia
ODI World Cup,2003,Australia,Brett Lee,8 November 1976,Right-handed,Right-arm fast,New South Wales
ODI World Cup,2003,Australia,Damien Martyn,21 October 1971,Right-handed,Right-arm medium,Western Australia
ODI World Cup,2003,Australia,Darren Lehmann,5 February 1970,Left-handed,Slow left-arm orthodox,South Australia
ODI World Cup,2003,Australia,Glenn McGrath,9 February 1970,Right-handed,Right-arm fast medium,New South Wales
ODI World Cup,2003,Australia,Ian Harvey,10 April 1972,Right-handed,Right-arm medium,Victoria
ODI World Cup,2003,Australia,Jason Gillespie,19 April 1975,Right-handed,Right-arm fast,South Australia
ODI World Cup,2003,Australia,Jimmy Maher,27 February 1974,Left-handed,Right-arm medium,Queensland
ODI World Cup,2003,Australia,Matthew Hayden,29 October 1971,Left-handed,Right-arm medium,Queensland
ODI World Cup,2003,Australia,Michael Bevan,8 May 1970,Left-handed,Slow left-arm wrist-spin,New South Wales
ODI World Cup,2003,Australia,Nathan Bracken,12 September 1977,Right-handed,Left-arm fast medium,New South Wales
ODI World Cup,2003,Australia,Nathan Hauritz,18 October 1981,Right-handed,Right-arm off break,Queensland
ODI World Cup,2003,Australia,Ricky Ponting (c),19 December 1974,Right-handed,Right-arm medium,Tasmania
ODI World Cup,2003,Bangladesh,Akram Khan,1 November 1968,Right-handed,Right-arm medium,Chittagong
ODI World Cup,2003,Bangladesh,Al Sahariar,23 April 1978,Right-handed,Right-arm leg break,Victoria/Dhaka
ODI World Cup,2003,Bangladesh,Alok Kapali,1 January 1984,Right-handed,Right-arm leg break,Victoria/Sylhet
ODI World Cup,2003,Bangladesh,Ehsanul Haque,1 December 1979,Right-handed,Right-arm off break,Mohammedan/Chittagong
ODI World Cup,2003,Bangladesh,Habibul Bashar,17 August 1972,Right-handed,Right-arm off break,Biman
ODI World Cup,2003,Bangladesh,Hannan Sarkar,1 December 1982,Right-handed,Right-arm medium,Surjotorun/Barisal
ODI World Cup,2003,Bangladesh,Khaled Mahmud,26 July 1971,Right-handed,Right-arm medium fast,Biman/Dhaka
ODI World Cup,2003,Bangladesh,Khaled Mashud (c/wk),8 February 1976,Right-handed,Wicket-keeper,Victoria/Rajshahi
ODI World Cup,2003,Bangladesh,Manjural Islam,7 November 1979,Left-handed,Left-arm fast medium,Victoria/Khulna
ODI World Cup,2003,Bangladesh,Mashrafe Mortaza,5 October 1983,Right-handed,Right-arm fast medium,Azad/Khulna
ODI World Cup,2003,Bangladesh,Mohammad Ashraful,7 July 1984,Right-handed,Right-arm leg break,Surjotorun/Dhaka
ODI World Cup,2003,Bangladesh,Mohammad Rafique,5 September 1970,Left-handed,Slow left-arm orthodox,Mohammedan/Dhaka
ODI World Cup,2003,Bangladesh,Sanwar Hossain,5 August 1973,Right-handed,Right-arm off break,Mohammedan/Barisal
ODI World Cup,2003,Bangladesh,Talha Jubair,10 December 1985,Right-handed,Right-arm medium fast,Kalabagan/Dhaka
ODI World Cup,2003,Bangladesh,Tapash Baisya,15 December 1982,Right-handed,Right-arm fast medium,Mohammedan/Sylhet
ODI World Cup,2003,Bangladesh,Tushar Imran,20 December 1983,Right-handed,Right-arm medium,City Club/Khulna
ODI World Cup,2003,Canada,Abdool Samad (wk),3 May 1979,Right-handed,Right-arm off break,Cavaliers
ODI World Cup,2003,Canada,Ashish Bagai (wk),26 January 1982,Right-handed,Wicket-keeper,Toronto
ODI World Cup,2003,Canada,Ashish Patel,31 July 1975,Right-handed,Right-arm medium,Quebec
ODI World Cup,2003,Canada,Austin Codrington,22 August 1975,Right-handed,Right-arm medium fast,Overseas
ODI World Cup,2003,Canada,Barry Seebaran,12 September 1972,Right-handed,Slow left-arm orthodox,Richmond
ODI World Cup,2003,Canada,Davis Joseph,31 July 1963,Right-handed,Right-arm medium fast,Victoria Park
ODI World Cup,2003,Canada,Desmond Chumney,8 January 1968,Right-handed,Right-arm off break,Victoria Park
ODI World Cup,2003,Canada,Fazil Samad,6 April 1975,Right-handed,Right-arm off break,Cavaliers
ODI World Cup,2003,Canada,Ian Billcliff,26 October 1972,Right-handed,Right-arm medium,Vikings
ODI World Cup,2003,Canada,Ishwar Maraj,26 January 1969,Left-handed,Right-arm off break,Overseas
ODI World Cup,2003,Canada,Joe Harris (c),16 August 1965,Right-handed,Right-arm off break,Toronto
ODI World Cup,2003,Canada,John Davison,9 May 1970,Right-handed,Right-arm off break,South Australia
ODI World Cup,2003,Canada,Nicholas Ifill,24 November 1968,Right-handed,Right-arm medium,Victoria Park
ODI World Cup,2003,Canada,Nicholas de Groot,22 October 1975,Right-handed,Right-arm medium,Vikings
ODI World Cup,2003,Canada,Sanjayan Thuraisingam,11 September 1969,Right-handed,Right-arm fast medium,Toronto
ODI World Cup,2003,England,Alec Stewart (wk),8 April 1963,Right-handed,Right-arm medium,Surrey
ODI World Cup,2003,England,Andrew Flintoff,6 December 1977,Right-handed,Right-arm fast,Lancashire
ODI World Cup,2003,England,Andy Caddick,21 November 1968,Right-handed,Right-arm fast medium,Somerset
ODI World Cup,2003,England,Ashley Giles,19 March 1973,Right-handed,Slow left-arm orthodox,Warwickshire
ODI World Cup,2003,England,Craig White,16 December 1969,Right-handed,Right-arm fast medium,Yorkshire
ODI World Cup,2003,England,Ian Blackwell,10 June 1978,Left-handed,Slow left-arm orthodox,Somerset
ODI World Cup,2003,England,James Anderson,30 July 1982,Left-handed,Right-arm fast medium,Lancashire
ODI World Cup,2003,England,Marcus Trescothick,25 December 1975,Left-handed,Right-arm medium,Somerset
ODI World Cup,2003,England,Matthew Hoggard,31 December 1976,Right-handed,Right-arm fast medium,Yorkshire
ODI World Cup,2003,England,Michael Vaughan,29 October 1974,Right-handed,Right-arm off break,Yorkshire
ODI World Cup,2003,England,Nasser Hussain (c),28 March 1968,Right-handed,Right-arm leg break,Essex
ODI World Cup,2003,England,Nick Knight,28 November 1969,Left-handed,Right-arm medium,Warwickshire
ODI World Cup,2003,England,Paul Collingwood,26 May 1976,Right-handed,Right-arm fast medium,Durham
ODI World Cup,2003,England,Ronnie Irani,26 October 1971,Right-handed,Right-arm medium,Essex
ODI World Cup,2003,England,Steve Harmison,23 October 1978,Right-handed,Right-arm fast,Durham
ODI World Cup,2003,India,Ajit Agarkar,4 December 1977,Right-handed,Right-arm fast medium,Mumbai
ODI World Cup,2003,India,Anil Kumble,17 October 1970,Right-handed,Right-arm leg break,Karnataka
ODI World Cup,2003,India,Ashish Nehra,29 April 1979,Right-handed,Left-arm fast medium,Delhi
ODI World Cup,2003,India,Dinesh Mongia,17 April 1977,Left-handed,Slow left-arm orthodox,Punjab
ODI World Cup,2003,India,Harbhajan Singh,3 July 1980,Right-handed,Right-arm off break,Punjab
ODI World Cup,2003,India,Javagal Srinath,31 August 1969,Right-handed,Right-arm fast medium,Karnataka
ODI World Cup,2003,India,Mohammad Kaif,1 December 1980,Right-handed,Right-arm off break,Uttar Pradesh
ODI World Cup,2003,India,Parthiv Patel (wk),9 March 1985,Left-handed,Wicket-keeper,Gujarat
ODI World Cup,2003,India,Rahul Dravid (wk) (vc),11 January 1973,Right-handed,Right-arm off break,Karnataka
ODI World Cup,2003,India,Sachin Tendulkar,24 April 1973,Right-handed,Right-arm leg break,Mumbai
ODI World Cup,2003,India,Sanjay Bangar,11 October 1972,Right-handed,Right-arm medium fast,Railways
ODI World Cup,2003,India,Sourav Ganguly (c),8 July 1972,Left-handed,Right-arm medium,Bengal
ODI World Cup,2003,India,Virender Sehwag,20 October 1978,Right-handed,Right-arm off break,Delhi
ODI World Cup,2003,India,Yuvraj Singh,12 December 1981,Left-handed,Slow left-arm orthodox,Punjab
ODI World Cup,2003,India,Zaheer Khan,7 October 1978,Right-handed,Left-arm fast medium,Baroda
ODI World Cup,2003,Kenya,Aasif Karim,15 December 1963,Right-handed,Slow left-arm orthodox,"Jaffery, Mombasa"
ODI World Cup,2003,Kenya,Alpesh Vadher,7 September 1974,Right-handed,-,"Premier, Nairobi"
ODI World Cup,2003,Kenya,Brijal Patel,14 November 1977,Right-handed,Slow left-arm orthodox,"Premier, Nairobi"
ODI World Cup,2003,Kenya,Collins Obuya,27 July 1981,Right-handed,Right-arm leg break,"Ruaraka, Nairobi"
ODI World Cup,2003,Kenya,David Obuya (wk),14 August 1979,Right-handed,Wicket-keeper,"Ruaraka, Nairobi"
ODI World Cup,2003,Kenya,Hitesh Modi,13 October 1971,Left-handed,Right-arm off break,"Nairobi Gymkhana, Kisumu"
ODI World Cup,2003,Kenya,Joseph Angara,8 November 1971,Right-handed,Right-arm medium,"Swamibapa, Nairobi"
ODI World Cup,2003,Kenya,Kennedy Otieno (wk),11 March 1972,Right-handed,Wicket-keeper,"Ruaraka, Nairobi"
ODI World Cup,2003,Kenya,Martin Suji,2 June 1971,Right-handed,Right-arm medium fast,"Aga Khan, Nairobi"
ODI World Cup,2003,Kenya,Maurice Odumbe,15 June 1969,Right-handed,Right-arm off break,"Aga Khan, Nairobi"
ODI World Cup,2003,Kenya,Peter Ongondo,10 February 1977,Right-handed,Right-arm medium,"Swamibapa, Nairobi"
ODI World Cup,2003,Kenya,Ravindu Shah,28 August 1972,Right-handed,Right-arm medium,"Nairobi Gymkhana, Nairobi"
ODI World Cup,2003,Kenya,Steve Tikolo (c),25 June 1971,Right-handed,Right-arm medium,"Swamibapa, Nairobi"
ODI World Cup,2003,Kenya,Thomas Odoyo,12 May 1978,Right-handed,Right-arm medium fast,"Nairobi Gymkhana, Nairobi"
ODI World Cup,2003,Kenya,Tony Suji,5 February 1976,Right-handed,Right-arm medium,"Aga Khan, Nairobi"
ODI World Cup,2003,Namibia,Bjorn Kotze,11 December 1978,Right-handed,Right-arm medium fast,Wanderers
ODI World Cup,2003,Namibia,Bryan Murgatroyd,19 October 1969,Right-handed,Right-arm medium,Wanderers
ODI World Cup,2003,Namibia,Burton van Rooi,9 July 1982,Right-handed,Right-arm medium fast,CCD
ODI World Cup,2003,Namibia,Danie Keulder,2 August 1973,Right-handed,Right-arm off break,Wanderers
ODI World Cup,2003,Namibia,Deon Kotze (c),12 September 1973,Right-handed,Right-arm off break,Wanderers
ODI World Cup,2003,Namibia,Gerrie Snyman,30 April 1981,Right-handed,Right-arm fast medium,United
ODI World Cup,2003,Namibia,Jan-Berrie Burger,25 August 1981,Right-handed,Right-arm leg break,Police
ODI World Cup,2003,Namibia,Johannes van der Merwe,5 February 1980,Right-handed,Right-arm off break,Namibia
ODI World Cup,2003,Namibia,Lennie Louw,19 June 1959,Right-handed,Slow left-arm orthodox,CCD
ODI World Cup,2003,Namibia,Louis Burger,12 March 1978,Right-handed,Right-arm medium,United
ODI World Cup,2003,Namibia,Melt van Schoor (wk),8 December 1967,Right-handed,Wicket-keeper,Police
ODI World Cup,2003,Namibia,Morne Karg (wk),12 July 1977,Right-handed,Wicket-keeper,United
ODI World Cup,2003,Namibia,Riaan Walters,10 August 1980,Right-handed,-,United
ODI World Cup,2003,Namibia,Rudi van Vuuren,20 September 1972,Right-handed,Right-arm medium fast,Police
ODI World Cup,2003,Namibia,Sarel Burger,13 February 1983,Right-handed,Right-arm medium fast,United
ODI World Cup,2003,Namibia,Stefan Swanepoel,2 December 1981,Right-handed,-,Wanderers
ODI World Cup,2003,Netherlands,Adeel Raja,15 August 1980,Right-handed,Right-arm off break,VRA Amsterdam
ODI World Cup,2003,Netherlands,Bas Zuiderent,3 March 1977,Right-handed,Right-arm medium,Sussex
ODI World Cup,2003,Netherlands,Daan van Bunge,19 October 1982,Right-handed,Right-arm leg break,Voorburg CC
ODI World Cup,2003,Netherlands,Edgar Schiferli,17 May 1976,Right-handed,Right-arm fast medium,Quick Den Haag
ODI World Cup,2003,Netherlands,Feiko Kloppenburg,19 June 1974,Right-handed,Right-arm medium,Rood en Wit Haarlem
ODI World Cup,2003,Netherlands,Hendrik-Jan Mol,29 March 1977,Left-handed,Left-arm medium,Quick Den Haag
ODI World Cup,2003,Netherlands,Jacob-Jan Esmeijer,28 May 1972,Right-handed,Slow left-arm orthodox,Excelsior'20
ODI World Cup,2003,Netherlands,Jeroen Smits (wk),21 June 1972,Right-handed,Wicket-keeper,HCC Den Haag
ODI World Cup,2003,Netherlands,Klaas-Jan van Noortwijk,10 July 1970,Right-handed,Right-arm medium,VOC Rotterdam
ODI World Cup,2003,Netherlands,Luuk van Troost,28 September 1969,Left-handed,Left-arm medium,Excelsior'20
ODI World Cup,2003,Netherlands,Nick Statham,15 March 1975,Right-handed,Right-arm off break,Hermes DVS
ODI World Cup,2003,Netherlands,Reinout Scholte (wk),10 August 1967,Right-handed,Wicket-keeper,VOC Rotterdam
ODI World Cup,2003,Netherlands,Roland Lefebvre (c),7 February 1963,Right-handed,Right-arm medium fast,VOC Rotterdam
ODI World Cup,2003,Netherlands,Ruud Nijman,15 June 1982,Right-handed,Right-arm medium fast,Hermes DVS
ODI World Cup,2003,Netherlands,Tim de Leede,25 January 1968,Right-handed,Right-arm medium,Voorburg CC
ODI World Cup,2003,Netherlands,Victor Grandia,10 January 1979,Right-handed,Right-arm medium,VRA Amsterdam
ODI World Cup,2003,New Zealand,Andre Adams,17 July 1975,Right-handed,Right-arm fast medium,Auckland
ODI World Cup,2003,New Zealand,Brendon McCullum (wk),27 September 1981,Right-handed,Right-arm medium,Otago
ODI World Cup,2003,New Zealand,Chris Cairns,13 June 1970,Right-handed,Right-arm fast medium,Canterbury
ODI World Cup,2003,New Zealand,Chris Harris,20 November 1969,Left-handed,Right-arm medium,Canterbury
ODI World Cup,2003,New Zealand,Craig McMillan,13 September 1976,Right-handed,Right-arm medium,Canterbury
ODI World Cup,2003,New Zealand,Daniel Vettori,27 January 1979,Left-handed,Slow left-arm orthodox,Northern Districts
ODI World Cup,2003,New Zealand,Daryl Tuffey,11 June 1978,Right-handed,Right-arm fast medium,Northern Districts
ODI World Cup,2003,New Zealand,Jacob Oram,28 July 1978,Left-handed,Right-arm fast medium,Central Districts
ODI World Cup,2003,New Zealand,Kyle Mills,15 March 1979,Right-handed,Right-arm fast medium,Auckland
ODI World Cup,2003,New Zealand,Lou Vincent (wk),11 November 1978,Right-handed,Right-arm medium,Auckland
ODI World Cup,2003,New Zealand,Mathew Sinclair,9 November 1975,Right-handed,Right-arm medium fast,Central Districts
ODI World Cup,2003,New Zealand,Nathan Astle,15 September 1971,Right-handed,Right-arm medium,Canterbury
ODI World Cup,2003,New Zealand,Scott Styris,10 July 1975,Right-handed,Right-arm medium,Northern Districts
ODI World Cup,2003,New Zealand,Shane Bond,7 June 1975,Right-handed,Right-arm fast,Canterbury
ODI World Cup,2003,New Zealand,Stephen Fleming (c),1 April 1973,Left-handed,Right-arm medium,Wellington
ODI World Cup,2003,Pakistan,Abdul Razzaq,2 December 1979,Right-handed,Right-arm fast medium,PIA
ODI World Cup,2003,Pakistan,Azhar Mahmood,28 February 1975,Right-handed,Right-arm fast medium,PIA
ODI World Cup,2003,Pakistan,Inzamam-ul-Haq,3 March 1970,Right-handed,Slow left-arm orthodox,National Bank
ODI World Cup,2003,Pakistan,Mohammad Sami,24 February 1981,Right-handed,Right-arm fast,National Bank
ODI World Cup,2003,Pakistan,Rashid Latif (wk),14 October 1968,Right-handed,Right-arm leg break,Allied Bank
ODI World Cup,2003,Pakistan,Saeed Anwar,6 September 1968,Left-handed,Slow left-arm orthodox,National Bank
ODI World Cup,2003,Pakistan,Saleem Elahi,21 November 1976,Right-handed,Right-arm off break,Habib Bank
ODI World Cup,2003,Pakistan,Saqlain Mushtaq,29 December 1976,Right-handed,Right-arm off break,PIA
ODI World Cup,2003,Pakistan,Shahid Afridi,1 March 1980,Right-handed,Right-arm leg break,Habib Bank
ODI World Cup,2003,Pakistan,Shoaib Akhtar,13 August 1975,Right-handed,Right-arm fast,Khan Research Labs
ODI World Cup,2003,Pakistan,Taufeeq Umar,20 June 1981,Left-handed,Right-arm off break,Habib Bank
ODI World Cup,2003,Pakistan,Waqar Younis (c),16 November 1971,Right-handed,Right-arm fast,National Bank
ODI World Cup,2003,Pakistan,Wasim Akram,3 June 1966,Left-handed,Left-arm fast,PIA
ODI World Cup,2003,Pakistan,Younis Khan,29 November 1977,Right-handed,Right-arm leg break,Habib Bank
ODI World Cup,2003,Pakistan,Yousuf Youhana,27 August 1974,Right-handed,Right-arm off break,PIA
ODI World Cup,2003,South Africa,Allan Donald,20 October 1966,Right-handed,Right-arm fast,Free State
ODI World Cup,2003,South Africa,Andrew Hall,31 July 1975,Right-handed,Right-arm fast medium,Northerns
ODI World Cup,2003,South Africa,Boeta Dippenaar,14 June 1977,Right-handed,Right-arm off break,Free State
ODI World Cup,2003,South Africa,Charl Langeveldt,17 December 1974,Right-handed,Right-arm fast medium,Boland
ODI World Cup,2003,South Africa,Gary Kirsten,23 November 1967,Left-handed,Right-arm off break,Western Province
ODI World Cup,2003,South Africa,Graeme Smith,1 February 1981,Left-handed,Right-arm off break,Western Province
ODI World Cup,2003,South Africa,Herschelle Gibbs,23 February 1974,Right-handed,Right-arm medium,Western Province
ODI World Cup,2003,South Africa,Jacques Kallis,16 October 1975,Right-handed,Right-arm fast medium,Western Province
ODI World Cup,2003,South Africa,Jonty Rhodes,27 July 1969,Right-handed,Right-arm medium,KwaZulu-Natal
ODI World Cup,2003,South Africa,Lance Klusener,4 September 1971,Left-handed,Right-arm fast medium,KwaZulu-Natal
ODI World Cup,2003,South Africa,Makhaya Ntini,6 July 1977,Right-handed,Right-arm fast,Border
ODI World Cup,2003,South Africa,Mark Boucher (wk),6 December 1976,Right-handed,Right-arm medium,Border
ODI World Cup,2003,South Africa,Monde Zondeki,25 July 1982,Right-handed,Right-arm fast,Border
ODI World Cup,2003,South Africa,Nicky Boje,20 March 1973,Left-handed,Slow left-arm orthodox,Free State
ODI World Cup,2003,South Africa,Robin Peterson,4 August 1979,Left-handed,Slow left-arm orthodox,Eastern Province
ODI World Cup,2003,South Africa,Shaun Pollock (c),16 July 1973,Right-handed,Right-arm fast medium,KwaZulu-Natal
ODI World Cup,2003,Sri Lanka,Aravinda de Silva,17 October 1965,Right-handed,Right-arm off break,Nondescripts
ODI World Cup,2003,Sri Lanka,Avishka Gunawardene,26 May 1977,Left-handed,-,Sinhalese SC
ODI World Cup,2003,Sri Lanka,Chaminda Vaas,27 January 1974,Left-handed,Left-arm fast medium,Colts
ODI World Cup,2003,Sri Lanka,Charitha Buddhika,22 August 1980,Right-handed,Right-arm medium fast,Panadura
ODI World Cup,2003,Sri Lanka,Dilhara Fernando,19 July 1979,Right-handed,Right-arm fast,Sinhalese SC
ODI World Cup,2003,Sri Lanka,Hashan Tillakaratne,14 July 1967,Left-handed,Right-arm off break,Nondescripts
ODI World Cup,2003,Sri Lanka,Jehan Mubarak,10 January 1981,Left-handed,Right-arm off break,Colombo
ODI World Cup,2003,Sri Lanka,Kumar Sangakkara (wk),27 October 1977,Left-handed,Right-arm off break,Nondescripts
ODI World Cup,2003,Sri Lanka,Mahela Jayawardene,27 May 1977,Right-handed,Right-arm medium,Sinhalese SC
ODI World Cup,2003,Sri Lanka,Marvan Atapattu,22 November 1970,Right-handed,Right-arm leg break,Sinhalese SC
ODI World Cup,2003,Sri Lanka,Muttiah Muralitharan,17 April 1972,Right-handed,Right-arm off break,Tamil Union
ODI World Cup,2003,Sri Lanka,Prabath Nissanka,25 October 1980,Right-handed,Right-arm medium fast,Bloomfield
ODI World Cup,2003,Sri Lanka,Pulasthi Gunaratne,27 September 1973,Right-handed,Right-arm fast medium,Tamil Union
ODI World Cup,2003,Sri Lanka,Russel Arnold,25 October 1973,Left-handed,Right-arm off break,Nondescripts
ODI World Cup,2003,Sri Lanka,Sanath Jayasuriya (c),30 June 1969,Left-handed,Slow left-arm orthodox,Bloomfield
ODI World Cup,2003,West Indies,Brian Lara,2 May 1969,Left-handed,Right-arm leg break,Trinidad and Tobago
ODI World Cup,2003,West Indies,Carl Hooper (c),15 December 1966,Right-handed,Right-arm off break,Guyana
ODI World Cup,2003,West Indies,Chris Gayle,21 September 1979,Left-handed,Right-arm off break,Jamaica
ODI World Cup,2003,West Indies,Corey Collymore,21 December 1977,Right-handed,Right-arm fast medium,Barbados
ODI World Cup,2003,West Indies,Jermaine Lawson,13 January 1982,Right-handed,Right-arm fast medium,Jamaica
ODI World Cup,2003,West Indies,Marlon Samuels,5 January 1981,Right-handed,Right-arm off break,Jamaica
ODI World Cup,2003,West Indies,Mervyn Dillon,5 June 1974,Right-handed,Right-arm fast medium,Trinidad and Tobago
ODI World Cup,2003,West Indies,Nixon McLean,20 July 1973,Left-handed,Right-arm fast medium,Windward Islands
ODI World Cup,2003,West Indies,Pedro Collins,12 August 1976,Right-handed,Left-arm fast medium,Barbados
ODI World Cup,2003,West Indies,Ramnaresh Sarwan,23 June 1980,Right-handed,Right-arm leg break,Guyana
ODI World Cup,2003,West Indies,Ricardo Powell,16 December 1978,Right-handed,Right-arm off break,Jamaica
ODI World Cup,2003,West Indies,Ridley Jacobs (wk),26 November 1967,Left-handed,Wicket-keeper,Leeward Islands
ODI World Cup,2003,West Indies,Shivnarine Chanderpaul,16 August 1974,Left-handed,Right-arm leg break,Guyana
ODI World Cup,2003,West Indies,Vasbert Drakes,5 August 1969,Right-handed,Right-arm medium fast,Barbados
ODI World Cup,2003,West Indies,Wavell Hinds,7 September 1976,Left-handed,Right-arm medium,Jamaica
ODI World Cup,2003,Zimbabwe,Alistair Campbell,23 September 1972,Left-handed,Right-arm off break,Manicaland
ODI World Cup,2003,Zimbabwe,Andy Blignaut,1 August 1978,Left-handed,Right-arm fast medium,Mashonaland
ODI World Cup,2003,Zimbabwe,Andy Flower (wk),28 April 1968,Left-handed,Right-arm off break,Mashonaland
ODI World Cup,2003,Zimbabwe,Brian Murphy,1 December 1976,Right-handed,Right-arm leg break,Mashonaland
ODI World Cup,2003,Zimbabwe,Craig Wishart,9 January 1974,Right-handed,Right-arm off break,Midlands
ODI World Cup,2003,Zimbabwe,Dion Ebrahim,7 August 1980,Right-handed,Right-arm medium,Mashonaland
ODI World Cup,2003,Zimbabwe,Dougie Marillier,24 April 1978,Right-handed,Right-arm off break,Midlands
ODI World Cup,2003,Zimbabwe,Douglas Hondo,7 July 1979,Right-handed,Right-arm fast medium,Mashonaland
ODI World Cup,2003,Zimbabwe,Grant Flower,20 December 1970,Right-handed,Slow left-arm orthodox,Mashonaland
ODI World Cup,2003,Zimbabwe,Guy Whittall,5 September 1972,Right-handed,Right-arm medium,Manicaland
ODI World Cup,2003,Zimbabwe,Heath Streak (c),16 March 1974,Right-handed,Right-arm fast medium,Matabeleland
ODI World Cup,2003,Zimbabwe,Henry Olonga,3 July 1976,Right-handed,Right-arm fast,Manicaland
ODI World Cup,2003,Zimbabwe,Mark Vermeulen,2 March 1979,Right-handed,Right-arm off break,Matabeleland
ODI World Cup,2003,Zimbabwe,Sean Ervine,6 December 1982,Left-handed,Right-arm medium,Midlands
ODI World Cup,2003,Zimbabwe,Stuart Matsikenyeri,3 May 1983,Right-handed,Right-arm off break,Manicaland
ODI World Cup,2003,Zimbabwe,Tatenda Taibu (wk),14 May 1983,Right-handed,Right-arm off break,Mashonaland
ODI World Cup,2003,Zimbabwe,Travis Friend,7 January 1981,Right-handed,Right-arm fast medium,Midlands
ODI World Cup,2007,Australia,Adam Gilchrist,14 November 1971,Left-handed,Wicket-keeper,Western Warriors
ODI World Cup,2007,Australia,Andrew Symonds,9 June 1975,Right-handed,Right-arm medium/off break,Queensland Bulls
ODI World Cup,2007,Australia,Brad Haddin,23 October 1977,Right-handed,Wicket-keeper,New South Wales Blues
ODI World Cup,2007,Australia,Brad Hodge,29 December 1974,Right-handed,Right-arm off break,Victorian Bushrangers
ODI World Cup,2007,Australia,Brad Hogg,6 February 1971,Left-handed,Slow left-arm wrist-spin,Western Warriors
ODI World Cup,2007,Australia,Glenn McGrath,9 February 1970,Right-handed,Right-arm fast medium,New South Wales Blues
ODI World Cup,2007,Australia,Matthew Hayden,29 October 1971,Left-handed,Right-arm medium,Queensland Bulls
ODI World Cup,2007,Australia,Michael Clarke,2 April 1981,Right-handed,Slow left-arm orthodox,New South Wales Blues
ODI World Cup,2007,Australia,Michael Hussey,27 May 1975,Left-handed,Right-arm medium,Western Warriors
ODI World Cup,2007,Australia,Mitchell Johnson,2 November 1981,Left-handed,Left-arm fast,Queensland Bulls
ODI World Cup,2007,Australia,Nathan Bracken,12 September 1977,Right-handed,Left-arm fast medium,New South Wales Blues
ODI World Cup,2007,Australia,Ricky Ponting (c),19 December 1974,Right-handed,Right-arm medium,Tasmanian Tigers
ODI World Cup,2007,Australia,Shane Watson,17 June 1981,Right-handed,Right-arm fast medium,Queensland Bulls
ODI World Cup,2007,Australia,Shaun Tait,22 February 1983,Right-handed,Right-arm fast,Southern Redbacks
ODI World Cup,2007,Australia,Stuart Clark,28 September 1975,Right-handed,Right-arm fast medium,New South Wales Blues
ODI World Cup,2007,Bangladesh,Abdur Razzak,15 June 1982,Right-handed,Slow left-arm orthodox,Khulna
ODI World Cup,2007,Bangladesh,Aftab Ahmed,10 November 1985,Right-handed,Right-arm medium,Chittagong
ODI World Cup,2007,Bangladesh,Farhad Reza,16 June 1986,Right-handed,Right-arm fast medium,Rajshahi
ODI World Cup,2007,Bangladesh,Habibul Bashar (c),17 August 1972,Right-handed,Right-arm off break,Khulna
ODI World Cup,2007,Bangladesh,Javed Omar,25 November 1976,Right-handed,Right-arm leg break,Dhaka
ODI World Cup,2007,Bangladesh,Mashrafe Mortaza,5 October 1983,Right-handed,Right-arm fast medium,Khulna
ODI World Cup,2007,Bangladesh,Mohammad Ashraful,9 September 1984,Right-handed,Right-arm leg break,Dhaka
ODI World Cup,2007,Bangladesh,Mohammad Rafique,5 September 1970,Left-handed,Slow left-arm orthodox,Dhaka
ODI World Cup,2007,Bangladesh,Mushfiqur Rahim,1 September 1988,Right-handed,Wicket-keeper,Rajshahi
ODI World Cup,2007,Bangladesh,Rajin Saleh,20 November 1983,Right-handed,Right-arm off break,Sylhet
ODI World Cup,2007,Bangladesh,Shahadat Hossain,7 August 1986,Right-handed,Right-arm fast medium,Dhaka
ODI World Cup,2007,Bangladesh,Shahriar Nafees,25 January 1986,Left-handed,,Barisal
ODI World Cup,2007,Bangladesh,Shakib Al Hasan,24 March 1987,Left-handed,Slow left-arm orthodox,Khulna
ODI World Cup,2007,Bangladesh,Syed Rasel,3 July 1984,Left-handed,Left-arm medium fast,Khulna
ODI World Cup,2007,Bangladesh,Tamim Iqbal,20 March 1989,Left-handed,,Chittagong
ODI World Cup,2007,Bangladesh,Tapash Baisya,25 December 1982,Right-handed,Right-arm fast medium,Sylhet
ODI World Cup,2007,Bermuda,Clay Smith,15 January 1971,Right-handed,Right-arm off break,Cleveland County
ODI World Cup,2007,Bermuda,David Hemp,8 November 1970,Left-handed,Right-arm medium,Glamorgan Dragons
ODI World Cup,2007,Bermuda,Dean Minors,6 January 1970,Left-handed,Wicket-keeper,Flatts Victoria
ODI World Cup,2007,Bermuda,Delyone Borden,4 March 1985,Right-handed,Right-arm off break,St. David's
ODI World Cup,2007,Bermuda,Dwayne Leverock,14 July 1971,Right-handed,Slow left-arm orthodox,Southampton Rangers
ODI World Cup,2007,Bermuda,Irving Romaine (c),8 August 1972,Right-handed,Right-arm off break,Baileys Bay
ODI World Cup,2007,Bermuda,Janeiro Tucker,15 March 1975,Right-handed,Right-arm medium,Southampton Rangers
ODI World Cup,2007,Bermuda,Kevin Hurdle,30 December 1976,Right-handed,Right-arm fast,Young Men's Social Club
ODI World Cup,2007,Bermuda,Kwame Tucker,28 September 1976,Right-handed,Wicket-keeper,Southampton Rangers
ODI World Cup,2007,Bermuda,Lionel Cann,3 October 1972,Right-handed,Right-arm medium,Southampton Rangers
ODI World Cup,2007,Bermuda,Malachi Jones,26 June 1989,Right-handed,Right-arm medium fast,Southampton Rangers
ODI World Cup,2007,Bermuda,Oliver Pitcher,27 May 1983,Right-handed,Right-arm medium,St. David's
ODI World Cup,2007,Bermuda,Saleem Mukuddem,20 January 1972,Right-handed,Right-arm medium,Western Stars
ODI World Cup,2007,Bermuda,Stefan Kelly,24 August 1988,Right-handed,Right-arm fast medium,St. David's
ODI World Cup,2007,Bermuda,Steven Outerbridge,20 May 1983,Right-handed,Right-arm off break,Baileys Bay
ODI World Cup,2007,Canada,Abdool Samad,3 May 1979,Right-handed,Right-arm off break,Cavaliers
ODI World Cup,2007,Canada,Anderson Cummins,7 May 1966,Right-handed,Right-arm fast medium,Cavaliers
ODI World Cup,2007,Canada,Ashish Bagai,26 January 1982,Right-handed,Wicket-keeper,Toronto
ODI World Cup,2007,Canada,Asif Mulla,5 May 1980,Right-handed,Wicket-keeper,Yorkshire
ODI World Cup,2007,Canada,Austin Codrington,22 August 1975,Right-handed,Right-arm fast medium,Victoria Park
ODI World Cup,2007,Canada,Desmond Chumney,8 January 1968,Right-handed,Right-arm off break,Victoria Park
ODI World Cup,2007,Canada,Geoff Barnett,3 February 1984,Left-handed,Right-arm medium,Central Districts Stags Meraloma
ODI World Cup,2007,Canada,George Codrington,26 November 1966,Right-handed,Right-arm fast medium,Victoria Park
ODI World Cup,2007,Canada,Henry Osinde,17 October 1978,Right-handed,Right-arm fast medium,WICC
ODI World Cup,2007,Canada,Ian Billcliff,26 October 1972,Right-handed,Right-arm medium,University/Ellerslie
ODI World Cup,2007,Canada,John Davison (c),9 May 1970,Right-handed,Right-arm off break,Mosman
ODI World Cup,2007,Canada,Kevin Sandher,16 July 1980,Right-handed,Slow left-arm orthodox,Meraloma
ODI World Cup,2007,Canada,Qaiser Ali,20 December 1978,Right-handed,Right-arm off break,Adastrians
ODI World Cup,2007,Canada,Sunil Dhaniram,17 October 1968,Left-handed,Slow left-arm orthodox,Cavaliers
ODI World Cup,2007,Canada,Umar Bhatti,4 January 1984,Left-handed,Left-arm medium,Victoria Park
ODI World Cup,2007,England,Andrew Flintoff,6 December 1977,Right-handed,Right-arm fast,Lancashire Lightning
ODI World Cup,2007,England,Andrew Strauss,2 March 1977,Left-handed,Left-arm medium,Middlesex Crusaders
ODI World Cup,2007,England,Ed Joyce,22 September 1978,Left-handed,Right-arm medium,Middlesex Crusaders
ODI World Cup,2007,England,Ian Bell,11 April 1982,Right-handed,Right-arm medium,Warwickshire Bears
ODI World Cup,2007,England,James Anderson,30 July 1982,Left-handed,Right-arm fast medium,Lancashire Lightning
ODI World Cup,2007,England,Jamie Dalrymple,21 January 1981,Right-handed,Right-arm off break,Middlesex Crusaders
ODI World Cup,2007,England,Jon Lewis,26 August 1975,Right-handed,Right-arm medium fast,Gloucestershire Gladiators
ODI World Cup,2007,England,Kevin Pietersen,27 June 1980,Right-handed,Right-arm off break,Hampshire Hawks
ODI World Cup,2007,England,Liam Plunkett,6 April 1985,Right-handed,Right-arm fast medium,Durham Dynamos
ODI World Cup,2007,England,Michael Vaughan (c),29 October 1974,Right-handed,Right-arm off break,Yorkshire Phoenix
ODI World Cup,2007,England,Monty Panesar,25 April 1982,Left-handed,Slow left-arm orthodox,Northamptonshire Steelbacks
ODI World Cup,2007,England,Paul Collingwood,26 May 1976,Right-handed,Right-arm medium fast,Durham Dynamos
ODI World Cup,2007,England,Paul Nixon,21 October 1970,Left-handed,Wicket-keeper,Leicestershire Foxes
ODI World Cup,2007,England,Ravi Bopara,4 May 1985,Right-handed,Right-arm medium,Essex Eagles
ODI World Cup,2007,England,Sajid Mahmood,21 December 1981,Right-handed,Right-arm fast medium,Lancashire Lightning
ODI World Cup,2007,England,Stuart Broad,24 June 1986,Left-handed,Right-arm fast medium,Leicestershire Foxes
ODI World Cup,2007,India,Ajit Agarkar,4 December 1977,Right-handed,Right-arm fast,Mumbai
ODI World Cup,2007,India,Anil Kumble,17 October 1970,Right-handed,Right-arm leg break,Karnataka
ODI World Cup,2007,India,Dinesh Karthik (wk),1 June 1985,Right-handed,Wicket-keeper,Tamil Nadu
ODI World Cup,2007,India,Harbhajan Singh,3 July 1980,Right-handed,Right-arm off break,Punjab
ODI World Cup,2007,India,Irfan Pathan,27 October 1984,Left-handed,Left-arm fast medium,Baroda
ODI World Cup,2007,India,M.S. Dhoni (wk),7 July 1981,Right-handed,Wicket-keeper,Jharkhand
ODI World Cup,2007,India,Munaf Patel,12 July 1983,Right-handed,Right-arm fast medium,Maharashtra
ODI World Cup,2007,India,Rahul Dravid (c),11 January 1973,Right-handed,Right-arm off break,Karnataka
ODI World Cup,2007,India,Robin Uthappa,11 November 1985,Right-handed,Right-arm medium,Karnataka
ODI World Cup,2007,India,S. Sreesanth,6 February 1983,Right-handed,Right-arm fast medium,Kerala
ODI World Cup,2007,India,Sachin Tendulkar,24 April 1973,Right-handed,Right-arm leg break,Mumbai
ODI World Cup,2007,India,Sourav Ganguly,8 July 1972,Left-handed,Right-arm medium,Bengal
ODI World Cup,2007,India,Virender Sehwag,20 October 1978,Right-handed,Right-arm off break,Delhi
ODI World Cup,2007,India,Yuvraj Singh (vc),12 December 1981,Left-handed,Slow left-arm orthodox,Punjab
ODI World Cup,2007,India,Zaheer Khan,7 October 1978,Right-handed,Left-arm fast medium,Mumbai
ODI World Cup,2007,Ireland,Andre Botha,12 September 1975,Left-handed,Right-arm medium,North County
ODI World Cup,2007,Ireland,Andrew White,3 July 1980,Right-handed,Right-arm off break,Northamptonshire Steelbacks
ODI World Cup,2007,Ireland,Boyd Rankin,5 July 1984,Right-handed,Right-arm fast medium,Derbyshire Phantoms
ODI World Cup,2007,Ireland,Dave Langford-Smith,7 December 1976,Right-handed,Right-arm fast medium,Phoenix
ODI World Cup,2007,Ireland,Eoin Morgan,10 September 1986,Left-handed,Right-arm fast medium,Middlesex Crusaders
ODI World Cup,2007,Ireland,Jeremy Bray,30 November 1973,Left-handed,,Eglinton
ODI World Cup,2007,Ireland,John Mooney,10 February 1982,Left-handed,Right-arm medium,North County
ODI World Cup,2007,Ireland,Kenny Carroll,22 March 1983,Right-handed,Right-arm legbreak,Railway Union
ODI World Cup,2007,Ireland,Kevin O'Brien,4 March 1984,Right-handed,Right-arm medium fast,Railway Union
ODI World Cup,2007,Ireland,Kyle McCallan,27 August 1975,Right-handed,Right-arm off break,Waringstown
ODI World Cup,2007,Ireland,Niall O'Brien,8 November 1981,Right-handed,Wicket-keeper,Northamptonshire Steelbacks
ODI World Cup,2007,Ireland,Paul Mooney,15 October 1976,Right-handed,Right-arm medium,North County
ODI World Cup,2007,Ireland,Peter Gillespie,11 May 1974,Right-handed,Right-arm medium,Strabane
ODI World Cup,2007,Ireland,Trent Johnston (c),29 April 1974,Right-handed,Right-arm fast medium,Clontarf
ODI World Cup,2007,Ireland,William Porterfield,6 September 1984,Left-handed,,"Rush, County Dublin"
ODI World Cup,2007,Kenya,Collins Obuya,27 July 1981,Right-handed,Right-arm leg break,Stray Lions
ODI World Cup,2007,Kenya,David Obuya,14 August 1979,Right-handed,Wicket-keeper,Stray Lions
ODI World Cup,2007,Kenya,Hiren Varaiya,9 April 1984,Right-handed,Slow left-arm orthodox,Nairobi Gymkhana
ODI World Cup,2007,Kenya,Jimmy Kamande,12 December 1978,Right-handed,Right-arm off break,Parklands
ODI World Cup,2007,Kenya,Lameck Onyango,22 September 1973,Right-handed,Right-arm medium,Swamibapa
ODI World Cup,2007,Kenya,Malhar Patel,27 November 1983,Right-handed,Right-arm medium,Kanbis
ODI World Cup,2007,Kenya,Morris Ouma,8 November 1982,Right-handed,Wicket-keeper,Swamibapa
ODI World Cup,2007,Kenya,Nehemiah Odhiambo,7 August 1983,Right-handed,Right-arm medium fast,Swamibapa
ODI World Cup,2007,Kenya,Peter Ongondo,10 February 1977,Right-handed,Right-arm medium,Swamibapa
ODI World Cup,2007,Kenya,Rajesh Bhudia,22 November 1984,Right-handed,Right-arm medium,Kanbis
ODI World Cup,2007,Kenya,Ravindu Shah,28 August 1972,Right-handed,Right-arm medium,Nairobi Gymkhana
ODI World Cup,2007,Kenya,Steve Tikolo (c),25 June 1971,Right-handed,Right-arm medium,Swamibapa
ODI World Cup,2007,Kenya,Tanmay Mishra,22 December 1986,Right-handed,Right-arm fast medium,Aga Khan
ODI World Cup,2007,Kenya,Thomas Odoyo,12 May 1978,Right-handed,Right-arm medium fast,Kanbis
ODI World Cup,2007,Kenya,Tony Suji,5 February 1976,Right-handed,Right-arm medium,Swamibapa
ODI World Cup,2007,Netherlands,Adeel Raja,15 August 1980,Right-handed,Right-arm off break,VRA Amsterdam
ODI World Cup,2007,Netherlands,Alexei Kervezee,11 September 1989,Right-handed,Right-arm medium,Worcestershire Royals
ODI World Cup,2007,Netherlands,Bastiaan Zuiderent,3 March 1977,Right-handed,Right-arm medium,VOC Rotterdam
ODI World Cup,2007,Netherlands,Billy Stelling,30 June 1969,Right-handed,Right-arm fast medium,HBS Craeyenhout
ODI World Cup,2007,Netherlands,Daan van Bunge,19 October 1982,Right-handed,Right-arm leg break,Excelsior'20
ODI World Cup,2007,Netherlands,Darron Reekers,26 May 1973,Right-handed,Right-arm medium,Quick Den Haag
ODI World Cup,2007,Netherlands,Edgar Schiferli,17 May 1976,Right-handed,Right-arm medium fast,Quick Den Haag
ODI World Cup,2007,Netherlands,Eric Szwarczynski,13 February 1983,Right-handed,Right-arm medium,VRA Amsterdam
ODI World Cup,2007,Netherlands,Jeroen Smits,21 June 1972,Right-handed,Wicket-keeper,HCC Den Haag
ODI World Cup,2007,Netherlands,Luuk van Troost (c),28 December 1969,Left-handed,Left-arm medium,Excelsior'20
ODI World Cup,2007,Netherlands,Mark Jonkman,20 March 1986,Right-handed,Right-arm medium fast,HCC Den Haag
ODI World Cup,2007,Netherlands,Mohammad Kashif,3 December 1984,Right-handed,Slow left-arm orthodox,VOC Rotterdam
ODI World Cup,2007,Netherlands,Peter Borren,21 August 1983,Right-handed,Right-arm medium,VRA Amsterdam
ODI World Cup,2007,Netherlands,Ryan ten Doeschate,30 June 1980,Right-handed,Right-arm medium fast,Essex Eagles
ODI World Cup,2007,Netherlands,Tim de Leede,25 January 1968,Right-handed,Right-arm medium,Voorburg CC
ODI World Cup,2007,New Zealand,Brendon McCullum,27 September 1981,Right-handed,Wicket-keeper,Canterbury Wizards
ODI World Cup,2007,New Zealand,Chris Martin,10 December 1979,Right-handed,Right-arm fast medium,Auckland Aces
ODI World Cup,2007,New Zealand,Craig McMillan,13 September 1976,Right-handed,Right-arm medium,Canterbury Wizards
ODI World Cup,2007,New Zealand,Daniel Vettori,27 January 1979,Left-handed,Slow left-arm orthodox,Northern Districts Knights
ODI World Cup,2007,New Zealand,Daryl Tuffey,11 June 1978,Right-handed,Right-arm fast medium,Northern Districts Knights
ODI World Cup,2007,New Zealand,Hamish Marshall,15 February 1979,Right-handed,Right-arm medium,Northern Districts Knights
ODI World Cup,2007,New Zealand,Jacob Oram,28 July 1978,Left-handed,Right-arm medium,Central Districts Stags
ODI World Cup,2007,New Zealand,James Franklin,7 November 1980,Left-handed,Left-arm fast medium,Wellington Firebirds
ODI World Cup,2007,New Zealand,Jeetan Patel,7 May 1980,Right-handed,Right-arm off break,Wellington Firebirds
ODI World Cup,2007,New Zealand,Lou Vincent,11 November 1978,Right-handed,Right-arm medium,Auckland Aces
ODI World Cup,2007,New Zealand,Mark Gillespie,17 October 1979,Right-handed,Right-arm fast medium,Wellington Firebirds
ODI World Cup,2007,New Zealand,Michael Mason,27 August 1974,Right-handed,Right-arm fast medium,Central Districts Stags
ODI World Cup,2007,New Zealand,Peter Fulton,1 February 1979,Right-handed,Right-arm medium,Canterbury Wizards
ODI World Cup,2007,New Zealand,Ross Taylor,8 March 1984,Right-handed,Right-arm off break,Central Districts Stags
ODI World Cup,2007,New Zealand,Scott Styris,10 July 1975,Right-handed,Right-arm fast medium,Auckland Aces
ODI World Cup,2007,New Zealand,Shane Bond,7 June 1975,Right-handed,Right-arm fast,Canterbury Wizards
ODI World Cup,2007,New Zealand,Stephen Fleming (c),1 April 1973,Left-handed,Right-arm medium,Wellington Firebirds
ODI World Cup,2007,Pakistan,Azhar Mahmood,28 February 1975,Right-handed,Right-arm fast medium,HBL/Islamabad Surrey Lions
ODI World Cup,2007,Pakistan,Danish Kaneria,16 December 1980,Right-handed,Right-arm leg break,HBL/Karachi Harbour
ODI World Cup,2007,Pakistan,Iftikhar Anjum,1 December 1980,Right-handed,Right-arm medium,ZTBL/Islamabad
ODI World Cup,2007,Pakistan,Imran Nazir,31 December 1981,Right-handed,Right-arm leg break,NBP/Sialkot
ODI World Cup,2007,Pakistan,Inzamam-ul-Haq (c),3 March 1970,Right-handed,Slow left-arm orthodox,WAPDA/Multan
ODI World Cup,2007,Pakistan,Kamran Akmal,13 January 1982,Right-handed,Wicket-keeper,NBP/Lahore Ravi
ODI World Cup,2007,Pakistan,Mohammad Hafeez,17 October 1980,Right-handed,Right-arm off break,SNGPL/Faisalabad
ODI World Cup,2007,Pakistan,Mohammad Sami,24 February 1981,Right-handed,Right-arm fast,NBP/Karachi
ODI World Cup,2007,Pakistan,Mohammad Yousuf,27 August 1974,Right-handed,Right-arm slow,WAPDA/Lahore Ravi
ODI World Cup,2007,Pakistan,Rana Naved-ul-Hasan,28 February 1978,Right-handed,Right-arm medium fast,WAPDA/Sialkot Sussex Sharks
ODI World Cup,2007,Pakistan,Shahid Afridi (vc),1 March 1980,Right-handed,Right-arm leg break,HBL/Karachi Harbour
ODI World Cup,2007,Pakistan,Shoaib Malik,1 February 1982,Right-handed,Right-arm off break,PIA/Sialkot
ODI World Cup,2007,Pakistan,Umar Gul,14 April 1984,Right-handed,Right-arm fast medium,HBL/Peshawar
ODI World Cup,2007,Pakistan,Yasir Arafat,12 March 1982,Right-handed,Right-arm medium,KRL/Rawalpindi Sussex Sharks
ODI World Cup,2007,Pakistan,Younis Khan,29 November 1977,Right-handed,Right-arm leg break,HBL/Peshawar
ODI World Cup,2007,Scotland,Colin Smith,27 September 1972,Right-handed,Wicket-keeper,Aberdeenshire
ODI World Cup,2007,Scotland,Craig Wright (c),28 April 1974,Right-handed,Right-arm medium,Greenock
ODI World Cup,2007,Scotland,Dewald Nel,6 June 1980,Right-handed,Right-arm medium fast,Greenock
ODI World Cup,2007,Scotland,Dougie Brown,29 October 1969,Right-handed,Right-arm fast medium,Warwickshire Bears
ODI World Cup,2007,Scotland,Dougie Lockhart,19 January 1976,Right-handed,Right-arm medium,West of Scotland
ODI World Cup,2007,Scotland,Fraser Watts,5 June 1979,Right-handed,,Greenock
ODI World Cup,2007,Scotland,Gavin Hamilton,16 September 1974,Left-handed,Right-arm medium fast,Scottish Saltires
ODI World Cup,2007,Scotland,Glenn Rogers,12 April 1977,Right-handed,Slow left-arm orthodox,Stenhousemuir
ODI World Cup,2007,Scotland,John Blain,4 January 1979,Left-handed,Right-arm fast medium,Yorkshire Phoenix
ODI World Cup,2007,Scotland,Majid Haq,11 February 1983,Left-handed,Right-arm off break,Ferguslie
ODI World Cup,2007,Scotland,Navdeep Poonia,11 May 1986,Right-handed,Right-arm medium fast,Warwickshire Bears
ODI World Cup,2007,Scotland,Neil McCallum,22 November 1977,Right-handed,,Grange
ODI World Cup,2007,Scotland,Paul Hoffmann,14 January 1970,Right-handed,Right-arm medium fast,Uddingston
ODI World Cup,2007,Scotland,Ross Lyons,8 December 1984,Left-handed,Slow left-arm orthodox,Clydesdale
ODI World Cup,2007,Scotland,Ryan Watson,12 November 1976,Right-handed,Right-arm medium fast,Forfarshire
ODI World Cup,2007,South Africa,AB de Villiers,17 February 1984,Right-handed,Right-arm medium Wicket-keeper,Titans
ODI World Cup,2007,South Africa,Andrew Hall,31 July 1975,Right-handed,Right-arm fast medium,Dolphins Kent Spitfires
ODI World Cup,2007,South Africa,André Nel,15 July 1977,Right-handed,Right-arm fast medium,Titans
ODI World Cup,2007,South Africa,Ashwell Prince,28 May 1977,Left-handed,Left-arm slow,Cape Cobras
ODI World Cup,2007,South Africa,Charl Langeveldt,17 December 1974,Right-handed,Right-arm fast medium,Lions
ODI World Cup,2007,South Africa,Graeme Smith (c),1 February 1981,Left-handed,Right-arm off break,Cape Cobras
ODI World Cup,2007,South Africa,Herschelle Gibbs,23 February 1974,Right-handed,Right-arm medium,Cape Cobras
ODI World Cup,2007,South Africa,Jacques Kallis,16 October 1975,Right-handed,Right-arm fast medium,Cape Cobras
ODI World Cup,2007,South Africa,Justin Kemp,2 October 1977,Right-handed,Right-arm fast medium,Titans Kent Spitfires
ODI World Cup,2007,South Africa,Loots Bosman,14 April 1977,Right-handed,Right-arm medium,Eagles
ODI World Cup,2007,South Africa,Makhaya Ntini,6 July 1977,Right-handed,Right-arm fast,Warriors
ODI World Cup,2007,South Africa,Mark Boucher,3 December 1976,Right-handed,Wicket-keeper,Warriors
ODI World Cup,2007,South Africa,Robin Peterson,4 August 1979,Left-handed,Slow left-arm orthodox,Warriors
ODI World Cup,2007,South Africa,Roger Telemachus,27 March 1973,Right-handed,Right-arm fast medium,Eagles
ODI World Cup,2007,South Africa,Shaun Pollock,16 July 1973,Right-handed,Right-arm fast medium,Dolphins
ODI World Cup,2007,Sri Lanka,Chamara Silva,14 December 1979,Right-handed,Right-arm leg break,Sebastianites C&AC
ODI World Cup,2007,Sri Lanka,Chaminda Vaas,27 January 1974,Left-handed,Left-arm fast medium,Colts CC
ODI World Cup,2007,Sri Lanka,Dilhara Fernando,19 July 1979,Right-handed,Right-arm fast medium,Sinhalese SC
ODI World Cup,2007,Sri Lanka,Farveez Maharoof,7 September 1984,Right-handed,Right-arm fast medium,Bloomfield C&AC
ODI World Cup,2007,Sri Lanka,Kumar Sangakkara,27 October 1977,Left-handed,Wicket-keeper,Nondescripts CC
ODI World Cup,2007,Sri Lanka,Lasith Malinga,4 September 1983,Right-handed,Right-arm fast,Nondescripts CC
ODI World Cup,2007,Sri Lanka,Mahela Jayawardene (c),27 May 1977,Right-handed,Right-arm medium,Sinhalese SC
ODI World Cup,2007,Sri Lanka,Malinga Bandara,31 December 1979,Right-handed,Right-arm leg break,Ragama CC
ODI World Cup,2007,Sri Lanka,Marvan Atapattu,22 November 1970,Right-handed,Right-arm leg break,Sinhalese SC
ODI World Cup,2007,Sri Lanka,Muttiah Muralitharan,17 April 1972,Right-handed,Right-arm off break,Tamil Union C&AC
ODI World Cup,2007,Sri Lanka,Nuwan Kulasekara,22 July 1982,Right-handed,Right-arm fast medium,Colts CC
ODI World Cup,2007,Sri Lanka,Russel Arnold,25 October 1973,Left-handed,Right-arm off break,Nondescripts CC
ODI World Cup,2007,Sri Lanka,Sanath Jayasuriya,30 June 1969,Left-handed,Slow left-arm orthodox,Bloomfield C&AC
ODI World Cup,2007,Sri Lanka,Tillakaratne Dilshan,14 October 1976,Right-handed,Right-arm off break,Bloomfield C&AC
ODI World Cup,2007,Sri Lanka,Upul Tharanga,2 February 1985,Left-handed,,Nondescripts CC
ODI World Cup,2007,West Indies,Brian Lara (c),2 May 1969,Left-handed,Right-arm leg break googly,Trinidad and Tobago
ODI World Cup,2007,West Indies,Chris Gayle,21 September 1979,Left-handed,Right-arm off break,Jamaica
ODI World Cup,2007,West Indies,Corey Collymore,21 December 1977,Right-handed,Right-arm fast medium,Barbados
ODI World Cup,2007,West Indies,Daren Powell,15 April 1978,Right-handed,Right-arm fast medium,Jamaica
ODI World Cup,2007,West Indies,Denesh Ramdin,13 March 1985,Right-handed,Wicket-keeper,Trinidad and Tobago
ODI World Cup,2007,West Indies,Devon Smith,21 October 1981,Left-handed,Right-arm off break,Windward Islands
ODI World Cup,2007,West Indies,Dwayne Bravo,7 October 1983,Right-handed,Right-arm fast medium,Trinidad and Tobago Kent Spitfires
ODI World Cup,2007,West Indies,Dwayne Smith,12 April 1983,Right-handed,Right-arm medium,Barbados
ODI World Cup,2007,West Indies,Ian Bradshaw,9 July 1974,Left-handed,Left-arm fast medium,Barbados
ODI World Cup,2007,West Indies,Jerome Taylor,22 June 1984,Right-handed,Right-arm fast,Jamaica
ODI World Cup,2007,West Indies,Kieron Pollard,12 May 1987,Right-handed,Right-arm medium,Trinidad and Tobago
ODI World Cup,2007,West Indies,Lendl Simmons,25 January 1985,Right-handed,Right-arm medium fast,Trinidad and Tobago
ODI World Cup,2007,West Indies,Marlon Samuels,5 February 1981,Right-handed,Right-arm off break,Jamaica
ODI World Cup,2007,West Indies,Ramnaresh Sarwan,23 June 1980,Right-handed,Right-arm leg break,Guyana
ODI World Cup,2007,West Indies,Shivnarine Chanderpaul,18 August 1974,Left-handed,Right-arm leg break,Guyana
ODI World Cup,2007,Zimbabwe,Anthony Ireland,30 August 1984,Right-handed,Right-arm medium,Midlands
ODI World Cup,2007,Zimbabwe,Brendan Taylor,6 February 1983,Right-handed,Wicket-keeper,Mashonaland
ODI World Cup,2007,Zimbabwe,Christopher Mpofu,27 November 1985,Right-handed,Right-arm medium,Matabeleland
ODI World Cup,2007,Zimbabwe,Ed Rainsford,14 December 1984,Right-handed,Right-arm fast medium,Midlands
ODI World Cup,2007,Zimbabwe,Elton Chigumbura,14 March 1986,Right-handed,Right-arm medium,Manicaland
ODI World Cup,2007,Zimbabwe,Friday Kasteni,25 March 1988,Left-handed,Wicket-keeper,Midlands
ODI World Cup,2007,Zimbabwe,Gary Brent,13 January 1976,Right-handed,Right-arm medium fast,Manicaland
ODI World Cup,2007,Zimbabwe,Justice Chibhabha,6 September 1986,Right-handed,Right-arm medium,Mashonaland
ODI World Cup,2007,Zimbabwe,Keith Dabengwa,17 August 1980,Left-handed,Slow left-arm orthodox,Matabeleland
ODI World Cup,2007,Zimbabwe,Prosper Utseya (c),26 March 1985,Right-handed,Right-arm off break,Manicaland
ODI World Cup,2007,Zimbabwe,Sean Williams,26 September 1986,Left-handed,Slow left-arm orthodox,Matabeleland
ODI World Cup,2007,Zimbabwe,Stuart Matsikenyeri,3 May 1983,Right-handed,Right-arm off break,Manicaland
ODI World Cup,2007,Zimbabwe,Tawanda Mupariwa,16 April 1985,Right-handed,Right-arm fast medium,Matabeleland
ODI World Cup,2007,Zimbabwe,Terry Duffin,20 March 1982,Left-handed,Right-arm medium,Matabeleland
ODI World Cup,2007,Zimbabwe,Vusi Sibanda,10 October 1983,Right-handed,Right-arm medium,Midlands
ODI World Cup,2011,Australia,Brad Haddin,23 October 1977,Right-handed,Wicket-keeper,New South Wales
ODI World Cup,2011,Australia,Brett Lee,8 November 1976,Right-handed,Right-arm fast,New South Wales
ODI World Cup,2011,Australia,Callum Ferguson,3 May 1984,Right-handed,Right-arm medium,South Australia
ODI World Cup,2011,Australia,Cameron White,18 August 1983,Right-handed,Right-arm leg break,Victoria
ODI World Cup,2011,Australia,David Hussey,15 July 1977,Right-handed,Right-arm off break,Victoria
ODI World Cup,2011,Australia,Doug Bollinger,24 July 1981,Left-handed,Left-arm fast medium,New South Wales
ODI World Cup,2011,Australia,Jason Krejza,14 January 1983,Right-handed,Right-arm off break,Tasmania
ODI World Cup,2011,Australia,John Hastings,4 November 1985,Right-handed,Right-arm fast medium,Victoria
ODI World Cup,2011,Australia,Michael Clarke (vc),2 April 1981,Right-handed,Slow left-arm orthodox,New South Wales
ODI World Cup,2011,Australia,Mitchell Johnson,2 November 1981,Left-handed,Left-arm fast,Queensland
ODI World Cup,2011,Australia,Ricky Ponting (c),19 December 1974,Right-handed,Right-arm medium,Tasmania
ODI World Cup,2011,Australia,Shane Watson,17 June 1981,Right-handed,Right-arm fast medium,Queensland
ODI World Cup,2011,Australia,Shaun Tait,22 February 1983,Right-handed,Right-arm fast,South Australia
ODI World Cup,2011,Australia,Steven Smith,2 June 1989,Right-handed,Right-arm leg break,New South Wales
ODI World Cup,2011,Australia,Tim Paine,8 December 1984,Right-handed,Wicket-keeper,Tasmania
ODI World Cup,2011,Bangladesh,Abdur Razzak,15 June 1982,Right-handed,Slow left-arm orthodox,Khulna
ODI World Cup,2011,Bangladesh,Imrul Kayes,2 February 1987,Left-handed,Right-arm off break,Khulna
ODI World Cup,2011,Bangladesh,Jahurul Islam,5 December 1986,Right-handed,Wicket-keeper,Rajshahi
ODI World Cup,2011,Bangladesh,Junaid Siddique,12 January 1987,Left-handed,-,Rajshahi
ODI World Cup,2011,Bangladesh,Mahmudullah,4 February 1986,Right-handed,Right-arm off break,Dhaka
ODI World Cup,2011,Bangladesh,Mohammad Ashraful,7 July 1984,Right-handed,Right-arm leg break,Dhaka
ODI World Cup,2011,Bangladesh,Mushfiqur Rahim,9 May 1988,Right-handed,Wicket-keeper,Rajshahi
ODI World Cup,2011,Bangladesh,Naeem Islam,4 September 1986,Right-handed,Right-arm off break,Rajshahi
ODI World Cup,2011,Bangladesh,Nazmul Hossain,6 December 1986,Right-handed,Right-arm fast medium,Rajshahi
ODI World Cup,2011,Bangladesh,Raqibul Hasan,4 September 1987,Right-handed,Right-arm off break,Barisal
ODI World Cup,2011,Bangladesh,Rubel Hossain,1 January 1990,Right-handed,Right-arm fast,Chittagong
ODI World Cup,2011,Bangladesh,Shafiul Islam,21 October 1989,Right-handed,Right-arm fast medium,Rajshahi
ODI World Cup,2011,Bangladesh,Shakib Al Hasan (c),24 March 1987,Left-handed,Slow left-arm orthodox,Khulna
ODI World Cup,2011,Bangladesh,Suhrawadi Shuvo,12 September 1987,Right-handed,Slow left-arm orthodox,Dhaka
ODI World Cup,2011,Bangladesh,Tamim Iqbal,20 March 1989,Left-handed,-,Chittagong
ODI World Cup,2011,Canada,Ashish Bagai (c),26 January 1982,Right-handed,Wicket-keeper,Toronto
ODI World Cup,2011,Canada,Balaji Rao,6 April 1980,Right-handed,Right-arm off break,-
ODI World Cup,2011,Canada,Harvir Baidwan,15 August 1987,Right-handed,Right-arm fast medium,-
ODI World Cup,2011,Canada,Henry Osinde,17 October 1978,Right-handed,Right-arm fast medium,-
ODI World Cup,2011,Canada,Hiral Patel,3 March 1987,Right-handed,Right-arm medium,-
ODI World Cup,2011,Canada,Jimmy Hansra,25 August 1988,Right-handed,Right-arm medium,-
ODI World Cup,2011,Canada,John Davison,9 May 1970,Right-handed,Right-arm off break,Toronto
ODI World Cup,2011,Canada,Khurram Chohan,5 September 1984,Right-handed,Right-arm fast medium,-
ODI World Cup,2011,Canada,Nitish Kumar,21 October 1994,Right-handed,Right-arm medium,-
ODI World Cup,2011,Canada,Parth Desai,12 May 1985,Right-handed,Right-arm off break,-
ODI World Cup,2011,Canada,Rizwan Cheema (vc),6 November 1978,Right-handed,Right-arm medium,Toronto
ODI World Cup,2011,Canada,Ruvindu Gunasekera,5 June 1985,Left-handed,-,-
ODI World Cup,2011,Canada,Tyson Gordon,20 April 1990,Right-handed,Right-arm medium,-
ODI World Cup,2011,Canada,Umar Bhatti,4 January 1984,Left-handed,Left-arm medium,-
ODI World Cup,2011,Canada,Zubin Surkari,8 March 1979,Right-handed,Right-arm medium,-
ODI World Cup,2011,England,Ajmal Shahzad,27 July 1985,Right-handed,Right-arm fast medium,Yorkshire
ODI World Cup,2011,England,Andrew Strauss (c),2 March 1977,Left-handed,Right-arm medium,Middlesex
ODI World Cup,2011,England,Craig Kieswetter,30 November 1987,Right-handed,Wicket-keeper,Somerset
ODI World Cup,2011,England,Eoin Morgan,10 September 1986,Left-handed,Right-arm medium,Middlesex
ODI World Cup,2011,England,Graeme Swann,24 March 1979,Right-handed,Right-arm off break,Nottinghamshire
ODI World Cup,2011,England,Ian Bell,11 April 1982,Right-handed,Right-arm medium,Warwickshire
ODI World Cup,2011,England,James Anderson,30 July 1982,Left-handed,Right-arm fast medium,Lancashire
ODI World Cup,2011,England,Jonathan Trott,22 April 1981,Right-handed,Right-arm medium,Warwickshire
ODI World Cup,2011,England,Kevin Pietersen,27 June 1980,Right-handed,Right-arm off break,Surrey
ODI World Cup,2011,England,Luke Wright,7 March 1985,Right-handed,Right-arm medium,Sussex
ODI World Cup,2011,England,Matt Prior,26 February 1982,Right-handed,Wicket-keeper,Sussex
ODI World Cup,2011,England,Paul Collingwood,26 May 1976,Right-handed,Right-arm medium fast,Durham
ODI World Cup,2011,England,Steven Finn,4 April 1989,Right-handed,Right-arm fast,Middlesex
ODI World Cup,2011,England,Stuart Broad,24 June 1986,Left-handed,Right-arm fast medium,Nottinghamshire
ODI World Cup,2011,England,Tim Bresnan,28 February 1985,Right-handed,Right-arm fast medium,Yorkshire
ODI World Cup,2011,India,Ashish Nehra,29 April 1979,Right-handed,Left-arm fast medium,Delhi
ODI World Cup,2011,India,Gautam Gambhir,14 October 1981,Left-handed,-,Delhi
ODI World Cup,2011,India,Harbhajan Singh,3 July 1980,Right-handed,Right-arm off break,Punjab
ODI World Cup,2011,India,MS Dhoni (c),7 July 1981,Right-handed,Wicket-keeper,Jharkhand
ODI World Cup,2011,India,Munaf Patel,12 July 1983,Right-handed,Right-arm fast medium,Gujarat
ODI World Cup,2011,India,Piyush Chawla,24 December 1988,Left-handed,Right-arm leg break,Uttar Pradesh
ODI World Cup,2011,India,Ravichandran Ashwin,17 September 1986,Right-handed,Right-arm off break,Tamil Nadu
ODI World Cup,2011,India,S Sreesanth,6 February 1983,Right-handed,Right-arm fast medium,Kerala
ODI World Cup,2011,India,Sachin Tendulkar,24 April 1973,Right-handed,Right-arm leg break,Mumbai
ODI World Cup,2011,India,Suresh Raina,27 November 1986,Left-handed,Right-arm off break,Uttar Pradesh
ODI World Cup,2011,India,Virat Kohli,5 November 1988,Right-handed,Right-arm medium,Delhi
ODI World Cup,2011,India,Virender Sehwag (vc),20 October 1978,Right-handed,Right-arm off break,Delhi
ODI World Cup,2011,India,Yusuf Pathan,17 November 1982,Right-handed,Right-arm off break,Baroda
ODI World Cup,2011,India,Yuvraj Singh,12 December 1981,Left-handed,Slow left-arm orthodox,Punjab
ODI World Cup,2011,India,Zaheer Khan,7 October 1978,Right-handed,Left-arm fast medium,Mumbai
ODI World Cup,2011,Ireland,Albert van der Merwe,11 November 1980,Right-handed,Right-arm off break,-
ODI World Cup,2011,Ireland,Alex Cusack,29 September 1980,Right-handed,Right-arm medium,-
ODI World Cup,2011,Ireland,Andre Botha,12 September 1975,Left-handed,Right-arm medium,-
ODI World Cup,2011,Ireland,Andrew White,3 July 1980,Right-handed,Right-arm off break,-
ODI World Cup,2011,Ireland,Boyd Rankin,5 July 1984,Right-handed,Right-arm fast medium,Derbyshire
ODI World Cup,2011,Ireland,Ed Joyce,22 September 1978,Left-handed,Right-arm medium,Sussex
ODI World Cup,2011,Ireland,Gary Wilson,5 February 1986,Right-handed,Wicket-keeper,-
ODI World Cup,2011,Ireland,George Dockrell,22 July 1992,Left-handed,Slow left-arm orthodox,-
ODI World Cup,2011,Ireland,John Mooney,10 February 1982,Left-handed,Right-arm medium,-
ODI World Cup,2011,Ireland,Kevin O'Brien,4 March 1984,Right-handed,Right-arm medium fast,-
ODI World Cup,2011,Ireland,Niall O'Brien,8 November 1981,Right-handed,Wicket-keeper,Leicestershire
ODI World Cup,2011,Ireland,Nigel Jones,22 November 1985,Right-handed,Right-arm off break,-
ODI World Cup,2011,Ireland,Paul Stirling,3 September 1990,Right-handed,Right-arm off break,Middlesex
ODI World Cup,2011,Ireland,Trent Johnston,29 April 1974,Right-handed,Right-arm fast medium,-
ODI World Cup,2011,Ireland,William Porterfield (c),6 September 1984,Left-handed,-,Warwickshire
ODI World Cup,2011,Kenya,Alex Obanda,8 January 1988,Right-handed,-,-
ODI World Cup,2011,Kenya,Collins Obuya,27 July 1981,Right-handed,Right-arm leg break,-
ODI World Cup,2011,Kenya,David Obuya,14 August 1979,Right-handed,Wicket-keeper,-
ODI World Cup,2011,Kenya,Elijah Otieno,3 March 1975,Right-handed,Right-arm medium fast,-
ODI World Cup,2011,Kenya,Hiren Varaiya,9 April 1984,Right-handed,Slow left-arm orthodox,-
ODI World Cup,2011,Kenya,James Ngoche,15 April 1990,Left-handed,Slow left-arm orthodox,-
ODI World Cup,2011,Kenya,Jimmy Kamande (c),12 December 1978,Right-handed,Right-arm off break,-
ODI World Cup,2011,Kenya,Morris Ouma,8 November 1982,Right-handed,Wicket-keeper,-
ODI World Cup,2011,Kenya,Nehemiah Odhiambo,7 August 1983,Right-handed,Right-arm medium fast,-
ODI World Cup,2011,Kenya,Rakep Patel,31 October 1990,Right-handed,Right-arm off break,-
ODI World Cup,2011,Kenya,Seren Waters,14 June 1988,Right-handed,-,-
ODI World Cup,2011,Kenya,Shem Ngoche,20 August 1985,Right-handed,Slow left-arm orthodox,-
ODI World Cup,2011,Kenya,Steve Tikolo,25 June 1971,Right-handed,Right-arm medium,-
ODI World Cup,2011,Kenya,Tanmay Mishra,22 December 1986,Right-handed,Right-arm fast medium,-
ODI World Cup,2011,Kenya,Thomas Odoyo,12 May 1978,Right-handed,Right-arm medium fast,-
ODI World Cup,2011,Netherlands,Adeel Raja,15 August 1980,Right-handed,Right-arm off break,-
ODI World Cup,2011,Netherlands,Alexei Kervezee,11 September 1989,Right-handed,-,Worcestershire
ODI World Cup,2011,Netherlands,Atse Buurman,4 May 1978,Right-handed,Wicket-keeper,-
ODI World Cup,2011,Netherlands,Bas Zuiderent,3 March 1977,Right-handed,Right-arm medium,-
ODI World Cup,2011,Netherlands,Bernard Loots,3 January 1985,Right-handed,Right-arm medium,-
ODI World Cup,2011,Netherlands,Bradley Kruger,14 June 1985,Right-handed,Right-arm medium,-
ODI World Cup,2011,Netherlands,Edgar Schiferli,17 May 1976,Right-handed,Right-arm fast medium,-
ODI World Cup,2011,Netherlands,Eric Szwarczynski,13 February 1983,Right-handed,Right-arm medium,-
ODI World Cup,2011,Netherlands,Mudassar Bukhari,5 February 1982,Right-handed,Right-arm medium fast,-
ODI World Cup,2011,Netherlands,Peter Borren (c),25 November 1983,Right-handed,Right-arm medium,-
ODI World Cup,2011,Netherlands,Pieter Seelaar,8 January 1987,Left-handed,Slow left-arm orthodox,-
ODI World Cup,2011,Netherlands,Ryan ten Doeschate,30 June 1980,Right-handed,Right-arm medium fast,Essex
ODI World Cup,2011,Netherlands,Tom Cooper,26 February 1986,Right-handed,Right-arm leg break,-
ODI World Cup,2011,Netherlands,Tom de Grooth,24 January 1988,Left-handed,-,-
ODI World Cup,2011,Netherlands,Wesley Barresi,3 July 1984,Right-handed,Wicket-keeper,-
ODI World Cup,2011,New Zealand,Brendon McCullum,27 September 1981,Right-handed,Wicket-keeper,Otago
ODI World Cup,2011,New Zealand,Daniel Vettori (c),27 January 1979,Left-handed,Slow left-arm orthodox,Northern Districts
ODI World Cup,2011,New Zealand,Hamish Bennett,27 November 1987,Right-handed,Right-arm fast medium,-
ODI World Cup,2011,New Zealand,Jacob Oram,28 July 1978,Left-handed,Right-arm fast medium,Central Districts
ODI World Cup,2011,New Zealand,James Franklin,7 November 1980,Left-handed,Left-arm fast medium,Wellington
ODI World Cup,2011,New Zealand,Jamie How,19 October 1981,Right-handed,-,Central Districts
ODI World Cup,2011,New Zealand,Jesse Ryder,6 August 1984,Left-handed,Right-arm medium,Wellington
ODI World Cup,2011,New Zealand,Kane Williamson,8 August 1990,Right-handed,Right-arm off break,Northern Districts
ODI World Cup,2011,New Zealand,Kyle Mills,15 March 1979,Right-handed,Right-arm fast medium,Auckland
ODI World Cup,2011,New Zealand,Luke Woodcock,16 November 1978,Left-handed,Slow left-arm orthodox,Wellington
ODI World Cup,2011,New Zealand,Martin Guptill,30 September 1986,Right-handed,Right-arm medium,Auckland
ODI World Cup,2011,New Zealand,Nathan McCullum,12 September 1980,Right-handed,Right-arm off break,Otago
ODI World Cup,2011,New Zealand,Ross Taylor,8 March 1984,Right-handed,Right-arm off break,Central Districts
ODI World Cup,2011,New Zealand,Scott Styris,10 July 1975,Right-handed,Right-arm medium,Auckland
ODI World Cup,2011,New Zealand,Tim Southee,11 December 1988,Right-handed,Right-arm fast medium,Northern Districts
ODI World Cup,2011,Pakistan,Abdul Razzaq,2 December 1979,Right-handed,Right-arm fast medium,Sui Northern Gas
ODI World Cup,2011,Pakistan,Abdur Rehman,1 March 1980,Left-handed,Slow left-arm orthodox,Sui Southern Gas
ODI World Cup,2011,Pakistan,Ahmed Shehzad,23 October 1991,Right-handed,Right-arm off break,Lahore
ODI World Cup,2011,Pakistan,Asad Shafiq,28 January 1986,Right-handed,Right-arm off break,Karachi
ODI World Cup,2011,Pakistan,Junaid Khan,24 December 1989,Right-handed,Left-arm fast medium,Abbottabad
ODI World Cup,2011,Pakistan,Kamran Akmal,13 January 1982,Right-handed,Wicket-keeper,Lahore
ODI World Cup,2011,Pakistan,Misbah-ul-Haq (vc),28 May 1974,Right-handed,Right-arm leg break,Sui Northern Gas
ODI World Cup,2011,Pakistan,Mohammad Hafeez,17 October 1980,Right-handed,Right-arm off break,Faisalabad
ODI World Cup,2011,Pakistan,Saeed Ajmal,14 October 1977,Right-handed,Right-arm off break,Faisalabad
ODI World Cup,2011,Pakistan,Shahid Afridi (c),1 March 1980,Right-handed,Right-arm leg break,Karachi
ODI World Cup,2011,Pakistan,Shoaib Akhtar,13 August 1975,Right-handed,Right-arm fast,Rawalpindi
ODI World Cup,2011,Pakistan,Umar Akmal,26 May 1990,Right-handed,Wicket-keeper,Lahore
ODI World Cup,2011,Pakistan,Umar Gul,14 April 1984,Right-handed,Right-arm fast medium,Peshawar
ODI World Cup,2011,Pakistan,Wahab Riaz,28 June 1985,Left-handed,Left-arm fast,Lahore
ODI World Cup,2011,Pakistan,Younis Khan,29 November 1977,Right-handed,Right-arm leg break,Peshawar
ODI World Cup,2011,South Africa,AB de Villiers,17 February 1984,Right-handed,Wicket-keeper,Titans
ODI World Cup,2011,South Africa,Colin Ingram,3 July 1985,Left-handed,Right-arm leg break,Warriors
ODI World Cup,2011,South Africa,Dale Steyn,27 June 1983,Right-handed,Right-arm fast,Titans
ODI World Cup,2011,South Africa,Faf du Plessis,13 July 1984,Right-handed,Right-arm leg break,Titans
ODI World Cup,2011,South Africa,Graeme Smith (c),1 February 1981,Left-handed,Right-arm off break,Cape Cobras
ODI World Cup,2011,South Africa,Hashim Amla,31 March 1983,Right-handed,Right-arm leg break,Dolphins
ODI World Cup,2011,South Africa,Imran Tahir,27 March 1979,Right-handed,Right-arm leg break,Titans
ODI World Cup,2011,South Africa,JP Duminy,14 April 1984,Left-handed,Right-arm off break,Cape Cobras
ODI World Cup,2011,South Africa,Jacques Kallis,16 October 1975,Right-handed,Right-arm fast medium,Cape Cobras
ODI World Cup,2011,South Africa,Johan Botha,2 May 1982,Right-handed,Right-arm off break,Warriors
ODI World Cup,2011,South Africa,Lonwabo Tsotsobe,7 March 1984,Left-handed,Left-arm fast medium,Warriors
ODI World Cup,2011,South Africa,Morne Morkel,6 October 1984,Right-handed,Right-arm fast,Titans
ODI World Cup,2011,South Africa,Morne van Wyk,30 September 1980,Right-handed,Wicket-keeper,Knights
ODI World Cup,2011,South Africa,Robin Peterson,4 August 1979,Left-handed,Slow left-arm orthodox,Warriors
ODI World Cup,2011,South Africa,Wayne Parnell,30 July 1989,Left-handed,Left-arm fast medium,Warriors
ODI World Cup,2011,Sri Lanka,Angelo Mathews,2 June 1987,Right-handed,Right-arm fast medium,Colombo CC
ODI World Cup,2011,Sri Lanka,Chamara Kapugedera,9 July 1987,Right-handed,Right-arm medium,Wayamba
ODI World Cup,2011,Sri Lanka,Chamara Silva,15 December 1979,Right-handed,Right-arm leg break,Sebastianites
ODI World Cup,2011,Sri Lanka,Dilhara Fernando,19 July 1979,Right-handed,Right-arm fast medium,Sinhalese SC
ODI World Cup,2011,Sri Lanka,Kumar Sangakkara (c),27 October 1977,Left-handed,Wicket-keeper,Nondescripts
ODI World Cup,2011,Sri Lanka,Lasith Malinga,4 September 1983,Right-handed,Right-arm fast,Nondescripts
ODI World Cup,2011,Sri Lanka,Mahela Jayawardene,27 May 1977,Right-handed,Right-arm medium,Sinhalese SC
ODI World Cup,2011,Sri Lanka,Muttiah Muralitharan,17 April 1972,Right-handed,Right-arm off break,Tamil Union
ODI World Cup,2011,Sri Lanka,Nuwan Kulasekara,22 July 1982,Right-handed,Right-arm fast medium,Colts CC
ODI World Cup,2011,Sri Lanka,Rangana Herath,19 March 1978,Left-handed,Slow left-arm orthodox,Kurunegala
ODI World Cup,2011,Sri Lanka,Suraj Randiv,28 February 1985,Right-handed,Right-arm off break,Colts CC
ODI World Cup,2011,Sri Lanka,Thilan Samaraweera,22 September 1976,Right-handed,Right-arm off break,Sinhalese SC
ODI World Cup,2011,Sri Lanka,Thisara Perera,3 April 1989,Left-handed,Left-arm fast medium,Bloomfield
ODI World Cup,2011,Sri Lanka,Tillakaratne Dilshan,14 October 1976,Right-handed,Right-arm off break,Bloomfield
ODI World Cup,2011,Sri Lanka,Upul Tharanga,2 February 1985,Left-handed,-,Nondescripts
ODI World Cup,2011,West Indies,Adrian Barath,14 November 1990,Right-handed,Right-arm off break,Trinidad and Tobago
ODI World Cup,2011,West Indies,Andre Russell,29 April 1988,Right-handed,Right-arm fast medium,Jamaica
ODI World Cup,2011,West Indies,Carlton Baugh,5 March 1982,Right-handed,Wicket-keeper,Jamaica
ODI World Cup,2011,West Indies,Chris Gayle,21 September 1979,Left-handed,Right-arm off break,Jamaica
ODI World Cup,2011,West Indies,Darren Bravo,6 February 1989,Left-handed,-,Trinidad and Tobago
ODI World Cup,2011,West Indies,Darren Sammy (c),20 December 1983,Right-handed,Right-arm fast medium,Windward Islands
ODI World Cup,2011,West Indies,Devon Smith,21 October 1981,Left-handed,Right-arm off break,Windward Islands
ODI World Cup,2011,West Indies,Dwayne Bravo,7 October 1983,Right-handed,Right-arm medium fast,Trinidad and Tobago
ODI World Cup,2011,West Indies,Jerome Taylor,22 June 1984,Right-handed,Right-arm fast,Jamaica
ODI World Cup,2011,West Indies,Kieron Pollard,12 May 1987,Right-handed,Right-arm medium,Trinidad and Tobago
ODI World Cup,2011,West Indies,Nikita Miller,8 July 1983,Right-handed,Slow left-arm orthodox,Jamaica
ODI World Cup,2011,West Indies,Ramnaresh Sarwan,23 June 1980,Right-handed,Right-arm leg break,Guyana
ODI World Cup,2011,West Indies,Ravi Rampaul,15 October 1984,Right-handed,Right-arm fast medium,Trinidad and Tobago
ODI World Cup,2011,West Indies,Shivnarine Chanderpaul,18 August 1974,Left-handed,Right-arm leg break,Guyana
ODI World Cup,2011,West Indies,Sulieman Benn,22 June 1979,Left-handed,Slow left-arm orthodox,Barbados
ODI World Cup,2011,Zimbabwe,Brendan Taylor,6 February 1986,Right-handed,Wicket-keeper,Mashonaland
ODI World Cup,2011,Zimbabwe,Charles Coventry,30 July 1983,Right-handed,-,Matabeleland
ODI World Cup,2011,Zimbabwe,Chris Mpofu,27 November 1985,Right-handed,Right-arm fast medium,Matabeleland
ODI World Cup,2011,Zimbabwe,Craig Ervine,19 August 1985,Left-handed,-,Manicaland
ODI World Cup,2011,Zimbabwe,Elton Chigumbura (c),14 March 1986,Right-handed,Right-arm medium fast,Manicaland
ODI World Cup,2011,Zimbabwe,Graeme Cremer,19 July 1986,Right-handed,Right-arm leg break,Mashonaland
ODI World Cup,2011,Zimbabwe,Greg Lamb,30 April 1983,Right-handed,Right-arm off break,Mashonaland
ODI World Cup,2011,Zimbabwe,Prosper Utseya,26 March 1985,Right-handed,Right-arm off break,Mashonaland
ODI World Cup,2011,Zimbabwe,Ray Price,12 July 1976,Right-handed,Slow left-arm orthodox,Mashonaland
ODI World Cup,2011,Zimbabwe,Regis Chakabva,8 August 1987,Right-handed,Wicket-keeper,Mashonaland
ODI World Cup,2011,Zimbabwe,Sean Ervine,6 December 1982,Left-handed,Right-arm medium,Manicaland
ODI World Cup,2011,Zimbabwe,Shingirai Masakadza,21 May 1990,Right-handed,Right-arm fast medium,Mashonaland
ODI World Cup,2011,Zimbabwe,Tatenda Taibu,14 May 1983,Right-handed,Wicket-keeper,Mashonaland
ODI World Cup,2011,Zimbabwe,Tino Mawoyo,15 May 1988,Right-handed,-,Manicaland
ODI World Cup,2011,Zimbabwe,Vusi Sibanda,10 October 1983,Right-handed,Right-arm medium,Midlands
ODI World Cup,2015,Afghanistan,Afsar Zazai,22 March 1993,Right-handed,Wicket-keeper,-
ODI World Cup,2015,Afghanistan,Aftab Alam,6 April 1992,Right-handed,Right-arm fast,-
ODI World Cup,2015,Afghanistan,Asghar Stanikzai (vc),22 September 1987,Right-handed,Right-arm medium,-
ODI World Cup,2015,Afghanistan,Dawlat Zadran,20 September 1988,Right-handed,Right-arm fast medium,-
ODI World Cup,2015,Afghanistan,Gulbadin Naib,16 September 1991,Right-handed,Right-arm medium,-
ODI World Cup,2015,Afghanistan,Hamid Hassan,1 January 1987,Right-handed,Right-arm fast,-
ODI World Cup,2015,Afghanistan,Javed Ahmadi,5 January 1992,Right-handed,Right-arm off break,-
ODI World Cup,2015,Afghanistan,Mirwais Ashraf,15 March 1988,Right-handed,Right-arm medium fast,-
ODI World Cup,2015,Afghanistan,Mohammad Nabi (c),3 January 1985,Right-handed,Right-arm off break,-
ODI World Cup,2015,Afghanistan,Najibullah Zadran,27 February 1993,Left-handed,-,-
ODI World Cup,2015,Afghanistan,Nawroz Mangal,15 February 1984,Right-handed,Right-arm off break,-
ODI World Cup,2015,Afghanistan,Samiullah Shenwari,7 March 1987,Right-handed,Right-arm leg break,-
ODI World Cup,2015,Afghanistan,Shabir Noori,15 March 1985,Right-handed,-,-
ODI World Cup,2015,Afghanistan,Shapoor Zadran,8 January 1987,Left-handed,Left-arm fast,-
ODI World Cup,2015,Afghanistan,Usman Ghani,22 November 1996,Left-handed,-,-
ODI World Cup,2015,Australia,Aaron Finch,17 November 1986,Right-handed,Right-arm medium,Victoria
ODI World Cup,2015,Australia,Brad Haddin,23 October 1977,Right-handed,Wicket-keeper,New South Wales
ODI World Cup,2015,Australia,David Warner,27 October 1986,Left-handed,Right-arm leg break,New South Wales
ODI World Cup,2015,Australia,George Bailey,7 September 1982,Right-handed,Right-arm medium,Tasmania
ODI World Cup,2015,Australia,Glenn Maxwell,14 October 1988,Right-handed,Right-arm off break,Victoria
ODI World Cup,2015,Australia,James Faulkner,29 April 1990,Left-handed,Left-arm fast medium,Tasmania
ODI World Cup,2015,Australia,Josh Hazlewood,8 January 1991,Right-handed,Right-arm fast medium,New South Wales
ODI World Cup,2015,Australia,Michael Clarke (c),2 April 1981,Right-handed,Slow left-arm orthodox,New South Wales
ODI World Cup,2015,Australia,Mitchell Johnson,2 November 1981,Left-handed,Left-arm fast,Queensland
ODI World Cup,2015,Australia,Mitchell Marsh,20 October 1991,Right-handed,Right-arm fast medium,Western Australia
ODI World Cup,2015,Australia,Mitchell Starc,30 January 1990,Left-handed,Left-arm fast,New South Wales
ODI World Cup,2015,Australia,Pat Cummins,8 May 1993,Right-handed,Right-arm fast,New South Wales
ODI World Cup,2015,Australia,Shane Watson,17 June 1981,Right-handed,Right-arm fast medium,Queensland
ODI World Cup,2015,Australia,Steven Smith,2 June 1989,Right-handed,Right-arm leg break,New South Wales
ODI World Cup,2015,Australia,Xavier Doherty,22 October 1982,Left-handed,Slow left-arm orthodox,Tasmania
ODI World Cup,2015,Bangladesh,Al-Amin Hossain,3 November 1990,Right-handed,Right-arm fast medium,Rajshahi
ODI World Cup,2015,Bangladesh,Arafat Sunny,12 January 1985,Left-handed,Slow left-arm orthodox,Dhaka
ODI World Cup,2015,Bangladesh,Imrul Kayes,2 February 1987,Left-handed,Right-arm off break,Khulna
ODI World Cup,2015,Bangladesh,Mahmudullah,4 February 1986,Right-handed,Right-arm off break,Dhaka
ODI World Cup,2015,Bangladesh,Mashrafe Mortaza (c),5 October 1983,Right-handed,Right-arm fast medium,Khulna
ODI World Cup,2015,Bangladesh,Mominul Haque,4 August 1992,Left-handed,Right-arm off break,Chittagong
ODI World Cup,2015,Bangladesh,Mushfiqur Rahim,9 May 1988,Right-handed,Wicket-keeper,Rajshahi
ODI World Cup,2015,Bangladesh,Nasir Hossain,6 July 1991,Right-handed,Right-arm off break,Dhaka
ODI World Cup,2015,Bangladesh,Rubel Hossain,1 January 1990,Right-handed,Right-arm fast,Chittagong
ODI World Cup,2015,Bangladesh,Sabbir Rahman,22 November 1991,Right-handed,Right-arm off break,Rajshahi
ODI World Cup,2015,Bangladesh,Shakib Al Hasan,24 March 1987,Left-handed,Slow left-arm orthodox,Khulna
ODI World Cup,2015,Bangladesh,Soumya Sarkar,25 January 1993,Left-handed,Right-arm medium,Khulna
ODI World Cup,2015,Bangladesh,Taijul Islam,8 August 1992,Left-handed,Slow left-arm orthodox,Dhaka
ODI World Cup,2015,Bangladesh,Tamim Iqbal,20 March 1989,Left-handed,-,Chittagong
ODI World Cup,2015,Bangladesh,Taskin Ahmed,8 April 1995,Right-handed,Right-arm fast medium,Dhaka
ODI World Cup,2015,England,Alex Hales,3 January 1989,Right-handed,-,Nottinghamshire
ODI World Cup,2015,England,Chris Jordan,4 October 1988,Right-handed,Right-arm fast medium,Sussex
ODI World Cup,2015,England,Chris Woakes,2 March 1989,Right-handed,Right-arm fast medium,Warwickshire
ODI World Cup,2015,England,Eoin Morgan (c),10 September 1986,Left-handed,Right-arm medium,Middlesex
ODI World Cup,2015,England,Gary Ballance,22 November 1989,Left-handed,Right-arm leg break,Yorkshire
ODI World Cup,2015,England,Ian Bell,11 April 1982,Right-handed,Right-arm medium,Warwickshire
ODI World Cup,2015,England,James Anderson,30 July 1982,Left-handed,Right-arm fast medium,Lancashire
ODI World Cup,2015,England,James Taylor,6 January 1990,Right-handed,-,Nottinghamshire
ODI World Cup,2015,England,James Tredwell,27 February 1982,Right-handed,Right-arm off break,Kent
ODI World Cup,2015,England,Joe Root,30 December 1990,Right-handed,Right-arm off break,Yorkshire
ODI World Cup,2015,England,Jos Buttler,8 September 1990,Right-handed,Wicket-keeper,Lancashire
ODI World Cup,2015,England,Moeen Ali,18 June 1987,Left-handed,Right-arm off break,Worcestershire
ODI World Cup,2015,England,Ravi Bopara,4 May 1985,Right-handed,Right-arm medium,Essex
ODI World Cup,2015,England,Steven Finn,4 April 1989,Right-handed,Right-arm fast,Middlesex
ODI World Cup,2015,England,Stuart Broad,24 June 1986,Left-handed,Right-arm fast medium,Nottinghamshire
ODI World Cup,2015,India,Ajinkya Rahane,6 June 1988,Right-handed,-,Mumbai
ODI World Cup,2015,India,Ambati Rayudu,23 September 1985,Right-handed,Right-arm off break,Hyderabad
ODI World Cup,2015,India,Axar Patel,20 January 1994,Left-handed,Slow left-arm orthodox,Gujarat
ODI World Cup,2015,India,Bhuvneshwar Kumar,5 February 1990,Right-handed,Right-arm medium,Uttar Pradesh
ODI World Cup,2015,India,MS Dhoni (c),7 July 1981,Right-handed,Wicket-keeper,Jharkhand
ODI World Cup,2015,India,Mohammed Shami,3 September 1990,Right-handed,Right-arm fast medium,Bengal
ODI World Cup,2015,India,Mohit Sharma,18 January 1988,Right-handed,Right-arm medium fast,Haryana
ODI World Cup,2015,India,Ravichandran Ashwin,17 September 1986,Right-handed,Right-arm off break,Tamil Nadu
ODI World Cup,2015,India,Ravindra Jadeja,6 December 1988,Left-handed,Slow left-arm orthodox,Saurashtra
ODI World Cup,2015,India,Rohit Sharma,30 April 1987,Right-handed,Right-arm off break,Mumbai
ODI World Cup,2015,India,Shikhar Dhawan,5 December 1985,Left-handed,-,Delhi
ODI World Cup,2015,India,Stuart Binny,3 June 1984,Right-handed,Right-arm medium,Karnataka
ODI World Cup,2015,India,Suresh Raina,27 November 1986,Left-handed,Right-arm off break,Uttar Pradesh
ODI World Cup,2015,India,Umesh Yadav,25 May 1987,Right-handed,Right-arm fast,Vidarbha
ODI World Cup,2015,India,Virat Kohli,5 November 1988,Right-handed,Right-arm medium,Delhi
ODI World Cup,2015,Ireland,Alex Cusack,29 September 1980,Right-handed,Right-arm medium,-
ODI World Cup,2015,Ireland,Andrew Balbirnie,28 December 1990,Right-handed,-,-
ODI World Cup,2015,Ireland,Andrew McBrine,30 April 1993,Right-handed,Right-arm off break,-
ODI World Cup,2015,Ireland,Craig Young,4 December 1991,Right-handed,Right-arm fast medium,-
ODI World Cup,2015,Ireland,Ed Joyce,22 September 1978,Left-handed,Right-arm medium,Sussex
ODI World Cup,2015,Ireland,Gary Wilson,5 February 1986,Right-handed,Wicket-keeper,-
ODI World Cup,2015,Ireland,George Dockrell,22 July 1992,Left-handed,Slow left-arm orthodox,-
ODI World Cup,2015,Ireland,John Mooney,10 February 1982,Left-handed,Right-arm medium,-
ODI World Cup,2015,Ireland,Kevin O'Brien,4 March 1984,Right-handed,Right-arm medium fast,-
ODI World Cup,2015,Ireland,Niall O'Brien,8 November 1981,Right-handed,Wicket-keeper,-
ODI World Cup,2015,Ireland,Paul Stirling,3 September 1990,Right-handed,Right-arm off break,Middlesex
ODI World Cup,2015,Ireland,Peter Chase,25 November 1993,Right-handed,Right-arm fast medium,-
ODI World Cup,2015,Ireland,Stuart Thompson,15 March 1991,Left-handed,Right-arm medium,-
ODI World Cup,2015,Ireland,Tim Murtagh,2 August 1981,Right-handed,Right-arm fast medium,Middlesex
ODI World Cup,2015,Ireland,William Porterfield (c),6 September 1984,Left-handed,-,Warwickshire
ODI World Cup,2015,New Zealand,Adam Milne,30 April 1992,Right-handed,Right-arm fast,Central Districts
ODI World Cup,2015,New Zealand,Brendon McCullum (c),27 September 1981,Right-handed,Wicket-keeper,Otago
ODI World Cup,2015,New Zealand,Corey Anderson,13 March 1990,Left-handed,Left-arm medium,Canterbury
ODI World Cup,2015,New Zealand,Daniel Vettori,27 January 1979,Left-handed,Slow left-arm orthodox,Northern Districts
ODI World Cup,2015,New Zealand,Grant Elliott,21 March 1979,Right-handed,Right-arm medium,Wellington
ODI World Cup,2015,New Zealand,Kane Williamson,8 August 1990,Right-handed,Right-arm off break,Northern Districts
ODI World Cup,2015,New Zealand,Kyle Mills,15 March 1979,Right-handed,Right-arm fast medium,Auckland
ODI World Cup,2015,New Zealand,Luke Ronchi,23 September 1981,Right-handed,Wicket-keeper,Wellington
ODI World Cup,2015,New Zealand,Martin Guptill,30 September 1986,Right-handed,Right-arm medium,Auckland
ODI World Cup,2015,New Zealand,Matt Henry,14 December 1991,Right-handed,Right-arm fast medium,Canterbury
ODI World Cup,2015,New Zealand,Mitchell McClenaghan,11 August 1986,Left-handed,Left-arm fast medium,Auckland
ODI World Cup,2015,New Zealand,Nathan McCullum,12 September 1980,Right-handed,Right-arm off break,Otago
ODI World Cup,2015,New Zealand,Ross Taylor,8 March 1984,Right-handed,Right-arm off break,Central Districts
ODI World Cup,2015,New Zealand,Tom Latham,2 April 1992,Left-handed,Wicket-keeper,Canterbury
ODI World Cup,2015,New Zealand,Trent Boult,22 July 1989,Right-handed,Left-arm fast medium,Northern Districts
ODI World Cup,2015,Pakistan,Ahmed Shehzad,23 October 1991,Right-handed,Right-arm off break,Lahore
ODI World Cup,2015,Pakistan,Ehsan Adil,6 April 1993,Right-handed,Right-arm fast medium,Lahore
ODI World Cup,2015,Pakistan,Haris Sohail,9 April 1989,Left-handed,Slow left-arm orthodox,Sialkot
ODI World Cup,2015,Pakistan,Misbah-ul-Haq (c),28 May 1974,Right-handed,Right-arm leg break,Sui Northern Gas
ODI World Cup,2015,Pakistan,Mohammad Irfan,6 June 1982,Left-handed,Left-arm fast medium,Khan Research Labs
ODI World Cup,2015,Pakistan,Nasir Jamshed,6 September 1990,Left-handed,-,Sialkot
ODI World Cup,2015,Pakistan,Rahat Ali,25 December 1988,Right-handed,Left-arm fast medium,Multan
ODI World Cup,2015,Pakistan,Sarfaraz Ahmed,22 May 1987,Right-handed,Wicket-keeper,Karachi
ODI World Cup,2015,Pakistan,Shahid Afridi,1 March 1980,Right-handed,Right-arm leg break,Karachi
ODI World Cup,2015,Pakistan,Sohaib Maqsood,8 November 1988,Right-handed,Right-arm off break,Multan
ODI World Cup,2015,Pakistan,Sohail Khan,11 December 1984,Right-handed,Right-arm fast medium,Karachi
ODI World Cup,2015,Pakistan,Umar Akmal,26 May 1990,Right-handed,Wicket-keeper,Lahore
ODI World Cup,2015,Pakistan,Wahab Riaz,28 June 1985,Left-handed,Left-arm fast,Lahore
ODI World Cup,2015,Pakistan,Yasir Shah,2 May 1986,Right-handed,Right-arm leg break,Islamabad
ODI World Cup,2015,Pakistan,Younis Khan,29 November 1977,Right-handed,Right-arm leg break,Peshawar
ODI World Cup,2015,Scotland,Alasdair Evans,8 January 1990,Right-handed,Right-arm medium,-
ODI World Cup,2015,Scotland,Calum MacLeod,15 November 1988,Right-handed,Right-arm medium,-
ODI World Cup,2015,Scotland,Freddie Coleman,27 November 1990,Right-handed,Wicket-keeper,-
ODI World Cup,2015,Scotland,Hamish Gardiner,12 March 1993,Right-handed,-,-
ODI World Cup,2015,Scotland,Iain Wardlaw,23 March 1988,Right-handed,Right-arm fast medium,-
ODI World Cup,2015,Scotland,Josh Davey,3 July 1990,Right-handed,Right-arm medium fast,-
ODI World Cup,2015,Scotland,Kyle Coetzer,14 April 1984,Right-handed,Right-arm medium,-
ODI World Cup,2015,Scotland,Majid Haq,11 February 1983,Left-handed,Right-arm off break,-
ODI World Cup,2015,Scotland,Matt Machan,15 February 1991,Right-handed,Right-arm off break,-
ODI World Cup,2015,Scotland,Matthew Cross,15 November 1992,Right-handed,Wicket-keeper,-
ODI World Cup,2015,Scotland,Michael Leask,12 July 1993,Right-handed,Right-arm medium,-
ODI World Cup,2015,Scotland,Preston Mommsen (c),14 May 1988,Right-handed,Right-arm off break,-
ODI World Cup,2015,Scotland,Richie Berrington,3 September 1989,Right-handed,Right-arm medium,-
ODI World Cup,2015,Scotland,Rob Taylor,8 November 1983,Right-handed,Right-arm medium,-
ODI World Cup,2015,Scotland,Safyaan Sharif,22 April 1991,Right-handed,Right-arm medium fast,-
ODI World Cup,2015,South Africa,AB de Villiers (c),17 February 1984,Right-handed,Wicket-keeper,Titans
ODI World Cup,2015,South Africa,Aaron Phangiso,3 February 1988,Left-handed,Slow left-arm orthodox,Lions
ODI World Cup,2015,South Africa,Dale Steyn,27 June 1983,Right-handed,Right-arm fast,Titans
ODI World Cup,2015,South Africa,David Miller,10 June 1989,Left-handed,-,Dolphins
ODI World Cup,2015,South Africa,Faf du Plessis,13 July 1984,Right-handed,Right-arm leg break,Titans
ODI World Cup,2015,South Africa,Farhaan Behardien,9 June 1983,Right-handed,Right-arm medium,Titans
ODI World Cup,2015,South Africa,Hashim Amla,31 March 1983,Right-handed,Right-arm leg break,Dolphins
ODI World Cup,2015,South Africa,Imran Tahir,27 March 1979,Right-handed,Right-arm leg break,Titans
ODI World Cup,2015,South Africa,JP Duminy,14 April 1984,Left-handed,Right-arm off break,Cape Cobras
ODI World Cup,2015,South Africa,Kyle Abbott,18 June 1987,Right-handed,Right-arm fast medium,Dolphins
ODI World Cup,2015,South Africa,Morne Morkel,6 October 1984,Right-handed,Right-arm fast,Titans
ODI World Cup,2015,South Africa,Quinton de Kock,17 December 1992,Left-handed,Wicket-keeper,Titans
ODI World Cup,2015,South Africa,Rilee Rossouw,9 August 1989,Left-handed,-,Knights
ODI World Cup,2015,South Africa,Vernon Philander,24 June 1985,Right-handed,Right-arm fast medium,Cape Cobras
ODI World Cup,2015,South Africa,Wayne Parnell,30 July 1989,Left-handed,Left-arm fast medium,Warriors
ODI World Cup,2015,Sri Lanka,Angelo Mathews (c),2 June 1987,Right-handed,Right-arm fast medium,Colombo CC
ODI World Cup,2015,Sri Lanka,Dhammika Prasad,9 May 1982,Right-handed,Right-arm fast medium,Colts CC
ODI World Cup,2015,Sri Lanka,Dimuth Karunaratne,21 April 1988,Left-handed,Right-arm off break,Sinhalese SC
ODI World Cup,2015,Sri Lanka,Dinesh Chandimal,18 November 1989,Right-handed,Wicket-keeper,Bloomfield
ODI World Cup,2015,Sri Lanka,Jeevan Mendis,15 March 1981,Right-handed,Right-arm leg break,Colombo CC
ODI World Cup,2015,Sri Lanka,Kumar Sangakkara,27 October 1977,Left-handed,Wicket-keeper,Nondescripts
ODI World Cup,2015,Sri Lanka,Lahiru Thirimanne,8 September 1989,Left-handed,-,Nondescripts
ODI World Cup,2015,Sri Lanka,Lasith Malinga,4 September 1983,Right-handed,Right-arm fast,Nondescripts
ODI World Cup,2015,Sri Lanka,Mahela Jayawardene,27 May 1977,Right-handed,Right-arm medium,Sinhalese SC
ODI World Cup,2015,Sri Lanka,Nuwan Kulasekara,22 July 1982,Right-handed,Right-arm fast medium,Colts CC
ODI World Cup,2015,Sri Lanka,Rangana Herath,19 March 1978,Left-handed,Slow left-arm orthodox,Kurunegala
ODI World Cup,2015,Sri Lanka,Sachithra Senanayake,4 March 1983,Right-handed,Right-arm off break,Colombo CC
ODI World Cup,2015,Sri Lanka,Suranga Lakmal,10 March 1987,Right-handed,Right-arm fast medium,Tamil Union
ODI World Cup,2015,Sri Lanka,Thisara Perera,3 April 1989,Left-handed,Left-arm fast medium,Bloomfield
ODI World Cup,2015,Sri Lanka,Tillakaratne Dilshan,14 October 1976,Right-handed,Right-arm off break,Bloomfield
ODI World Cup,2015,United Arab Emirates,Amjad Ali,15 August 1984,Left-handed,Left-arm medium,-
ODI World Cup,2015,United Arab Emirates,Amjad Javed,19 January 1986,Right-handed,Right-arm medium fast,-
ODI World Cup,2015,United Arab Emirates,Andri Berenger,8 August 1985,Right-handed,Right-arm medium,-
ODI World Cup,2015,United Arab Emirates,Fahad Al Hashmi,19 August 1988,Right-handed,Right-arm medium,-
ODI World Cup,2015,United Arab Emirates,Kamran Shazad,10 October 1990,Right-handed,Right-arm medium,-
ODI World Cup,2015,United Arab Emirates,Khurram Khan (vc),14 December 1971,Left-handed,Slow left-arm orthodox,-
ODI World Cup,2015,United Arab Emirates,Krishna Chandran,12 June 1982,Right-handed,Right-arm off break,-
ODI World Cup,2015,United Arab Emirates,Manjula Guruge,21 May 1975,Left-handed,Left-arm medium,-
ODI World Cup,2015,United Arab Emirates,Mohammad Naveed,5 November 1985,Right-handed,Right-arm fast medium,-
ODI World Cup,2015,United Arab Emirates,Mohammad Tauqir (c),14 January 1972,Right-handed,Right-arm off break,-
ODI World Cup,2015,United Arab Emirates,Nasir Aziz,3 July 1990,Right-handed,Right-arm medium,-
ODI World Cup,2015,United Arab Emirates,Qadeer Ahmed,20 March 1985,Right-handed,Right-arm fast medium,-
ODI World Cup,2015,United Arab Emirates,Rohan Mustafa,19 October 1990,Right-handed,Right-arm off break,-
ODI World Cup,2015,United Arab Emirates,Shaiman Anwar,4 May 1980,Right-handed,Right-arm off break,-
ODI World Cup,2015,United Arab Emirates,Swapnil Patil,4 October 1985,Right-handed,Wicket-keeper,-
ODI World Cup,2015,West Indies,Andre Russell,29 April 1988,Right-handed,Right-arm fast medium,Jamaica
ODI World Cup,2015,West Indies,Chris Gayle,21 September 1979,Left-handed,Right-arm off break,Jamaica
ODI World Cup,2015,West Indies,Darren Bravo,6 February 1989,Left-handed,-,Trinidad and Tobago
ODI World Cup,2015,West Indies,Darren Sammy,20 December 1983,Right-handed,Right-arm fast medium,Windward Islands
ODI World Cup,2015,West Indies,Denesh Ramdin,13 March 1985,Right-handed,Wicket-keeper,Trinidad and Tobago
ODI World Cup,2015,West Indies,Dwayne Smith,12 April 1983,Right-handed,Right-arm medium,Barbados
ODI World Cup,2015,West Indies,Jason Holder (c),5 November 1991,Right-handed,Right-arm fast medium,Barbados
ODI World Cup,2015,West Indies,Jerome Taylor,22 June 1984,Right-handed,Right-arm fast,Jamaica
ODI World Cup,2015,West Indies,Johnson Charles,14 April 1990,Right-handed,-,Windward Islands
ODI World Cup,2015,West Indies,Jonathan Carter,13 June 1990,Right-handed,Right-arm off break,Barbados
ODI World Cup,2015,West Indies,Kemar Roach,30 June 1988,Right-handed,Right-arm fast,Barbados
ODI World Cup,2015,West Indies,Lendl Simmons,24 January 1985,Right-handed,Right-arm medium fast,Trinidad and Tobago
ODI World Cup,2015,West Indies,Marlon Samuels,5 January 1981,Right-handed,Right-arm off break,Jamaica
ODI World Cup,2015,West Indies,Nikita Miller,8 July 1983,Right-handed,Slow left-arm orthodox,Jamaica
ODI World Cup,2015,West Indies,Sulieman Benn,22 June 1979,Left-handed,Slow left-arm orthodox,Barbados
ODI World Cup,2015,Zimbabwe,Brendan Taylor,6 February 1986,Right-handed,Wicket-keeper,Mashonaland
ODI World Cup,2015,Zimbabwe,Chris Mpofu,27 November 1985,Right-handed,Right-arm fast medium,Matabeleland
ODI World Cup,2015,Zimbabwe,Craig Ervine,19 August 1985,Left-handed,-,Manicaland
ODI World Cup,2015,Zimbabwe,Elton Chigumbura (c),14 March 1986,Right-handed,Right-arm medium fast,Manicaland
ODI World Cup,2015,Zimbabwe,Graeme Cremer,19 July 1986,Right-handed,Right-arm leg break,Mashonaland
ODI World Cup,2015,Zimbabwe,Hamilton Masakadza,9 August 1983,Right-handed,Right-arm off break,Mashonaland
ODI World Cup,2015,Zimbabwe,Malcolm Waller,28 September 1987,Right-handed,Right-arm leg break,Mashonaland
ODI World Cup,2015,Zimbabwe,Neville Madziva,2 July 1990,Right-handed,Right-arm medium fast,Mashonaland
ODI World Cup,2015,Zimbabwe,Regis Chakabva,8 August 1987,Right-handed,Wicket-keeper,Mashonaland
ODI World Cup,2015,Zimbabwe,Sean Williams,26 September 1986,Left-handed,Slow left-arm orthodox,Matabeleland
ODI World Cup,2015,Zimbabwe,Sikandar Raza,24 May 1986,Right-handed,Right-arm off break,Mashonaland
ODI World Cup,2015,Zimbabwe,Solomon Mire,27 February 1989,Right-handed,Right-arm medium,Mashonaland
ODI World Cup,2015,Zimbabwe,Tawanda Mupariwa,16 April 1985,Right-handed,Right-arm fast medium,Matabeleland
ODI World Cup,2015,Zimbabwe,Tendai Chatara,6 August 1991,Right-handed,Left-arm fast medium,Mashonaland
ODI World Cup,2015,Zimbabwe,Tinashe Panyangara,20 November 1985,Right-handed,Right-arm fast medium,Mashonaland
ODI World Cup,2019,Afghanistan,Aftab Alam,30 November 1992,Right-handed,Right-arm medium-fast,Speen Ghar Region
ODI World Cup,2019,Afghanistan,Asghar Afghan,22 February 1987,Right-handed,Right-arm off spin,Kabul Region
ODI World Cup,2019,Afghanistan,Dawlat Zadran,19 March 1988,Right-handed,Right-arm fast,Amo Region
ODI World Cup,2019,Afghanistan,Gulbadin Naib (c),16 March 1991,Right-handed,Right-arm medium-fast,Mis Ainak Region
ODI World Cup,2019,Afghanistan,Hamid Hassan,1 June 1987,Right-handed,Right-arm fast,Band-e-Amir Region
ODI World Cup,2019,Afghanistan,Hashmatullah Shahidi,4 November 1994,Left-handed,Right-arm off spin,Band-e-Amir Region
ODI World Cup,2019,Afghanistan,Hazratullah Zazai,23 March 1998,Left-handed,Left-arm orthodox,Band-e-Amir Region
ODI World Cup,2019,Afghanistan,Mohammad Nabi,3 March 1985,Right-handed,Right-arm off spin,Amo Region
ODI World Cup,2019,Afghanistan,Mohammad Shahzad (wk),31 January 1988,Right-handed,Wicket-keeper,Speen Ghar Region
ODI World Cup,2019,Afghanistan,Mujeeb Ur Rahman,28 March 2001,Right-handed,Right-arm off spin,Speen Ghar Region
ODI World Cup,2019,Afghanistan,Najibullah Zadran,18 February 1993,Left-handed,Right-arm off spin,Boost Region
ODI World Cup,2019,Afghanistan,Noor Ali Zadran,10 July 1988,Right-handed,Right-arm medium-fast,Mis Ainak Region
ODI World Cup,2019,Afghanistan,Rahmat Shah,16 March 1991,Right-handed,Right-arm leg spin,Mis Ainak Region
ODI World Cup,2019,Afghanistan,Rashid Khan (vc),20 September 1998,Right-handed,Right-arm leg spin,Speen Ghar Region
ODI World Cup,2019,Afghanistan,Samiullah Shinwari,31 December 1987,Right-handed,Right-arm leg spin,Boost Region
ODI World Cup,2019,Australia,Aaron Finch (c),17 November 1986,Right-handed,Left-arm orthodox,Victoria
ODI World Cup,2019,Australia,Adam Zampa,31 March 1992,Right-handed,Right-arm leg spin,South Australia
ODI World Cup,2019,Australia,"Alex Carey (vc, wk)",27 August 1991,Left-handed,Wicket-keeper,South Australia
ODI World Cup,2019,Australia,David Warner,27 October 1986,Left-handed,Right-arm leg spin,New South Wales Blues
ODI World Cup,2019,Australia,Glenn Maxwell,14 October 1988,Right-handed,Right-arm off spin,Victoria
ODI World Cup,2019,Australia,Jason Behrendorff,20 April 1990,Right-handed,Right-arm fast-medium,Western Australia
ODI World Cup,2019,Australia,Jhye Richardson,20 September 1996,Right-handed,Right-arm fast,Western Warriors
ODI World Cup,2019,Australia,Kane Richardson,12 February 1991,Right-handed,Right-arm fast-medium,South Australia
ODI World Cup,2019,Australia,Marcus Stoinis,16 August 1989,Right-handed,Right-arm medium,Western Warriors
ODI World Cup,2019,Australia,Mitchell Starc,30 January 1990,Left-handed,Left-arm fast,New South Wales Blues
ODI World Cup,2019,Australia,Nathan Lyon,20 November 1987,Right-handed,Right-arm off spin,New South Wales Blues
ODI World Cup,2019,Australia,Nathan Mitchell Coulter-Nile,11 October 1987,Right-handed,Right-arm fast,Western Warriors
ODI World Cup,2019,Australia,Pat Cummins (vc),8 May 1993,Right-handed,Right-arm fast,New South Wales
ODI World Cup,2019,Australia,Shaun Marsh,9 July 1983,Left-handed,Left-arm orthodox,Western Warriors
ODI World Cup,2019,Australia,Steve Smith,2 June 1989,Right-handed,Right-arm leg spin,New South Wales Blues
ODI World Cup,2019,Australia,Usman Khawaja,18 December 1986,Left-handed,Right-arm off spin,Queensland Bulls
ODI World Cup,2019,Bangladesh,Abu Jayed,2 August 1993,Right-handed,Right-arm fast-medium,Prime Doleshwar
ODI World Cup,2019,Bangladesh,Litton Das,13 October 1994,Right-handed,Wicket-keeper,Mohammedan Sporting
ODI World Cup,2019,Bangladesh,Mahmudullah,4 February 1986,Right-handed,Right-arm off spin,Abahani Limited
ODI World Cup,2019,Bangladesh,Mashrafe Mortaza (c),5 October 1983,Right-handed,Right-arm medium,Abahani Limited
ODI World Cup,2019,Bangladesh,Mehidy Hasan,25 October 1996,Right-handed,Right-arm off spin,Abahani Limited
ODI World Cup,2019,Bangladesh,Mohammad Mithun,13 February 1990,Right-handed,-,Abahani Limited
ODI World Cup,2019,Bangladesh,Mohammad Saifuddin,1 September 1996,Left-handed,Right-arm medium-fast,Abahani Limited
ODI World Cup,2019,Bangladesh,Mosaddek Hossain,10 December 1995,Right-handed,Right-arm off spin,Abahani Limited
ODI World Cup,2019,Bangladesh,Mushfiqur Rahim (wk),9 May 1987,Right-handed,Right-arm medium,Legends of Rupganj
ODI World Cup,2019,Bangladesh,Mustafizur Rahman,6 September 1995,Left-handed,Left-arm fast-medium,Shinepukur
ODI World Cup,2019,Bangladesh,Rubel Hossain,1 January 1990,Right-handed,Right-arm fast,Abahani Limited
ODI World Cup,2019,Bangladesh,Sabbir Rahman,22 November 1991,Right-handed,Right-arm leg spin,Abahani Limited
ODI World Cup,2019,Bangladesh,Shakib Al Hasan (vc),24 March 1987,Left-handed,Left-arm orthodox,Abahani Limited
ODI World Cup,2019,Bangladesh,Soumya Sarkar,25 February 1993,Left-handed,Right-arm medium,Abahani Limited
ODI World Cup,2019,Bangladesh,Tamim Iqbal,20 March 1989,Left-handed,Right-arm off spin,Mohammedan Sporting
ODI World Cup,2019,England,Adil Rashid,17 February 1988,Right-handed,Right-arm leg spin,Yorkshire
ODI World Cup,2019,England,Alex Hales,3 January 1989,Right-handed,Right-arm medium,Nottinghamshire
ODI World Cup,2019,England,Ben Stokes,4 June 1991,Left-handed,Right-arm fast-medium,Durham
ODI World Cup,2019,England,Chris Woakes,2 March 1989,Right-handed,Right-arm fast-medium,Warwickshire
ODI World Cup,2019,England,David Willey,28 February 1990,Left-handed,Left-arm fast-medium,Yorkshire
ODI World Cup,2019,England,Eoin Morgan (c),10 September 1986,Left-handed,Right-arm medium,Middlesex
ODI World Cup,2019,England,James Vince,14 March 1991,Right-handed,Right-arm medium,Hampshire
ODI World Cup,2019,England,Jason Roy,21 July 1990,Right-handed,-,Surrey
ODI World Cup,2019,England,Joe Denly,16 March 1986,Right-handed,Right-arm leg spin,Kent
ODI World Cup,2019,England,Joe Root,30 December 1990,Right-handed,Right-arm off/leg spin,Yorkshire
ODI World Cup,2019,England,Jofra Archer,1 April 1995,Right-handed,Right-arm fast,Sussex
ODI World Cup,2019,England,Jonny Bairstow,26 September 1989,Right-handed,Wicket-keeper,Yorkshire
ODI World Cup,2019,England,"Jos Buttler (vc, wk)",8 September 1990,Right-handed,Wicket-keeper,Lancashire
ODI World Cup,2019,England,Liam Dawson,1 March 1990,Right-handed,Left-arm orthodox,Hampshire
ODI World Cup,2019,England,Liam Plunkett,6 April 1985,Right-handed,Right-arm fast,Surrey
ODI World Cup,2019,England,Mark Wood,11 January 1990,Right-handed,Right-arm fast,Durham
ODI World Cup,2019,England,Moeen Ali,18 June 1987,Left-handed,Right-arm off spin,Worcestershire
ODI World Cup,2019,England,Tom Curran,12 March 1995,Right-handed,Right-arm fast-medium,Surrey
ODI World Cup,2019,India,Bhuvneshwar Kumar,5 February 1990,Right-handed,Right-arm medium-fast,Uttar Pradesh
ODI World Cup,2019,India,Dinesh Karthik (wk),1 June 1985,Right-handed,Right-arm off spin,Tamil Nadu
ODI World Cup,2019,India,Hardik Pandya,11 October 1993,Right-handed,Right-arm medium-fast,Baroda
ODI World Cup,2019,India,Jasprit Bumrah,6 December 1993,Right-handed,Right-arm fast,Gujarat
ODI World Cup,2019,India,KL Rahul (wk),18 April 1992,Right-handed,Right-arm medium,Karnataka
ODI World Cup,2019,India,Kedar Jadhav,26 March 1985,Right-handed,Right-arm off spin,Maharashtra
ODI World Cup,2019,India,Kuldeep Yadav,14 December 1994,Left-handed,Left-arm unorthodox,Uttar Pradesh
ODI World Cup,2019,India,MS Dhoni (wk),7 July 1981,Right-handed,Right-arm medium,Jharkhand
ODI World Cup,2019,India,Mohammed Shami,3 September 1990,Right-handed,Right-arm fast,Bengal
ODI World Cup,2019,India,Ravindra Jadeja,6 December 1988,Left-handed,Left-arm orthodox,Saurashtra
ODI World Cup,2019,India,Rishabh Pant,4 October 1997,Left-handed,Right-arm medium,Delhi
ODI World Cup,2019,India,Rohit Sharma (vc),30 April 1987,Right-handed,Right-arm off spin,Mumbai
ODI World Cup,2019,India,Shikhar Dhawan,5 December 1985,Left-handed,Right-arm off spin,Delhi
ODI World Cup,2019,India,Vijay Shankar,26 January 1991,Right-handed,Right-arm medium,Tamil Nadu
ODI World Cup,2019,India,Virat Kohli (c),5 November 1988,Right-handed,Right-arm medium,Delhi
ODI World Cup,2019,India,Yuzvendra Chahal,23 July 1990,Right-handed,Right-arm leg spin,Haryana
ODI World Cup,2019,New Zealand,Colin Munro,11 March 1987,Left-handed,Right-arm medium,Auckland Aces
ODI World Cup,2019,New Zealand,Colin de Grandhomme,22 July 1986,Right-handed,Right-arm fast-medium,Northern Districts
ODI World Cup,2019,New Zealand,Henry Nicholls,15 November 1991,Left-handed,Right-arm off spin,Canterbury
ODI World Cup,2019,New Zealand,Ish Sodhi,31 October 1992,Right-handed,Right-arm leg break,Northern Districts
ODI World Cup,2019,New Zealand,James Neesham,17 September 1990,Left-handed,Right-arm medium,Wellington Firebirds
ODI World Cup,2019,New Zealand,Kane Williamson (c),8 August 1990,Right-handed,Right-arm off spin,Northern Districts
ODI World Cup,2019,New Zealand,Lockie Ferguson,13 June 1991,Right-handed,Right-arm fast,Auckland Aces
ODI World Cup,2019,New Zealand,Martin Guptill,30 September 1986,Right-handed,Right-arm off spin,Auckland Aces
ODI World Cup,2019,New Zealand,Matt Henry,14 December 1991,Right-handed,Right-arm fast-medium,Canterbury
ODI World Cup,2019,New Zealand,Mitchell Santner,5 February 1992,Left-handed,Left-arm orthodox,Northern Districts
ODI World Cup,2019,New Zealand,Ross Taylor,8 March 1984,Right-handed,Right-arm off break,Central Stags
ODI World Cup,2019,New Zealand,Tim Southee,11 December 1988,Right-handed,Right-arm medium-fast,Northern Districts
ODI World Cup,2019,New Zealand,Tom Blundell (wk),1 September 1990,Right-handed,Right-arm off break,Wellington Firebirds
ODI World Cup,2019,New Zealand,"Tom Latham (vc, wk)",2 April 1992,Left-handed,Right-arm medium,Canterbury
ODI World Cup,2019,New Zealand,Trent Boult,22 July 1989,Right-handed,Left-arm fast-medium,Northern Districts
ODI World Cup,2019,Pakistan,Abid Ali,16 October 1987,Right-handed,Right-arm leg spin,Khyber Pakhtunkhwa
ODI World Cup,2019,Pakistan,Asif Ali,1 October 1991,Right-handed,Right-arm medium-fast,Sindh
ODI World Cup,2019,Pakistan,Babar Azam (vc),15 October 1994,Right-handed,Right-arm off spin,Islamabad
ODI World Cup,2019,Pakistan,Faheem Ashraf,16 January 1994,Left-handed,Right-arm fast-medium,Faisalabad
ODI World Cup,2019,Pakistan,Fakhar Zaman,10 April 1990,Left-handed,Left-arm orthodox,Federally Administered Tribal Areas
ODI World Cup,2019,Pakistan,Haris Sohail,15 October 1989,Left-handed,Left-arm orthodox,Federal Areas
ODI World Cup,2019,Pakistan,Hasan Ali,7 February 1994,Right-handed,Right-arm fast medium,Islamabad
ODI World Cup,2019,Pakistan,Imad Wasim,18 December 1988,Left-handed,Left-arm orthodox,Islamabad
ODI World Cup,2019,Pakistan,Imam-ul-Haq,12 December 1995,Left-handed,Right-arm leg spin,Habib Bank
ODI World Cup,2019,Pakistan,Junaid Khan,24 December 1989,Right-handed,Left-arm fast,Sindh
ODI World Cup,2019,Pakistan,Mohammad Amir,13 April 1992,Left-handed,Left-arm fast,Sui Southern Gas Company
ODI World Cup,2019,Pakistan,Mohammad Hafeez,17 October 1980,Right-handed,Right-arm off spin,Sui Northern Gas Pipelines
ODI World Cup,2019,Pakistan,Mohammad Hasnain,5 April 2000,Right-handed,Right-arm fast-medium,Sindh
ODI World Cup,2019,Pakistan,"Sarfaraz Ahmed (c, wk)",22 May 1987,Right-handed,Right-arm off spin,Sindh
ODI World Cup,2019,Pakistan,Shadab Khan,4 October 1998,Right-handed,Right-arm leg spin,Khyber Pakhtunkhwa
ODI World Cup,2019,Pakistan,Shaheen Afridi,6 April 2000,Left-handed,Left-arm fast,Baluchistan
ODI World Cup,2019,Pakistan,Shoaib Malik,1 February 1982,Right-handed,Right-arm off spin,Punjab
ODI World Cup,2019,Pakistan,Wahab Riaz,28 June 1985,Right-handed,Left-arm fast,Khyber Pakhtunkhwa
ODI World Cup,2019,South Africa,Aiden Markram,4 October 1994,Right-handed,Right-arm off spin,Titans
ODI World Cup,2019,South Africa,Andile Phehlukwayo,3 March 1996,Left-handed,Right-arm fast-medium,Dolphins
ODI World Cup,2019,South Africa,Anrich Nortje,16 November 1993,Right-handed,Right-arm fast,Warriors
ODI World Cup,2019,South Africa,Chris Morris,30 April 1987,Right-handed,Right-arm fast-medium,Titans
ODI World Cup,2019,South Africa,Dale Steyn,27 June 1983,Right-handed,Right-arm fast,Titans
ODI World Cup,2019,South Africa,David Miller,10 June 1989,Left-handed,Right-arm off spin,Dolphins
ODI World Cup,2019,South Africa,Dwaine Pretorius,29 March 1989,Right-handed,Right-arm fast-medium,Lions
ODI World Cup,2019,South Africa,Faf du Plessis (c),13 July 1984,Right-handed,Right-arm leg spin,Titans
ODI World Cup,2019,South Africa,Hashim Amla,31 March 1983,Right-handed,Right-arm off spin,Cape Cobras
ODI World Cup,2019,South Africa,Imran Tahir,27 March 1979,Right-handed,Right-arm leg spin,Dolphins
ODI World Cup,2019,South Africa,JP Duminy,14 April 1984,Left-handed,Right-arm off spin,Cape Cobras
ODI World Cup,2019,South Africa,Kagiso Rabada,25 May 1995,Left-handed,Right-arm fast,Lions
ODI World Cup,2019,South Africa,Lungi Ngidi,29 March 1996,Right-handed,Right-arm fast,Titans
ODI World Cup,2019,South Africa,"Quinton de Kock (vc, wk)",17 December 1992,Left-handed,Left-arm orthodox,Titans
ODI World Cup,2019,South Africa,Rassie van der Dussen,7 February 1989,Right-handed,Right-arm leg spin,Lions
ODI World Cup,2019,South Africa,Tabraiz Shamsi,18 February 1990,Right-handed,Left-arm wrist spin,Titans
ODI World Cup,2019,Sri Lanka,Angelo Mathews,2 June 1987,Right-handed,Right-arm fast-medium,Colts
ODI World Cup,2019,Sri Lanka,Avishka Fernando,5 April 1998,Right-handed,Right-arm medium,Colts
ODI World Cup,2019,Sri Lanka,Dhananjaya de Silva (vc),6 September 1991,Right-handed,Right-arm off spin,Tamil Union
ODI World Cup,2019,Sri Lanka,Dimuth Karunaratne (c),21 April 1988,Left-handed,Right-arm medium,Sinhalese
ODI World Cup,2019,Sri Lanka,Isuru Udana,17 February 1988,Right-handed,Left-arm fast-medium,Chilaw Marians
ODI World Cup,2019,Sri Lanka,Jeevan Mendis,15 January 1983,Left-handed,Right-arm leg spin,Tamil Union
ODI World Cup,2019,Sri Lanka,Jeffrey Vandersay,5 February 1990,Right-handed,Right-arm leg spin,Sinhalese
ODI World Cup,2019,Sri Lanka,Kusal Mendis,2 February 1995,Right-handed,Right-arm leg spin,Colombo
ODI World Cup,2019,Sri Lanka,Kusal Perera (wk),17 August 1990,Left-handed,Right-arm medium,Colts
ODI World Cup,2019,Sri Lanka,Lahiru Thirimanne,9 August 1989,Left-handed,Right-arm medium,Ragama
ODI World Cup,2019,Sri Lanka,Lasith Malinga,28 August 1983,Right-handed,Right-arm fast,Nondescripts
ODI World Cup,2019,Sri Lanka,Milinda Siriwardana,4 December 1985,Left-handed,Left-arm orthodox,Chilaw Marians
ODI World Cup,2019,Sri Lanka,Nuwan Pradeep,19 October 1986,Right-handed,Right-arm fast-medium,Sinhalese
ODI World Cup,2019,Sri Lanka,Suranga Lakmal,10 March 1987,Right-handed,Right-arm fast-medium,Tamil Union
ODI World Cup,2019,Sri Lanka,Thisara Perera,3 April 1989,Left-handed,Right-arm medium,Sinhalese
ODI World Cup,2019,West Indies,Andre Russell,29 April 1988,Right-handed,Right-arm fast,Jamaica
ODI World Cup,2019,West Indies,Ashley Nurse,22 December 1988,Right-handed,Right-arm off spin,Barbados
ODI World Cup,2019,West Indies,Carlos Brathwaite,18 July 1988,Right-handed,Right-arm medium,Barbados
ODI World Cup,2019,West Indies,Chris Gayle (vc),21 September 1979,Left-handed,Right-arm off spin,Jamaica
ODI World Cup,2019,West Indies,Darren Bravo,6 February 1989,Left-handed,Right-arm medium,Trinidad and Tobago
ODI World Cup,2019,West Indies,Evin Lewis,27 December 1991,Left-handed,Right-arm medium,Trinidad and Tobago
ODI World Cup,2019,West Indies,Fabian Allen,7 May 1995,Right-handed,Left-arm orthodox,Jamaica
ODI World Cup,2019,West Indies,Jason Holder (c),5 November 1991,Right-handed,Right-arm medium,Barbados
ODI World Cup,2019,West Indies,Kemar Roach,30 June 1988,Right-handed,Right-arm fast-medium,Barbados
ODI World Cup,2019,West Indies,Nicholas Pooran (wk),2 October 1995,Left-handed,-,Trinidad and Tobago
ODI World Cup,2019,West Indies,Oshane Thomas,18 February 1997,Left-handed,Right-arm fast,Jamaica
ODI World Cup,2019,West Indies,Shai Hope (wk),10 November 1993,Right-handed,Left-arm medium,Barbados
ODI World Cup,2019,West Indies,Shannon Gabriel,28 April 1988,Right-handed,Right-arm fast,Trinidad and Tobago
ODI World Cup,2019,West Indies,Sheldon Cottrell,19 August 1989,Right-handed,Left-arm fast-medium,Jamaica
ODI World Cup,2019,West Indies,Shimron Hetmyer,26 December 1996,Left-handed,Right-arm leg spin,Guyana
ODI World Cup,2023,Afghanistan,Abdul Rahman,22 November 2001,Right-handed,Right-arm medium-fast,Band-e-Amir Dragons
ODI World Cup,2023,Afghanistan,Azmatullah Omarzai,24 March 2000,Right-handed,Right-arm medium-fast,Mis Ainak Knights
ODI World Cup,2023,Afghanistan,Fazalhaq Farooqi,22 September 2000,Right-handed,Left-arm fast-medium,Kabul Eagles
ODI World Cup,2023,Afghanistan,Hashmatullah Shahidi (c),4 November 1994,Left-handed,Right-arm off break,Band-e-Amir Region
ODI World Cup,2023,Afghanistan,Ibrahim Zadran,12 December 2001,Right-handed,Right-arm medium-fast,Boost Defenders
ODI World Cup,2023,Afghanistan,Ikram Alikhil,28 November 2000,Left-handed,Wicket-keeper,Speenghar Tigers
ODI World Cup,2023,Afghanistan,Mohammad Nabi,1 January 1985,Right-handed,Right-arm off spin,Band-e-Amir Dragons
ODI World Cup,2023,Afghanistan,Mujeeb Ur Rahman,28 March 2001,Right-handed,Right-arm off break,Speenghar Tigers
ODI World Cup,2023,Afghanistan,Najibullah Zadran,18 February 1993,Left-handed,Right-arm off break,Boost Defenders
ODI World Cup,2023,Afghanistan,Naveen-ul-Haq,23 September 1999,Right-handed,Right-arm medium-fast,Kabul Eagles
ODI World Cup,2023,Afghanistan,Noor Ahmad,3 January 2005,Right-handed,Left-arm unorthodox spin,Mis Ainak Knights
ODI World Cup,2023,Afghanistan,Rahmanullah Gurbaz (wk),28 November 2001,Right-handed,Wicket-keeper,Kabul Eagles
ODI World Cup,2023,Afghanistan,Rahmat Shah,6 July 1993,Right-handed,Right-arm leg break,Mis Ainak Knights
ODI World Cup,2023,Afghanistan,Rashid Khan,20 September 1998,Right-handed,Right-arm leg spin,Speenghar Tigers
ODI World Cup,2023,Afghanistan,Riaz Hassan,7 November 2002,Right-handed,-,Speenghar Tigers
ODI World Cup,2023,Australia,Adam Zampa,31 March 1992,Right-handed,Right-arm leg-break,New South Wales
ODI World Cup,2023,Australia,Alex Carey (wk),27 August 1991,Left-handed,Wicket-keeper,South Australia
ODI World Cup,2023,Australia,Ashton Agar,14 October 1993,Left-handed,Slow left-arm orthodox,Western Australia
ODI World Cup,2023,Australia,Cameron Green,3 June 1999,Right-handed,Right-arm fast-medium,Western Australia
ODI World Cup,2023,Australia,David Warner,27 October 1986,Left-handed,Right-arm leg-break,New South Wales
ODI World Cup,2023,Australia,Glenn Maxwell,14 October 1988,Right-handed,Right-arm off-break,Victoria
ODI World Cup,2023,Australia,Josh Hazlewood,8 January 1991,Left-handed,Right-arm fast-medium,New South Wales
ODI World Cup,2023,Australia,Josh Inglis (wk),10 June 1995,Right-handed,Wicket-keeper,Western Australia
ODI World Cup,2023,Australia,Marcus Stoinis,16 August 1989,Right-handed,Right-arm fast-medium,Western Australia
ODI World Cup,2023,Australia,Marnus Labuschagne,22 May 1994,Right-handed,Right-arm leg spin,Queensland
ODI World Cup,2023,Australia,Mitchell Marsh,20 October 1991,Right-handed,Right-arm fast-medium,Western Australia
ODI World Cup,2023,Australia,Mitchell Starc,30 January 1990,Left-handed,Left-arm fast,New South Wales
ODI World Cup,2023,Australia,Pat Cummins (c),8 May 1993,Right-handed,Right-arm fast,New South Wales
ODI World Cup,2023,Australia,Sean Abbott,29 February 1992,Right-handed,Right-arm fast-medium,New South Wales
ODI World Cup,2023,Australia,Steve Smith,2 June 1989,Right-handed,Right-arm leg spin,New South Wales
ODI World Cup,2023,Australia,Travis Head,29 December 1993,Left-handed,Right-arm off-break,South Australia
ODI World Cup,2023,Bangladesh,Anamul Haque,16 December 1992,Right-handed,Right-arm medium-fast,Prime Bank
ODI World Cup,2023,Bangladesh,Hasan Mahmud,12 October 1999,Right-handed,Right-arm fast-medium,KSKS
ODI World Cup,2023,Bangladesh,Litton Das,13 October 1994,Right-handed,Right-arm off spin,Mohammedan Sporting
ODI World Cup,2023,Bangladesh,Mahedi Hasan,12 December 1994,Right-handed,Right-arm off spin,Gazi Group Cricketers
ODI World Cup,2023,Bangladesh,Mahmudullah,4 February 1986,Right-handed,Right-arm off spin,Abahani Limited
ODI World Cup,2023,Bangladesh,Mehidy Hasan,25 October 1997,Right-handed,Right-arm off spin,Kalabagan
ODI World Cup,2023,Bangladesh,Mushfiqur Rahim (wk),9 May 1987,Right-handed,Right-arm medium,Legends of Rupganj
ODI World Cup,2023,Bangladesh,Mustafizur Rahman,6 September 1995,Left-handed,Left-arm fast-medium,Abahani Limited
ODI World Cup,2023,Bangladesh,Najmul Hossain Shanto (vc),25 August 1998,Left-handed,Right-arm off spin,Kalabagan
ODI World Cup,2023,Bangladesh,Nasum Ahmed,5 December 1994,Left-handed,Left-arm orthodox spin,Uttara Sporting Club
ODI World Cup,2023,Bangladesh,Shakib Al Hasan (c),24 March 1987,Left-handed,Slow left-arm orthodox,Abahani Limited
ODI World Cup,2023,Bangladesh,Shoriful Islam,3 June 2001,Left-handed,Left-arm medium-fast,Prime Bank
ODI World Cup,2023,Bangladesh,Tanzid Hasan,1 December 2000,Left-handed,-,Kalabagan
ODI World Cup,2023,Bangladesh,Tanzim Hasan Sakib,20 October 2002,Right-handed,Right-arm medium-fast,BKSP
ODI World Cup,2023,Bangladesh,Taskin Ahmed,5 April 1995,Left-handed,Right-arm fast,Abahani Limited
ODI World Cup,2023,Bangladesh,Towhid Hridoy,4 December 2000,Right-handed,Right-arm off spin,Shinepukur
ODI World Cup,2023,England,Adil Rashid,17 February 1988,Right-handed,Right-arm leg spin,Yorkshire
ODI World Cup,2023,England,Ben Stokes,4 June 1991,Left-handed,Right-arm fast-medium,Durham
ODI World Cup,2023,England,Brydon Carse,31 July 1995,Right-handed,Right-arm fast,Durham
ODI World Cup,2023,England,Chris Woakes,2 March 1989,Right-handed,Right-arm fast-medium,Warwickshire
ODI World Cup,2023,England,David Willey,28 February 1990,Left-handed,Left-arm fast-medium,Northamptonshire
ODI World Cup,2023,England,Dawid Malan,3 September 1987,Left-handed,Right-arm leg spin,Yorkshire
ODI World Cup,2023,England,Gus Atkinson,19 January 1998,Right-handed,Right-arm fast,Surrey
ODI World Cup,2023,England,Harry Brook,22 February 1999,Right-handed,Right-arm medium,Yorkshire
ODI World Cup,2023,England,Joe Root,30 December 1990,Right-handed,Right-arm off spin,Yorkshire
ODI World Cup,2023,England,Jonny Bairstow,26 September 1989,Right-handed,Wicket-keeper,Yorkshire
ODI World Cup,2023,England,"Jos Buttler (c, wk)",8 September 1990,Right-handed,Wicket-keeper,Lancashire
ODI World Cup,2023,England,Liam Livingstone,4 August 1993,Right-handed,Right-arm leg spin,Lancashire
ODI World Cup,2023,England,Mark Wood,11 January 1990,Right-handed,Right-arm fast,Durham
ODI World Cup,2023,England,Moeen Ali (vc),7 June 1987,Left-handed,Right-arm off spin,Warwickshire
ODI World Cup,2023,England,Reece Topley,21 February 1994,Right-handed,Left-arm fast medium,Surrey
ODI World Cup,2023,England,Sam Curran,3 June 1998,Left-handed,Left-arm fast-medium,Surrey
ODI World Cup,2023,India,Axar Patel,20 January 1994,Left-handed,Slow left-arm orthodox,Gujarat
ODI World Cup,2023,India,Hardik Pandya,11 October 1993,Right-handed,Right-arm medium-fast,Baroda
ODI World Cup,2023,India,Ishan Kishan (wk),18 July 1998,Left-handed,Wicket-keeper,Jharkhand
ODI World Cup,2023,India,Jasprit Bumrah,6 December 1993,Right-handed,Right-arm fast,Gujarat
ODI World Cup,2023,India,"K. L. Rahul (vc, wk)",18 April 1992,Right-handed,Right-arm medium,Karnataka
ODI World Cup,2023,India,Kuldeep Yadav,11 December 1994,Right-handed,Left-arm unorthodox spin,Uttar Pradesh
ODI World Cup,2023,India,Mohammed Shami,3 September 1990,Right-handed,Right-arm fast,Bengal
ODI World Cup,2023,India,Mohammed Siraj,13 March 1994,Right-handed,Right-arm fast,Hyderabad
ODI World Cup,2023,India,Prasidh Krishna,19 February 1996,Right-handed,Right-arm fast-medium,Karnataka
ODI World Cup,2023,India,Ravichandran Ashwin,17 September 1986,Right-handed,Right-arm off spin,Tamil Nadu
ODI World Cup,2023,India,Ravindra Jadeja,6 December 1988,Left-handed,Slow left-arm orthodox,Saurashtra
ODI World Cup,2023,India,Rohit Sharma (c),30 April 1987,Right-handed,Right-arm off spin,Mumbai
ODI World Cup,2023,India,Shardul Thakur,16 December 1991,Right-handed,Right-arm medium,Mumbai
ODI World Cup,2023,India,Shreyas Iyer,6 December 1994,Right-handed,Right-arm leg spin,Mumbai
ODI World Cup,2023,India,Shubman Gill,8 September 1999,Right-handed,Right-arm off spin,Punjab
ODI World Cup,2023,India,Suryakumar Yadav,14 September 1990,Right-handed,Right-arm off break,Mumbai
ODI World Cup,2023,India,Virat Kohli,5 November 1988,Right-handed,Right-arm medium,Delhi
ODI World Cup,2023,Netherlands,Aryan Dutt,12 May 2003,Right-handed,Right-arm off spin,VRA Amsterdam
ODI World Cup,2023,Netherlands,Bas de Leede,15 November 1999,Right-handed,Right-arm fast medium,Durham
ODI World Cup,2023,Netherlands,Colin Ackermann,4 April 1991,Right-handed,Right-arm off spin,Leicestershire
ODI World Cup,2023,Netherlands,Logan van Beek,7 September 1990,Right-handed,Right-arm medium-fast,Voorburg
ODI World Cup,2023,Netherlands,Max O'Dowd,4 March 1994,Left-handed,Right-arm leg spin,VOC Rotterdam
ODI World Cup,2023,Netherlands,Noah Croes,13 December 1999,Right-handed,-,Voorburg
ODI World Cup,2023,Netherlands,Paul van Meekeren,15 January 1993,Right-handed,Right-arm fast-medium,Gloucestershire
ODI World Cup,2023,Netherlands,Roelof van der Merwe,31 December 1984,Right-handed,Slow left-arm orthodox,Somerset
ODI World Cup,2023,Netherlands,Ryan Klein,15 June 1997,Right-handed,Right-arm medium-fast,Voorburg
ODI World Cup,2023,Netherlands,Saqib Zulfiqar,28 March 1997,Right-handed,Right-arm leg spin,Punjab Rotterdam
ODI World Cup,2023,Netherlands,"Scott Edwards (c, wk)",23 August 1996,Right-handed,Wicket-keeper,VOC Rotterdam
ODI World Cup,2023,Netherlands,Shariz Ahmad,21 April 2003,Left-handed,Right-arm leg spin,Voorburg
ODI World Cup,2023,Netherlands,Sybrand Engelbrecht,15 September 1988,Right-handed,Right-arm off spin,Voorburg
ODI World Cup,2023,Netherlands,Teja Nidamanuru,22 August 1994,Right-handed,Right-arm off spin,VRA Amsterdam
ODI World Cup,2023,Netherlands,Vikramjit Singh,9 January 2003,Right-handed,Right-arm off spin,VRA Amsterdam
ODI World Cup,2023,Netherlands,Wesley Barresi,3 May 1984,Right-handed,Right-arm off spin,HBS Craeyenhout
ODI World Cup,2023,New Zealand,Daryl Mitchell,20 May 1991,Right-handed,Right-arm medium,Canterbury
ODI World Cup,2023,New Zealand,Devon Conway,8 July 1991,Left-handed,Right-arm medium,Wellington
ODI World Cup,2023,New Zealand,Glenn Phillips,6 December 1996,Right-handed,Right-arm off break,Otago
ODI World Cup,2023,New Zealand,Ish Sodhi,31 October 1992,Right-handed,Right-arm leg spin,Northern Districts
ODI World Cup,2023,New Zealand,James Neesham,17 September 1990,Left-handed,Right-arm medium-fast,Wellington
ODI World Cup,2023,New Zealand,Kane Williamson (c),8 August 1990,Right-handed,Right-arm off spin,Northern Districts
ODI World Cup,2023,New Zealand,Kyle Jamieson,30 December 1994,Right-handed,Right-arm fast-medium,Auckland
ODI World Cup,2023,New Zealand,Lockie Ferguson,13 June 1991,Right-handed,Right-arm fast,Auckland
ODI World Cup,2023,New Zealand,Mark Chapman,27 June 1994,Left-handed,Slow left-arm orthodox,Auckland
ODI World Cup,2023,New Zealand,Matt Henry,14 December 1991,Right-handed,Right-arm fast-medium,Canterbury
ODI World Cup,2023,New Zealand,Mitchell Santner,5 February 1992,Left-handed,Left-arm orthodox,Northern Districts
ODI World Cup,2023,New Zealand,Rachin Ravindra,18 November 1999,Left-handed,Slow left-arm orthodox,Wellington
ODI World Cup,2023,New Zealand,Tim Southee,11 December 1988,Right-handed,Right-arm fast-medium,Northern Districts
ODI World Cup,2023,New Zealand,"Tom Latham (vc, wk)",2 April 1992,Right-handed,Right-arm medium,Canterbury
ODI World Cup,2023,New Zealand,Trent Boult,22 July 1989,Right-handed,Left-arm fast-medium,Northern Districts
ODI World Cup,2023,New Zealand,Will Young,22 November 1992,Right-handed,Right-arm off break,Central Districts
ODI World Cup,2023,Pakistan,Abdullah Shafique,23 November 1999,Right-handed,Right-arm off spin,Balochistan
ODI World Cup,2023,Pakistan,Babar Azam (c),15 October 1994,Right-handed,Right-arm off spin,Islamabad
ODI World Cup,2023,Pakistan,Fakhar Zaman,10 April 1990,Left-handed,Slow left-arm orthodox,Khyber Pakhtunkhwa
ODI World Cup,2023,Pakistan,Haris Rauf,7 November 1993,Right-handed,Right-arm fast,Balochistan
ODI World Cup,2023,Pakistan,Hasan Ali,7 February 1994,Right-handed,Right-arm fast-medium,Central Punjab
ODI World Cup,2023,Pakistan,Iftikhar Ahmed,3 September 1990,Right-handed,Right-arm off spin,Khyber Pakhtunkhwa
ODI World Cup,2023,Pakistan,Imam-ul-Haq,22 December 1995,Left-handed,Right-arm leg spin,Balochistan
ODI World Cup,2023,Pakistan,Mohammad Nawaz,21 March 1994,Left-handed,Slow left-arm orthodox,Northern
ODI World Cup,2023,Pakistan,Mohammad Rizwan (wk),1 June 1992,Right-handed,Right-arm medium,Khyber Pakhtunkhwa
ODI World Cup,2023,Pakistan,Mohammad Wasim Jr.,25 August 2001,Right-handed,Right-arm fast-medium,Khyber Pakhtunkhwa
ODI World Cup,2023,Pakistan,Salman Ali Agha,23 November 1993,Right-handed,Right-arm off spin,Southern Punjab
ODI World Cup,2023,Pakistan,Saud Shakeel,5 September 1995,Left-handed,Left-arm orthodox spin,Sindh
ODI World Cup,2023,Pakistan,Shadab Khan (vc),4 October 1998,Right-handed,Right-arm leg spin,Khyber Pakhtunkhwa
ODI World Cup,2023,Pakistan,Shaheen Afridi,6 April 2000,Left-handed,Left-arm fast,Balochistan
ODI World Cup,2023,Pakistan,Usama Mir,23 December 1995,Right-handed,Right-arm leg spin,Central Punjab
ODI World Cup,2023,South Africa,Aiden Markram,4 October 1994,Right-handed,Right-arm off spin,Titans
ODI World Cup,2023,South Africa,Andile Phehlukwayo,3 March 1996,Left-handed,Right-arm medium-fast,Dolphins
ODI World Cup,2023,South Africa,Anrich Nortje,16 November 1993,Right-handed,Right-arm fast,Warriors
ODI World Cup,2023,South Africa,David Miller,10 June 1989,Left-handed,Right-arm off spin,Dolphins
ODI World Cup,2023,South Africa,Gerald Coetzee,2 October 2000,Right-handed,Right-arm fast,Knights
ODI World Cup,2023,South Africa,Heinrich Klaasen (wk),30 July 1991,Right-handed,Right-arm off spin,Titans
ODI World Cup,2023,South Africa,Kagiso Rabada,25 May 1995,Left-handed,Right-arm fast,Lions
ODI World Cup,2023,South Africa,Keshav Maharaj (vc),7 February 1990,Right-handed,Slow left-arm orthodox,Dolphins
ODI World Cup,2023,South Africa,Lizaad Williams,1 October 1993,Left-handed,Right-arm medium-fast,Titans
ODI World Cup,2023,South Africa,Lungi Ngidi,29 March 1996,Right-handed,Right-arm fast-medium,Titans
ODI World Cup,2023,South Africa,Marco Jansen,1 May 2000,Right-handed,Left-arm fast-medium,Warriors
ODI World Cup,2023,South Africa,Quinton de Kock (wk),17 December 1992,Left-handed,Wicket-keeper,Titans
ODI World Cup,2023,South Africa,Rassie van der Dussen,7 February 1989,Right-handed,Right-arm leg spin,Lions
ODI World Cup,2023,South Africa,Reeza Hendricks,14 August 1989,Right-handed,Right-arm off break,Lions
ODI World Cup,2023,South Africa,Sisanda Magala,7 January 1991,Right-handed,Right-arm fast-medium,Lions
ODI World Cup,2023,South Africa,Tabraiz Shamsi,18 February 1990,Right-handed,Left-arm wrist spin,Titans
ODI World Cup,2023,South Africa,Temba Bavuma (c),17 May 1990,Right-handed,Right-arm medium,Lions
ODI World Cup,2023,Sri Lanka,Angelo Mathews,2 June 1987,Right-handed,Right-arm medium,Colts
ODI World Cup,2023,Sri Lanka,Chamika Karunaratne,29 May 1996,Right-handed,Right-arm medium-fast,Nondescripts
ODI World Cup,2023,Sri Lanka,Charith Asalanka,29 June 1997,Left-handed,Right-arm off spin,Galle
ODI World Cup,2023,Sri Lanka,Dasun Shanaka (c),9 September 1991,Right-handed,Right-arm medium,Sinhalese
ODI World Cup,2023,Sri Lanka,Dhananjaya de Silva,6 September 1991,Left-handed,Right-arm medium,Tamil Union
ODI World Cup,2023,Sri Lanka,Dilshan Madushanka,18 September 2000,Right-handed,Left-arm fast-medium,Colts
ODI World Cup,2023,Sri Lanka,Dimuth Karunaratne,21 April 1988,Right-handed,Right-arm off spin,Sinhalese
ODI World Cup,2023,Sri Lanka,Dunith Wellalage,9 January 2003,Left-handed,Slow left-arm orthodox,Colts
ODI World Cup,2023,Sri Lanka,Dushan Hemantha,24 May 1994,Right-handed,Right-arm leg spin,Badureliya
ODI World Cup,2023,Sri Lanka,Dushmantha Chameera,11 January 1992,Right-handed,Right-arm fast,Nondescripts
ODI World Cup,2023,Sri Lanka,Kasun Rajitha,1 June 1993,Right-handed,Right-arm medium-fast,Badureliya
ODI World Cup,2023,Sri Lanka,"Kusal Mendis (vc, wk)",2 February 1995,Right-handed,Right-arm leg spin,Bloomfield
ODI World Cup,2023,Sri Lanka,Kusal Perera,17 August 1990,Left-handed,Left-arm medium,Colts
ODI World Cup,2023,Sri Lanka,Lahiru Kumara,13 February 1997,Left-handed,Right-arm fast,Nondescripts
ODI World Cup,2023,Sri Lanka,Maheesh Theekshana,1 August 2000,Right-handed,Right-arm off spin,Colts
ODI World Cup,2023,Sri Lanka,Matheesha Pathirana,18 December 2002,Right-handed,Right-arm fast,Nondescripts
ODI World Cup,2023,Sri Lanka,Pathum Nissanka,18 May 1998,Right-handed,-,Nondescripts
ODI World Cup,2023,Sri Lanka,Sadeera Samarawickrama,30 June 1995,Right-handed,Wicket-keeper,Tamil Union
